DREAM BOAT,10月03日（土）,17,8,"[""1-2-3"",""1-2-4"",""1-2-6"",""1-3-2"",""1-3-4"",""1-3-6"",""1-4-2"",""1-4-3""]"
DREAM BOAT,10月03日（土）,03,9,"[""1-2-3"",""1-2-6"",""1-3-2"",""1-3-5"",""1-3-6"",""1-6-3"",""3-1-2"",""3-1-6""]"
DREAM BOAT,10月03日（土）,02,1,"[""2-1-4"",""2-1-5"",""2-1-6"",""2-4-1"",""2-4-6"",""2-5-1"",""2-5-6"",""2-6-1""]"
DREAM BOAT,10月03日（土）,22,1,"[""1-2-3"",""1-2-5"",""1-2-6"",""1-3-2"",""1-3-6"",""2-1-3"",""2-1-5"",""2-1-6""]"
DREAM BOAT,10月02日（金）,02,7,"[""1-2-4"",""1-2-6"",""1-3-6"",""1-4-2"",""1-4-6"",""1-6-2"",""1-6-3"",""1-6-4""]"
DREAM BOAT,10月02日（金）,21,1,"[""1-2-3"",""1-2-4"",""1-2-5"",""1-3-2"",""1-3-4"",""1-3-5"",""1-4-2"",""1-4-3""]"
DREAM BOAT,10月02日（金）,15,2,"[""1-3-6"",""1-4-3"",""1-4-5"",""1-4-6"",""1-5-6"",""1-6-3"",""1-6-4"",""1-6-5""]"
DREAM BOAT,10月02日（金）,05,1,"[""2-1-3"",""2-1-4"",""2-1-5"",""2-1-6"",""1-2-3"",""1-2-4"",""1-2-5"",""1-2-6""]"
DREAM BOAT,10月01日（木）,22,8,"[""1-2-3"",""1-2-4"",""1-3-2"",""1-3-4"",""1-3-5"",""1-4-2"",""1-4-3"",""1-4-5""]"
DREAM BOAT,10月01日（木）,21,1,"[""1-2-3"",""1-2-4"",""1-2-5"",""1-3-4"",""1-4-2"",""1-4-3"",""1-4-5"",""2-1-4""]"
DREAM BOAT,10月01日（木）,05,1,"[""2-1-6"",""2-5-6"",""2-6-1"",""2-6-3"",""2-6-5"",""1-2-5"",""1-2-6"",""1-6-2""]"
DREAM BOAT,10月01日（木）,20,4,"[""4-1-2"",""4-1-5"",""4-1-6"",""4-2-1"",""4-5-1"",""1-4-2"",""1-4-5"",""1-4-6""]"
DREAM BOAT,09月30日（水）,17,9,"[""1-3-4"",""1-4-3"",""1-4-5"",""1-4-6"",""1-5-4"",""1-5-6"",""1-6-4"",""1-6-5""]"
DREAM BOAT,09月30日（水）,22,1,"[""1-4-2"",""1-4-3"",""1-4-5"",""1-4-6"",""1-5-4"",""1-6-4"",""4-1-5"",""4-1-6""]"
DREAM BOAT,09月30日（水）,12,2,"[""1-2-3"",""1-2-4"",""1-2-5"",""1-3-2"",""1-3-4"",""1-3-5"",""1-5-2"",""1-5-3""]"
DREAM BOAT,09月30日（水）,15,5,"[""1-2-3"",""1-2-5"",""1-3-2"",""1-3-5"",""1-5-2"",""1-5-3"",""2-1-5"",""5-1-2""]"
DREAM BOAT,09月29日（火）,21,1,"[""1-2-3"",""1-3-2"",""1-3-4"",""1-3-6"",""1-6-3"",""3-1-2"",""3-1-6"",""3-2-1""]"
DREAM BOAT,09月29日（火）,06,8,"[""1-2-3"",""1-2-4"",""1-3-2"",""1-3-4"",""1-3-6"",""1-4-2"",""1-4-3"",""1-4-6""]"
DREAM BOAT,09月29日（火）,09,1,"[""1-2-3"",""1-2-4"",""1-2-5"",""1-3-2"",""2-1-3"",""2-3-1"",""3-1-2"",""3-2-1""]"
DREAM BOAT,09月29日（火）,06,1,"[""1-2-3"",""1-2-4"",""1-2-5"",""1-3-2"",""1-3-4"",""2-1-3"",""2-1-4"",""2-1-5""]"
DREAM BOAT,09月28日（月）,23,1,"[""1-2-3"",""1-2-4"",""1-2-5"",""1-2-6"",""1-3-2"",""1-4-2"",""2-1-3"",""2-1-4""]"
DREAM BOAT,09月28日（月）,23,1,"[""1-2-3"",""1-2-4"",""1-2-5"",""1-3-2"",""1-3-4"",""1-4-2"",""1-4-3"",""1-4-5""]"
DREAM BOAT,09月28日（月）,06,1,"[""1-2-3"",""1-2-6"",""1-3-2"",""1-3-6"",""1-6-2"",""1-6-3"",""2-1-3"",""2-1-6""]"
DREAM BOAT,09月28日（月）,24,4,"[""3-1-2"",""3-1-6"",""3-2-1"",""3-2-6"",""2-1-3"",""2-3-1"",""1-2-3"",""1-3-2""]"
DREAM BOAT,09月27日（日）,17,8,"[""1-2-3"",""1-2-4"",""1-2-5"",""1-4-2"",""2-1-3"",""2-1-4"",""2-4-1"",""4-1-2""]"
DREAM BOAT,09月27日（日）,03,9,"[""2-1-4"",""2-1-5"",""2-1-6"",""2-4-1"",""2-6-1"",""1-2-4"",""1-2-6"",""1-6-2""]"
DREAM BOAT,09月27日（日）,17,1,"[""1-2-6"",""1-3-4"",""1-3-6"",""1-4-3"",""1-4-6"",""1-6-2"",""1-6-3"",""1-6-4""]"
DREAM BOAT,09月27日（日）,11,1,"[""1-2-4"",""1-2-6"",""1-4-2"",""1-4-3"",""1-4-5"",""1-4-6"",""1-6-4"",""4-1-6""]"
DREAM BOAT,09月26日（土）,17,8,"[""1-2-3"",""1-2-4"",""1-3-2"",""1-3-4"",""1-4-2"",""2-1-3"",""2-3-1"",""3-1-2""]"
DREAM BOAT,09月26日（土）,23,1,"[""1-2-3"",""1-2-4"",""1-3-2"",""1-3-4"",""1-3-5"",""1-4-2"",""1-4-3"",""1-4-5""]"
DREAM BOAT,09月26日（土）,24,2,"[""1-2-3"",""1-2-4"",""1-2-6"",""1-4-2"",""2-1-6"",""4-1-2"",""4-1-6"",""4-2-1""]"
DREAM BOAT,09月26日（土）,02,1,"[""1-2-3"",""1-2-4"",""1-2-5"",""1-3-2"",""1-3-4"",""1-3-5"",""1-4-2"",""1-4-3""]"
DREAM BOAT,09月25日（金）,02,1,"[""1-2-4"",""1-4-2"",""1-4-5"",""1-4-6"",""4-1-2"",""4-1-5"",""4-1-6"",""1-5-4""]"
DREAM BOAT,09月25日（金）,17,1,"[""1-2-3"",""1-2-4"",""1-2-5"",""1-2-6"",""1-4-2"",""1-4-3"",""1-4-5"",""1-4-6""]"
DREAM BOAT,09月25日（金）,18,8,"[""1-3-4"",""1-3-5"",""1-3-6"",""1-4-3"",""1-4-6"",""1-6-3"",""1-6-4"",""1-6-5""]"
DREAM BOAT,09月25日（金）,04,9,"[""1-2-3"",""1-2-5"",""1-3-2"",""1-3-5"",""1-5-2"",""1-5-3"",""1-4-6"",""3-2-5""]"
DREAM BOAT,09月24日（木）,14,1,"[""1-2-4"",""1-4-2"",""1-4-3"",""1-4-5"",""1-4-6"",""4-1-2"",""4-1-5"",""4-2-1""]"
DREAM BOAT,09月24日（木）,23,1,"[""1-2-5"",""1-3-5"",""1-5-2"",""1-5-3"",""1-5-6"",""1-6-5"",""2-1-5"",""3-1-5""]"
DREAM BOAT,09月24日（木）,15,2,"[""1-2-3"",""1-2-4"",""1-2-5"",""1-3-2"",""1-4-2"",""1-5-2"",""2-1-4"",""2-1-5""]"
DREAM BOAT,09月24日（木）,05,1,"[""1-2-3"",""1-2-4"",""1-2-5"",""1-3-2"",""1-3-4"",""1-3-5"",""1-4-2"",""1-4-3""]"
DREAM BOAT,09月23日（水）,06,6,"[""1-2-4"",""1-2-6"",""1-4-2"",""1-4-6"",""1-6-2"",""1-6-4"",""2-1-4"",""2-1-6""]"
DREAM BOAT,09月23日（水）,05,9,"[""1-3-4"",""1-3-5"",""1-4-2"",""1-4-3"",""1-4-5"",""1-4-6"",""3-1-4"",""4-1-3""]"
DREAM BOAT,09月23日（水）,01,2,"[""2-3-1"",""2-3-5"",""2-5-1"",""2-5-3"",""3-2-5"",""3-5-2"",""5-2-3"",""5-3-2""]"
DREAM BOAT,09月23日（水）,01,4,"[""1-2-3"",""1-2-4"",""1-3-2"",""1-3-4"",""1-4-2"",""1-4-3"",""2-1-4"",""3-1-4""]"
DREAM BOAT,09月23日（水）,07,2,"[""1-2-3""]"
DREAM BOAT,09月22日（火）,09,8,"[""1-2-3"",""1-2-4"",""1-2-5"",""1-3-2"",""1-3-4"",""1-3-5"",""1-4-2"",""1-4-3""]"
DREAM BOAT,09月22日（火）,21,1,"[""1-2-3"",""1-2-5"",""1-3-2"",""1-3-5"",""1-5-2"",""1-5-3"",""2-1-3"",""2-1-5""]"
DREAM BOAT,09月22日（火）,02,1,"[""1-2-3"",""1-2-4"",""1-2-5"",""1-2-6"",""1-4-2"",""2-1-4"",""2-1-5"",""2-1-6""]"
DREAM BOAT,09月22日（火）,05,1,"[""1-2-3"",""1-3-2"",""1-3-4"",""1-3-5"",""1-3-6"",""1-4-3"",""1-5-3"",""1-6-3""]"
DREAM BOAT,09月21日（月）,21,1,"[""1-2-3"",""1-2-4"",""1-2-5"",""1-2-6"",""1-3-2"",""1-3-4"",""1-4-2"",""1-4-3""]"
DREAM BOAT,09月21日（月）,05,9,"[""1-4-2"",""1-4-3"",""1-4-5"",""1-4-6"",""1-2-3"",""1-2-4"",""1-3-2"",""1-3-4""]"
DREAM BOAT,09月21日（月）,16,1,"[""1-2-3"",""1-2-4"",""1-2-5"",""1-2-6"",""1-3-2"",""1-3-4"",""1-4-2"",""1-4-3""]"
DREAM BOAT,09月21日（月）,09,1,"[""1-2-3"",""1-2-4"",""1-2-5"",""1-3-2"",""1-3-4"",""1-3-5"",""1-4-2"",""1-4-3""]"
DREAM BOAT,09月20日（日）,06,7,"[""1-3-2"",""1-3-4"",""1-3-5"",""1-3-6"",""1-4-2"",""1-4-3"",""1-4-5"",""1-4-6""]"
DREAM BOAT,09月20日（日）,06,8,"[""3-1-4"",""3-1-6"",""3-4-1"",""3-4-6"",""1-3-4"",""1-3-6"",""1-4-3"",""4-1-3""]"
DREAM BOAT,09月20日（日）,02,1,"[""1-2-4"",""1-2-5"",""1-4-2"",""1-4-5"",""1-5-2"",""1-5-4"",""1-5-6"",""5-1-2""]"
DREAM BOAT,09月20日（日）,06,1,"[""1-2-3"",""1-2-4"",""1-2-5"",""1-2-6"",""2-1-4"",""2-1-6"",""1-4-2"",""1-6-2""]"
DREAM BOAT,09月19日（土）,02,7,"[""1-2-4"",""1-3-4"",""1-4-2"",""1-4-3"",""1-4-5"",""1-4-6"",""1-6-4"",""4-1-6""]"
DREAM BOAT,09月19日（土）,05,9,"[""1-2-6"",""1-3-6"",""1-6-2"",""1-6-3"",""1-6-4"",""1-6-5"",""6-1-2"",""6-1-3""]"
DREAM BOAT,09月19日（土）,06,9,"[""2-1-5"",""2-1-6"",""2-5-1"",""2-5-6"",""2-6-1"",""2-6-5"",""1-2-5"",""1-2-6""]"
DREAM BOAT,09月19日（土）,02,1,"[""2-1-3"",""2-1-4"",""2-1-5"",""2-4-1"",""1-2-3"",""1-2-4"",""1-2-5"",""1-4-2""]"
DREAM BOAT,09月18日（金）,21,1,"[""2-1-3"",""2-1-5"",""2-3-1"",""2-3-5"",""2-5-1"",""1-2-3"",""1-2-5"",""1-3-2""]"
DREAM BOAT,09月18日（金）,21,1,"[""1-2-3"",""1-3-2"",""1-3-4"",""1-3-6"",""2-1-3"",""2-3-1"",""3-1-2"",""3-2-1""]"
DREAM BOAT,09月17日（木）,21,1,"[""1-3-2"",""1-3-4"",""1-3-6"",""1-4-3"",""3-1-2"",""3-1-4"",""3-1-6"",""3-4-1""]"
DREAM BOAT,09月17日（木）,03,9,"[""1-2-3"",""1-2-4"",""1-2-5"",""1-4-2"",""2-1-3"",""2-1-4"",""2-1-5"",""2-4-1""]"
DREAM BOAT,09月17日（木）,09,1,"[""1-2-3"",""1-2-4"",""1-4-2"",""1-4-3"",""2-1-3"",""2-1-4"",""2-4-1"",""2-4-3""]"
DREAM BOAT,09月17日（木）,24,3,"[""2-1-3"",""2-3-1"",""2-3-4"",""2-3-5"",""2-3-6"",""2-4-3"",""3-2-1"",""3-2-4""]"
DREAM BOAT,09月16日（水）,10,1,"[""1-2-3"",""1-3-2"",""2-1-3"",""2-3-1"",""3-1-2"",""3-2-1"",""1-2-6"",""1-3-5""]"
DREAM BOAT,09月16日（水）,08,9,"[""1-2-3"",""1-2-6"",""1-3-2"",""1-3-6"",""1-6-2"",""1-6-3"",""3-1-2"",""3-1-6""]"
DREAM BOAT,09月16日（水）,08,1,"[""1-4-2"",""1-4-3"",""1-4-5"",""1-4-6"",""1-2-3"",""1-2-4"",""1-3-2"",""1-3-4""]"
DREAM BOAT,09月16日（水）,19,4,"[""1-2-4"",""1-4-2"",""1-4-3"",""1-4-5"",""4-1-2"",""4-1-3"",""4-1-5"",""4-5-1""]"
DREAM BOAT,09月15日（火）,18,1,"[""1-2-3"",""1-2-4"",""1-2-5"",""1-3-2"",""1-3-4"",""1-4-2"",""1-4-3"",""1-4-5""]"
DREAM BOAT,09月15日（火）,04,9,"[""1-2-3"",""1-3-2"",""1-3-4"",""1-3-5"",""1-3-6"",""3-1-2"",""3-1-5"",""3-1-6""]"
DREAM BOAT,09月15日（火）,04,1,"[""1-2-3"",""1-2-4"",""1-2-6"",""1-3-2"",""1-3-4"",""1-4-2"",""1-4-3"",""2-1-3""]"
DREAM BOAT,09月15日（火）,08,1,"[""1-2-3"",""1-2-4"",""1-2-5"",""1-2-6"",""1-3-2"",""1-4-2"",""2-1-3"",""2-1-4""]"
DREAM BOAT,09月09日（水）,10,1,"[""1-2-3"",""1-2-4"",""1-2-5"",""1-2-6"",""1-3-2"",""1-3-5"",""2-1-3"",""2-1-5""]"
DREAM BOAT,09月09日（水）,24,2,"[""1-2-3"",""1-2-5"",""1-2-6"",""1-3-2"",""1-6-2"",""2-1-3"",""2-1-5"",""2-1-6""]"
DREAM BOAT,09月09日（水）,16,1,"[""1-2-3"",""1-2-4"",""1-2-5"",""1-3-2"",""1-4-2"",""2-1-3"",""2-1-4"",""2-3-1""]"
DREAM BOAT,09月08日（火）,10,1,"[""1-2-3"",""1-2-5"",""1-2-6"",""1-3-2"",""1-6-2"",""2-1-3"",""2-1-5"",""2-1-6""]"
DREAM BOAT,09月08日（火）,10,1,"[""1-2-5"",""1-3-5"",""1-5-2"",""1-5-3"",""1-5-4"",""1-5-6"",""1-6-5"",""2-1-5""]"
DREAM BOAT,09月07日（月）,11,8,"[""1-2-4"",""1-4-2"",""1-4-3"",""1-4-5"",""4-1-2"",""4-1-3"",""4-1-5"",""4-2-1""]"
DREAM BOAT,09月07日（月）,12,2,"[""1-2-3"",""1-2-5"",""1-3-2"",""1-3-4"",""1-3-5"",""1-3-6"",""1-4-3"",""1-5-3""]"
DREAM BOAT,09月07日（月）,09,1,"[""1-2-3"",""1-2-4"",""1-3-2"",""1-3-4"",""1-4-2"",""1-4-3"",""2-1-3"",""2-1-4""]"
DREAM BOAT,09月07日（月）,11,1,"[""1-2-3"",""1-2-4"",""1-2-5"",""1-3-2"",""1-3-4"",""1-3-5"",""1-4-2"",""1-4-3""]"
DREAM BOAT,09月06日（日）,04,7,"[""1-2-5"",""1-2-6"",""1-5-2"",""1-5-3"",""1-5-4"",""1-5-6"",""1-6-2"",""1-6-5""]"
DREAM BOAT,09月06日（日）,17,8,"[""1-2-3"",""1-2-6"",""1-3-2"",""1-3-4"",""1-3-6"",""1-6-2"",""1-6-3"",""1-6-4""]"
DREAM BOAT,09月06日（日）,19,1,"[""1-3-2"",""1-3-4"",""1-3-5"",""1-3-6"",""1-4-2"",""1-4-3"",""1-4-5"",""1-4-6""]"
DREAM BOAT,09月06日（日）,16,1,"[""1-2-3"",""1-2-4"",""1-3-2"",""1-3-4"",""1-3-5"",""1-3-6"",""1-4-2"",""1-4-3""]"
DREAM BOAT,09月05日（土）,18,1,"[""1-2-3"",""1-2-4"",""1-2-5"",""1-3-2"",""1-4-2"",""2-1-3"",""2-1-4"",""2-1-5""]"
DREAM BOAT,09月05日（土）,08,9,"[""1-2-4"",""1-3-4"",""1-3-6"",""1-4-2"",""1-4-3"",""1-4-6"",""1-6-3"",""1-6-4""]"
DREAM BOAT,09月05日（土）,16,1,"[""1-2-3"",""1-2-4"",""1-2-5"",""1-2-6"",""1-4-2"",""1-4-5"",""1-4-6"",""2-1-4""]"
DREAM BOAT,09月05日（土）,14,1,"[""2-1-4"",""2-1-5"",""2-5-1"",""2-5-4"",""1-2-4"",""1-2-5"",""1-4-5"",""1-5-4""]"
DREAM BOAT,09月04日（金）,02,7,"[""1-2-3"",""1-2-6"",""1-3-2"",""1-3-6"",""1-6-2"",""1-6-3"",""2-1-3"",""2-1-6""]"
DREAM BOAT,09月04日（金）,02,9,"[""1-4-2"",""1-4-5"",""1-4-6"",""1-5-4"",""1-5-6"",""4-1-2"",""4-1-5"",""4-1-6""]"
DREAM BOAT,09月04日（金）,02,1,"[""1-2-4"",""1-2-6"",""1-4-2"",""1-4-5"",""1-4-6"",""1-6-4"",""2-1-4"",""2-4-1""]"
DREAM BOAT,09月04日（金）,07,5,"[""2-1-3"",""2-1-4"",""2-3-1"",""2-3-4"",""2-4-1"",""2-4-3"",""1-2-4"",""1-4-2""]"
DREAM BOAT,09月03日（木）,04,7,"[""1-2-5"",""1-2-6"",""1-5-6"",""1-6-2"",""1-6-5"",""6-1-2"",""6-1-5"",""6-2-1""]"
DREAM BOAT,09月03日（木）,18,1,"[""1-2-4"",""1-2-5"",""1-3-4"",""1-3-5"",""1-4-5"",""1-5-2"",""1-5-3"",""1-5-4""]"
DREAM BOAT,09月03日（木）,11,1,"[""2-1-3"",""2-1-5"",""2-1-6"",""2-3-1"",""1-2-3"",""1-2-5"",""1-2-6"",""1-3-2""]"
DREAM BOAT,09月03日（木）,02,1,"[""1-2-4"",""1-2-6"",""1-3-4"",""1-3-6"",""1-4-2"",""1-4-3"",""1-4-6"",""1-6-4""]"
DREAM BOAT,09月01日（火）,13,8,"[""1-2-3"",""1-2-4"",""1-2-5"",""1-2-6"",""1-4-2"",""2-1-3"",""2-1-4"",""2-4-1""]"
DREAM BOAT,09月01日（火）,08,9,"[""2-1-3"",""2-1-4"",""2-3-1"",""2-3-4"",""2-4-3"",""1-2-3"",""1-2-4"",""1-3-2""]"
DREAM BOAT,09月01日（火）,06,1,"[""1-2-3"",""1-2-4"",""1-2-5"",""1-3-5"",""1-4-2"",""1-4-5"",""1-5-2"",""1-5-4""]"
DREAM BOAT,09月01日（火）,04,1,"[""1-2-4"",""1-2-5"",""1-3-4"",""1-3-5"",""1-4-3"",""1-4-5"",""1-5-2"",""1-5-4""]"
DREAM BOAT,08月31日（月）,03,7,"[""1-4-2"",""1-4-5"",""1-4-6"",""4-1-2"",""4-1-5"",""4-1-6"",""4-5-1"",""1-5-4""]"
DREAM BOAT,08月31日（月）,13,1,"[""1-3-4"",""1-3-5"",""1-4-2"",""1-4-3"",""1-4-5"",""1-4-6"",""1-5-3"",""1-5-4""]"
DREAM BOAT,08月31日（月）,01,2,"[""1-2-4"",""1-2-6"",""1-4-2"",""1-4-6"",""1-6-2"",""1-6-4"",""2-1-4"",""2-1-6""]"
DREAM BOAT,08月31日（月）,01,4,"[""1-2-3"",""1-2-6"",""1-3-2"",""1-3-6"",""1-6-2"",""1-6-3"",""6-1-2"",""6-1-3""]"
DREAM BOAT,08月30日（日）,21,1,"[""1-2-3"",""1-2-4"",""1-2-5"",""1-2-6"",""1-3-2"",""2-1-3"",""2-1-4"",""2-1-6""]"
DREAM BOAT,08月30日（日）,21,1,"[""1-2-3"",""1-2-4"",""1-2-5"",""1-3-2"",""1-3-4"",""1-3-5"",""1-4-2"",""1-4-3""]"
DREAM BOAT,08月30日（日）,11,1,"[""1-2-3"",""1-2-5"",""1-3-2"",""1-3-5"",""1-5-2"",""1-5-3"",""2-1-5"",""3-1-5""]"
DREAM BOAT,08月30日（日）,06,1,"[""1-2-3"",""1-3-2"",""1-3-4"",""1-3-5"",""1-3-6"",""1-4-3"",""1-5-3"",""3-1-5""]"
DREAM BOAT,08月29日（土）,10,1,"[""1-2-3"",""1-2-4"",""1-3-2"",""1-3-4"",""1-4-2"",""1-4-3"",""1-4-6"",""2-1-4""]"
DREAM BOAT,08月29日（土）,21,1,"[""1-2-3"",""1-3-2"",""1-3-4"",""1-3-5"",""1-3-6"",""1-4-3"",""1-5-3"",""1-6-3""]"
DREAM BOAT,08月29日（土）,06,1,"[""3-1-5"",""3-1-6"",""3-5-1"",""3-5-6"",""3-6-1"",""3-6-5"",""1-3-5"",""1-3-6""]"
DREAM BOAT,08月29日（土）,05,1,"[""3-1-5"",""3-1-6"",""3-5-1"",""3-5-6"",""3-6-1"",""3-6-5"",""1-3-5"",""1-3-6""]"
DREAM BOAT,08月27日（木）,11,8,"[""2-1-3"",""2-1-4"",""2-3-1"",""2-3-4"",""2-3-5"",""2-4-1"",""2-4-3"",""2-4-5""]"
DREAM BOAT,08月27日（木）,10,1,"[""1-2-5"",""1-3-2"",""1-3-4"",""1-3-5"",""1-5-2"",""1-5-3"",""1-5-4"",""5-1-3""]"
DREAM BOAT,08月27日（木）,16,1,"[""1-2-5"",""1-2-6"",""1-3-5"",""1-3-6"",""1-5-6"",""1-6-2"",""1-6-3"",""1-6-5""]"
DREAM BOAT,08月27日（木）,05,1,"[""2-1-3"",""2-1-4"",""2-1-6"",""2-3-1"",""2-4-1"",""1-2-3"",""1-2-4"",""1-3-2""]"
DREAM BOAT,08月26日（水）,09,8,"[""2-1-4"",""2-3-4"",""2-3-5"",""2-3-6"",""2-4-3"",""2-4-5"",""2-4-6"",""3-2-4""]"
DREAM BOAT,08月26日（水）,10,1,"[""1-3-4"",""1-3-5"",""1-3-6"",""1-4-2"",""1-4-3"",""1-4-5"",""1-4-6"",""3-1-4""]"
DREAM BOAT,08月26日（水）,12,2,"[""1-2-4"",""1-2-5"",""1-4-2"",""1-4-6"",""1-5-2"",""1-5-3"",""1-5-4"",""4-1-5""]"
DREAM BOAT,08月26日（水）,05,1,"[""1-2-3"",""1-2-4"",""1-2-5"",""1-2-6"",""1-3-2"",""1-3-5"",""2-3-5"",""2-3-6""]"
DREAM BOAT,08月25日（火）,14,5,"[""1-2-3"",""1-2-5"",""1-3-2"",""1-3-5"",""1-5-2"",""1-5-3"",""2-1-3"",""3-1-5""]"
DREAM BOAT,08月25日（火）,05,9,"[""1-2-3"",""1-2-4"",""1-2-5"",""1-3-5"",""1-4-5"",""1-5-2"",""1-5-3"",""1-5-4""]"
DREAM BOAT,08月25日（火）,04,8,"[""1-2-3"",""1-3-2"",""1-3-4"",""1-3-5"",""3-1-2"",""3-1-4"",""3-1-5"",""3-2-1""]"
DREAM BOAT,08月25日（火）,04,1,"[""1-2-3"",""1-2-4"",""1-3-2"",""1-3-4"",""1-4-2"",""1-4-3"",""2-1-3"",""3-1-2""]"
DREAM BOAT,08月24日（月）,12,2,"[""2-1-3"",""2-3-1"",""2-3-5"",""2-3-6"",""2-5-3"",""2-6-3"",""2-6-5"",""3-2-6""]"
DREAM BOAT,08月24日（月）,14,1,"[""1-2-3"",""1-2-4"",""1-2-5"",""1-4-2"",""1-4-3"",""1-4-5"",""1-5-2"",""1-5-4""]"
DREAM BOAT,08月24日（月）,18,1,"[""1-2-3"",""1-2-6"",""1-3-2"",""1-6-2"",""2-1-3"",""2-1-6"",""2-3-1"",""2-6-1""]"
DREAM BOAT,08月24日（月）,02,9,"[""1-2-3"",""1-2-4"",""1-3-2"",""1-3-4"",""1-4-2"",""1-4-3"",""2-1-3"",""2-1-4""]"
DREAM BOAT,08月23日（日）,02,7,"[""1-2-5"",""1-3-5"",""1-4-2"",""1-4-3"",""1-4-5"",""1-5-2"",""1-5-3"",""1-5-4""]"
DREAM BOAT,08月23日（日）,17,8,"[""1-2-4"",""1-2-5"",""1-3-4"",""1-3-5"",""1-4-2"",""1-4-3"",""1-4-5"",""1-5-4""]"
DREAM BOAT,08月23日（日）,08,1,"[""1-2-4"",""1-2-5"",""1-4-2"",""2-1-4"",""2-1-5"",""2-4-1"",""4-1-2"",""4-2-1""]"
DREAM BOAT,08月23日（日）,17,1,"[""1-2-3"",""1-2-4"",""1-3-2"",""1-3-4"",""1-3-5"",""1-3-6"",""1-4-3"",""2-1-3""]"
DREAM BOAT,08月22日（土）,02,7,"[""1-2-3"",""1-2-5"",""1-3-2"",""1-3-5"",""1-5-2"",""1-5-3"",""2-1-5"",""5-1-2""]"
DREAM BOAT,08月22日（土）,17,8,"[""1-2-4"",""1-2-6"",""1-4-2"",""1-4-5"",""1-4-6"",""1-6-4"",""2-1-4"",""4-1-2""]"
DREAM BOAT,08月21日（金）,23,1,"[""1-2-3"",""1-2-5"",""1-3-2"",""1-3-5"",""1-5-2"",""1-5-3"",""1-5-6"",""3-1-5""]"
DREAM BOAT,08月21日（金）,10,1,"[""1-2-3"",""1-2-4"",""1-2-5"",""1-2-6"",""1-3-2"",""1-4-2"",""1-5-2"",""2-1-6""]"
DREAM BOAT,08月20日（木）,23,1,"[""1-2-3"",""1-2-4"",""1-2-5"",""1-3-2"",""2-1-3"",""2-1-4"",""2-1-5"",""2-3-1""]"
DREAM BOAT,08月20日（木）,17,9,"[""1-2-3"",""1-2-5"",""1-3-2"",""1-3-5"",""1-5-2"",""1-5-3"",""3-1-2"",""3-1-5""]"
DREAM BOAT,08月19日（水）,08,7,"[""1-2-4"",""1-4-2"",""1-4-3"",""1-4-6"",""2-1-4"",""4-1-2"",""4-1-3"",""4-2-1""]"
DREAM BOAT,08月19日（水）,21,1,"[""1-2-3"",""1-2-4"",""1-2-5"",""1-2-6"",""1-3-2"",""1-4-2"",""1-5-2"",""2-1-4""]"
DREAM BOAT,08月19日（水）,05,1,"[""1-2-3"",""1-2-4"",""1-3-2"",""1-4-2"",""1-4-3"",""2-1-3"",""2-1-4"",""2-4-1""]"
DREAM BOAT,08月19日（水）,11,1,"[""1-3-4"",""1-4-3"",""1-4-5"",""1-4-6"",""1-5-4"",""4-1-3"",""4-1-5"",""4-1-6""]"
DREAM BOAT,08月18日（火）,09,8,"[""3-1-4"",""3-1-6"",""3-4-6"",""3-6-1"",""3-6-2"",""3-6-4"",""1-3-4"",""1-3-6""]"
DREAM BOAT,08月18日（火）,06,8,"[""1-3-2"",""1-3-4"",""1-3-6"",""1-6-2"",""1-6-3"",""1-6-4"",""3-1-4"",""3-1-6""]"
DREAM BOAT,08月17日（月）,08,7,"[""1-2-4"",""1-2-5"",""1-2-6"",""1-4-2"",""1-5-2"",""2-1-4"",""2-1-5"",""2-1-6""]"
DREAM BOAT,08月17日（月）,16,9,"[""4-1-2"",""4-1-3"",""4-1-5"",""4-3-1"",""1-3-4"",""1-4-2"",""1-4-3"",""1-4-5""]"
DREAM BOAT,08月17日（月）,19,2,"[""1-2-6"",""1-4-6"",""1-6-2"",""1-6-3"",""1-6-4"",""1-6-5"",""2-1-6"",""2-4-6""]"
DREAM BOAT,08月17日（月）,01,4,"[""1-2-3"",""1-2-4"",""1-3-2"",""1-3-4"",""1-4-2"",""1-4-3"",""2-1-3"",""2-1-4""]"
DREAM BOAT,08月16日（日）,14,5,"[""1-2-3"",""1-2-4"",""1-2-5"",""1-4-2"",""1-4-5"",""1-5-2"",""1-5-3"",""1-5-4""]"
DREAM BOAT,08月16日（日）,02,8,"[""2-3-1"",""2-3-4"",""2-3-6"",""3-2-1"",""3-2-4"",""3-2-6"",""3-4-2"",""3-4-6""]"
DREAM BOAT,08月15日（土）,17,7,"[""1-2-4"",""1-2-5"",""1-4-2"",""1-4-5"",""1-5-2"",""1-5-4"",""2-1-4"",""4-1-2""]"
DREAM BOAT,08月15日（土）,02,9,"[""1-2-6"",""1-3-6"",""1-6-2"",""1-6-3"",""1-6-5"",""6-1-2"",""6-1-3"",""6-3-1""]"
DREAM BOAT,08月15日（土）,07,2,"[""1-4-5"",""1-4-6"",""1-5-4"",""1-5-6"",""1-6-3"",""1-6-4"",""1-6-5"",""4-1-6""]"
DREAM BOAT,08月15日（土）,16,1,"[""1-2-3"",""1-2-4"",""1-2-5"",""1-2-6"",""1-4-2"",""2-1-3"",""2-1-4"",""2-1-6""]"
DREAM BOAT,08月14日（金）,09,8,"[""2-1-5"",""2-3-4"",""2-3-5"",""2-4-3"",""2-4-5"",""2-5-1"",""2-5-3"",""2-5-4""]"
DREAM BOAT,08月14日（金）,02,9,"[""1-2-3"",""1-2-5"",""1-3-2"",""1-3-4"",""1-3-5"",""1-3-6"",""1-4-3"",""1-5-3""]"
DREAM BOAT,08月14日（金）,02,1,"[""1-2-4"",""1-3-4"",""1-4-2"",""1-4-3"",""1-4-5"",""1-5-4"",""2-1-4"",""3-1-4""]"
DREAM BOAT,08月14日（金）,17,1,"[""1-2-4"",""1-3-4"",""1-4-2"",""1-4-3"",""1-4-5"",""1-4-6"",""1-5-4"",""2-1-4""]"
DREAM BOAT,08月13日（木）,02,7,"[""1-3-5"",""1-5-2"",""1-5-3"",""1-5-4"",""1-5-6"",""1-6-3"",""1-6-5"",""5-1-6""]"
DREAM BOAT,08月13日（木）,14,6,"[""3-1-2"",""3-2-1"",""3-2-4"",""3-2-6"",""3-4-2"",""2-3-1"",""2-3-4"",""2-3-6""]"
DREAM BOAT,08月13日（木）,11,1,"[""1-2-3"",""1-3-2"",""1-3-4"",""1-3-5"",""1-3-6"",""1-5-3"",""3-1-2"",""3-1-5""]"
DREAM BOAT,08月13日（木）,14,1,"[""2-1-5"",""2-3-5"",""2-5-1"",""2-5-3"",""2-5-4"",""2-5-6"",""2-6-4"",""2-6-5""]"
DREAM BOAT,08月12日（水）,02,7,"[""1-4-5"",""1-5-2"",""1-5-3"",""1-5-4"",""1-5-6"",""4-1-5"",""5-1-4"",""5-4-1""]"
DREAM BOAT,08月12日（水）,10,1,"[""1-2-3"",""1-2-4"",""1-2-5"",""1-2-6"",""1-3-2"",""1-4-2"",""2-1-3"",""2-1-4""]"
DREAM BOAT,08月12日（水）,22,9,"[""2-1-4"",""2-1-5"",""2-5-1"",""2-5-3"",""2-5-4"",""1-2-5"",""1-5-2"",""5-2-1""]"
DREAM BOAT,08月12日（水）,02,1,"[""1-2-4"",""1-2-6"",""1-4-2"",""1-4-6"",""1-6-2"",""1-6-4"",""2-1-6"",""2-6-4""]"
DREAM BOAT,08月11日（火）,22,6,"[""1-6-2"",""1-6-3"",""1-6-4"",""6-1-2"",""6-1-3"",""6-1-4"",""6-2-1"",""6-3-1""]"
DREAM BOAT,08月11日（火）,14,6,"[""2-4-6"",""2-6-1"",""2-6-3"",""2-6-4"",""6-2-1"",""6-2-3"",""6-2-4"",""6-4-2""]"
DREAM BOAT,08月11日（火）,08,1,"[""1-2-3"",""1-2-4"",""1-2-5"",""1-2-6"",""1-3-2"",""1-4-2"",""1-5-2"",""1-6-2""]"
DREAM BOAT,08月11日（火）,22,1,"[""1-3-2"",""1-3-4"",""1-3-5"",""1-3-6"",""3-1-2"",""3-1-4"",""3-1-5"",""1-2-3""]"
DREAM BOAT,08月10日（月）,13,8,"[""2-1-4"",""2-1-5"",""2-4-1"",""2-5-1"",""1-2-4"",""1-2-5"",""1-4-2"",""1-5-2""]"
DREAM BOAT,08月10日（月）,16,9,"[""1-2-4"",""1-2-5"",""1-4-2"",""1-4-5"",""1-5-2"",""1-5-4"",""4-1-2"",""4-1-5""]"
DREAM BOAT,08月10日（月）,13,1,"[""1-2-3"",""1-2-5"",""1-2-6"",""1-5-2"",""1-5-6"",""1-6-2"",""2-1-5"",""2-1-6""]"
DREAM BOAT,08月10日（月）,11,1,"[""1-2-4"",""1-3-4"",""1-4-2"",""1-4-3"",""1-4-5"",""1-4-6"",""1-5-4"",""4-1-5""]"
DREAM BOAT,08月09日（日）,21,1,"[""1-2-3"",""1-2-4"",""1-2-5"",""1-2-6"",""1-3-2"",""1-3-4"",""1-4-2"",""1-4-3""]"
DREAM BOAT,08月09日（日）,21,1,"[""1-2-3"",""1-2-4"",""1-2-5"",""1-2-6"",""1-3-2"",""1-3-4"",""1-4-2"",""1-4-3""]"
DREAM BOAT,08月09日（日）,08,1,"[""1-2-5"",""1-3-4"",""1-3-5"",""1-4-3"",""1-4-5"",""1-5-2"",""1-5-3"",""1-5-4""]"
DREAM BOAT,08月09日（日）,11,1,"[""1-2-3"",""1-2-4"",""1-2-5"",""1-3-2"",""1-3-4"",""1-3-5"",""1-4-2"",""1-4-3""]"
DREAM BOAT,08月08日（土）,21,1,"[""3-1-5"",""3-4-5"",""3-5-1"",""3-5-2"",""3-5-4"",""3-5-6"",""1-3-4"",""1-3-5""]"
DREAM BOAT,08月08日（土）,21,1,"[""1-3-2"",""1-3-5"",""1-3-6"",""1-5-3"",""1-5-6"",""3-1-5"",""3-1-6"",""3-5-1""]"
DREAM BOAT,08月08日（土）,24,2,"[""3-1-4"",""3-1-5"",""3-1-6"",""3-5-1"",""3-5-4"",""1-3-4"",""1-3-5"",""1-3-6""]"
DREAM BOAT,08月08日（土）,01,4,"[""1-2-3"",""1-2-6"",""1-3-6"",""1-6-2"",""1-6-3"",""2-1-6"",""2-6-1"",""2-6-3""]"
DREAM BOAT,08月07日（金）,18,1,"[""1-2-3"",""1-2-4"",""1-3-2"",""1-3-4"",""1-4-3"",""3-1-2"",""3-1-4"",""3-2-1""]"
DREAM BOAT,08月07日（金）,21,1,"[""1-2-5"",""1-3-5"",""1-5-2"",""1-5-3"",""1-5-4"",""1-5-6"",""1-6-5"",""5-1-3""]"
DREAM BOAT,08月06日（木）,21,1,"[""2-1-3"",""2-1-4"",""2-3-1"",""2-3-4"",""2-3-5"",""1-2-3"",""1-3-2"",""3-2-1""]"
DREAM BOAT,08月06日（木）,21,1,"[""1-2-4"",""1-2-5"",""1-2-6"",""1-4-2"",""1-4-3"",""1-4-5"",""1-6-4"",""2-1-4""]"
DREAM BOAT,08月06日（木）,14,8,"[""1-3-4"",""1-3-5"",""1-3-6"",""1-4-3"",""1-6-3"",""3-1-4"",""3-1-6"",""3-4-1""]"
DREAM BOAT,08月06日（木）,15,5,"[""1-2-6"",""1-4-6"",""1-5-6"",""1-6-2"",""1-6-4"",""1-6-5"",""6-1-4"",""6-1-5""]"
DREAM BOAT,08月05日（水）,22,5,"[""3-1-2"",""3-2-1"",""3-2-4"",""2-1-3"",""2-3-1"",""2-3-4"",""1-2-3"",""1-3-2""]"
DREAM BOAT,08月05日（水）,22,7,"[""3-1-2"",""3-1-5"",""3-1-6"",""3-2-1"",""3-2-5"",""3-2-6"",""3-5-2"",""2-3-5""]"
DREAM BOAT,08月05日（水）,02,1,"[""1-3-4"",""1-4-3"",""1-4-5"",""1-4-6"",""1-5-4"",""1-6-4"",""4-1-5"",""4-1-6""]"
DREAM BOAT,08月05日（水）,19,4,"[""2-1-5"",""2-5-1"",""2-5-3"",""2-5-6"",""5-1-2"",""5-2-1"",""1-2-5"",""1-5-2""]"
DREAM BOAT,08月04日（火）,08,7,"[""1-2-4"",""1-2-6"",""1-4-2"",""1-4-3"",""1-4-6"",""1-6-2"",""1-6-3"",""1-6-4""]"
DREAM BOAT,08月04日（火）,18,1,"[""3-1-2"",""3-1-4"",""3-1-5"",""3-5-1"",""1-3-2"",""1-3-4"",""1-3-5"",""1-5-3""]"
DREAM BOAT,08月04日（火）,12,2,"[""1-2-3"",""1-2-5"",""1-2-6"",""1-3-6"",""1-5-6"",""1-6-2"",""1-6-3"",""1-6-5""]"
DREAM BOAT,08月04日（火）,01,5,"[""2-1-4"",""2-3-4"",""2-4-1"",""2-4-3"",""3-2-4"",""3-4-2"",""4-2-3"",""4-3-2""]"
DREAM BOAT,08月03日（月）,13,9,"[""1-2-3"",""1-2-4"",""1-3-2"",""1-3-4"",""1-4-2"",""1-4-3"",""1-4-5"",""4-1-2""]"
DREAM BOAT,08月03日（月）,08,9,"[""1-2-6"",""1-3-5"",""1-3-6"",""1-5-3"",""1-5-6"",""1-6-3"",""1-6-5"",""1-4-6""]"
DREAM BOAT,08月03日（月）,08,1,"[""1-2-3"",""1-2-4"",""1-3-2"",""1-3-4"",""1-3-5"",""1-4-2"",""1-4-3"",""3-1-4""]"
DREAM BOAT,08月03日（月）,15,6,"[""1-2-3"",""1-2-4"",""1-2-6"",""1-3-2"",""1-3-4"",""1-4-2"",""1-4-3"",""1-4-6""]"
DREAM BOAT,08月02日（日）,13,8,"[""1-5-2"",""1-5-3"",""1-5-4"",""1-5-6"",""1-2-5"",""5-1-2"",""5-1-3"",""5-1-6""]"
DREAM BOAT,08月02日（日）,06,8,"[""1-2-3"",""1-3-2"",""1-3-4"",""1-3-5"",""1-4-3"",""1-4-5"",""1-5-3"",""1-5-4""]"
DREAM BOAT,08月02日（日）,13,1,"[""1-3-2"",""1-3-4"",""1-3-5"",""1-3-6"",""1-5-3"",""1-5-6"",""1-6-3"",""1-6-5""]"
DREAM BOAT,08月02日（日）,22,1,"[""1-2-3"",""1-2-4"",""1-3-2"",""1-3-4"",""1-4-2"",""1-4-3"",""1-4-5"",""1-4-6""]"
DREAM BOAT,08月01日（土）,08,8,"[""1-3-4"",""1-3-6"",""1-4-2"",""1-4-3"",""1-4-5"",""1-4-6"",""1-6-3"",""1-6-4""]"
DREAM BOAT,08月01日（土）,03,9,"[""1-2-4"",""1-2-5"",""1-4-2"",""1-4-5"",""1-5-4"",""4-1-2"",""4-1-5"",""4-5-1""]"
DREAM BOAT,08月01日（土）,08,1,"[""1-3-4"",""1-3-6"",""1-4-3"",""1-4-6"",""1-4-5"",""1-6-3"",""1-6-4"",""4-1-6""]"
DREAM BOAT,08月01日（土）,06,1,"[""1-2-3"",""1-2-5"",""1-3-2"",""1-3-5"",""1-3-6"",""1-5-3"",""1-5-6"",""1-6-3""]"
DREAM BOAT,07月31日（金）,09,9,"[""1-2-3"",""1-3-2"",""1-3-4"",""1-3-6"",""1-4-3"",""1-6-3"",""3-1-4"",""3-1-6""]"
DREAM BOAT,07月31日（金）,03,9,"[""2-1-3"",""2-1-4"",""2-3-1"",""1-2-3"",""1-2-4"",""1-3-2"",""3-1-2"",""3-2-1""]"
DREAM BOAT,07月31日（金）,06,1,"[""1-2-3"",""1-2-4"",""1-2-6"",""1-4-2"",""2-1-3"",""2-1-4"",""2-1-6"",""2-4-1""]"
DREAM BOAT,07月31日（金）,06,6,"[""2-1-3"",""2-1-4"",""2-1-5"",""2-1-6"",""1-2-3"",""1-2-4"",""1-2-5"",""1-2-6""]"
DREAM BOAT,07月30日（木）,03,9,"[""1-3-2"",""1-3-4"",""1-3-5"",""1-3-6"",""1-4-2"",""1-4-3"",""1-2-3"",""1-2-6""]"
DREAM BOAT,07月30日（木）,03,1,"[""1-4-2"",""1-4-3"",""1-4-6"",""1-6-2"",""1-6-3"",""1-6-4"",""1-2-6"",""1-5-6""]"
DREAM BOAT,07月30日（木）,19,5,"[""1-2-3"",""1-2-4"",""1-3-2"",""1-3-4"",""1-3-5"",""1-4-2"",""1-4-3"",""1-4-5""]"
DREAM BOAT,07月30日（木）,06,6,"[""1-2-3"",""1-2-5"",""1-2-6"",""2-1-3"",""2-1-5"",""2-1-6"",""2-3-1"",""2-3-6""]"
DREAM BOAT,07月29日（水）,10,1,"[""1-2-3"",""1-2-4"",""1-2-6"",""1-3-2"",""1-3-4"",""1-3-6"",""1-4-2"",""1-4-3""]"
DREAM BOAT,07月29日（水）,09,1,"[""1-2-4"",""1-2-5"",""1-4-2"",""1-4-5"",""1-5-2"",""1-5-4"",""4-1-5"",""5-1-4""]"
DREAM BOAT,07月29日（水）,08,1,"[""1-4-2"",""1-4-3"",""1-4-5"",""1-4-6"",""1-2-3"",""1-2-4"",""1-3-2"",""1-3-4""]"
DREAM BOAT,07月29日（水）,07,6,"[""1-2-3"",""1-2-5"",""1-3-2"",""1-3-5"",""1-5-2"",""1-5-3"",""3-1-2"",""3-1-5""]"
DREAM BOAT,07月28日（火）,09,8,"[""2-1-5"",""2-1-6"",""2-3-5"",""2-3-6"",""2-5-3"",""2-5-6"",""2-6-3"",""2-6-5""]"
DREAM BOAT,07月28日（火）,16,8,"[""1-4-5"",""1-5-2"",""1-5-3"",""1-5-4"",""4-1-5"",""4-5-1"",""5-1-4"",""5-4-1""]"
DREAM BOAT,07月28日（火）,04,9,"[""1-2-5"",""1-3-5"",""1-5-2"",""1-5-3"",""1-5-6"",""2-1-5"",""2-5-1"",""3-1-5""]"
DREAM BOAT,07月28日（火）,16,1,"[""1-2-3"",""1-2-4"",""1-2-5"",""1-2-6"",""1-3-2"",""1-4-2"",""1-5-2"",""2-1-4""]"
DREAM BOAT,07月27日（月）,17,7,"[""1-2-4"",""1-2-5"",""1-4-2"",""1-4-5"",""1-5-2"",""2-1-4"",""2-1-5"",""2-4-1""]"
DREAM BOAT,07月27日（月）,06,8,"[""2-1-3"",""2-1-4"",""2-1-6"",""2-4-1"",""1-2-3"",""1-2-4"",""1-2-6"",""1-4-2""]"
DREAM BOAT,07月27日（月）,08,1,"[""1-2-3"",""1-3-2"",""1-3-4"",""1-3-6"",""1-4-3"",""3-1-2"",""3-1-4"",""3-1-6""]"
DREAM BOAT,07月27日（月）,06,1,"[""1-2-3"",""1-2-4"",""1-2-5"",""1-2-6"",""1-3-2"",""1-3-6"",""2-1-3"",""2-1-6""]"
DREAM BOAT,07月26日（日）,13,8,"[""1-3-5"",""1-5-2"",""1-5-3"",""1-5-4"",""1-5-6"",""1-6-5"",""5-1-3"",""5-1-6""]"
DREAM BOAT,07月26日（日）,06,8,"[""1-4-5"",""1-4-6"",""1-5-6"",""1-6-4"",""1-6-5"",""4-1-5"",""4-1-6"",""4-6-1""]"
DREAM BOAT,07月26日（日）,06,1,"[""1-2-3"",""1-2-4"",""1-2-5"",""1-3-2"",""1-3-5"",""1-5-2"",""2-1-3"",""2-1-5""]"
DREAM BOAT,07月26日（日）,07,5,"[""1-2-6"",""1-6-2"",""1-6-3"",""6-1-2"",""6-1-3"",""6-2-1"",""2-1-6"",""2-6-1""]"
DREAM BOAT,07月25日（土）,23,1,"[""1-2-3"",""1-2-4"",""1-2-5"",""1-2-6"",""1-3-2"",""1-4-2"",""2-1-3"",""4-1-2""]"
DREAM BOAT,07月25日（土）,06,8,"[""1-2-6"",""1-3-6"",""1-6-2"",""2-1-6"",""2-5-6"",""2-6-1"",""2-6-3"",""2-6-5""]"
DREAM BOAT,07月25日（土）,13,1,"[""1-2-4"",""1-2-6"",""1-4-2"",""1-4-6"",""1-6-2"",""1-6-4"",""4-1-6"",""6-1-4""]"
DREAM BOAT,07月25日（土）,06,1,"[""1-2-3"",""1-2-4"",""1-2-5"",""1-4-2"",""2-1-3"",""2-1-4"",""2-1-5"",""2-4-1""]"
DREAM BOAT,07月24日（金）,11,1,"[""1-2-3"",""1-2-6"",""1-2-4"",""1-6-2"",""1-6-3"",""1-6-4"",""1-3-2"",""1-3-6""]"
DREAM BOAT,07月24日（金）,11,1,"[""1-2-3"",""1-2-4"",""1-2-5"",""1-2-6"",""1-4-2"",""1-4-5"",""1-5-2"",""1-5-4""]"
DREAM BOAT,07月24日（金）,06,7,"[""1-2-3"",""1-2-4"",""1-3-2"",""1-3-4"",""1-4-2"",""1-4-3"",""4-1-2"",""4-1-3""]"
DREAM BOAT,07月24日（金）,13,1,"[""1-2-3"",""1-2-4"",""1-2-5"",""1-3-2"",""1-3-5"",""1-5-2"",""1-5-3"",""5-1-2""]"
DREAM BOAT,07月23日（木）,11,9,"[""2-1-5"",""2-3-5"",""2-5-1"",""2-5-3"",""2-5-4"",""2-5-6"",""5-2-1"",""5-2-3""]"
DREAM BOAT,07月23日（木）,17,9,"[""1-2-3"",""1-2-4"",""1-3-2"",""1-3-4"",""1-3-5"",""1-4-3"",""3-1-2"",""3-1-4""]"
DREAM BOAT,07月23日（木）,01,4,"[""1-5-2"",""1-5-3"",""1-5-4"",""1-5-6"",""1-2-5"",""1-3-5"",""1-6-5"",""5-1-2"",""5-1-6""]"
DREAM BOAT,07月23日（木）,08,1,"[""1-2-3"",""1-2-6"",""1-3-2"",""1-3-6"",""2-1-3"",""2-1-6"",""3-2-1"",""3-2-6""]"
DREAM BOAT,07月22日（水）,05,9,"[""1-3-2"",""1-3-4"",""1-3-5"",""1-4-2"",""1-4-3"",""1-4-5"",""1-2-3"",""1-2-4"",""1-2-5""]"
DREAM BOAT,07月22日（水）,17,9,"[""2-1-3"",""2-1-4"",""2-3-1"",""1-2-3"",""1-2-4"",""1-3-2"",""3-1-2"",""3-2-1""]"
DREAM BOAT,07月22日（水）,09,1,"[""1-2-3"",""1-2-4"",""1-3-2"",""1-3-4"",""1-3-5"",""1-4-2"",""1-4-3"",""1-4-6""]"
DREAM BOAT,07月22日（水）,07,4,"[""5-1-2"",""5-1-3"",""5-1-6"",""5-6-1"",""5-6-2"",""1-5-2"",""1-5-3"",""1-5-6"",""1-2-5""]"
DREAM BOAT,07月22日（水）,12,5,"[""1-4-3"",""1-4-6"",""1-6-3"",""1-6-4"",""4-1-3"",""4-1-6"",""4-6-1"",""3-1-4"",""3-1-6""]"
DREAM BOAT,07月21日（火）,10,1,"[""1-2-3"",""1-2-4"",""1-2-5"",""1-2-6"",""1-3-2"",""1-3-4"",""1-3-5"",""1-3-6""]"
DREAM BOAT,07月21日（火）,08,9,"[""1-2-3"",""1-2-4"",""1-2-5"",""1-2-6"",""1-4-2"",""1-5-2"",""2-1-3"",""2-1-5""]"
DREAM BOAT,07月21日（火）,15,6,"[""1-3-2"",""1-3-4"",""1-3-6"",""1-2-3"",""1-4-3"",""1-6-3"",""3-1-2"",""3-1-4""]"
DREAM BOAT,07月21日（火）,07,7,"[""4-1-2"",""4-1-3"",""4-1-5"",""4-5-1"",""1-4-2"",""1-4-3"",""1-4-5"",""1-2-4"",""1-5-4""]"
DREAM BOAT,07月20日（月）,05,7,"[""1-6-2"",""1-6-3"",""1-6-4"",""6-1-3"",""6-1-4"",""1-3-6"",""3-1-6""]"
DREAM BOAT,07月20日（月）,08,8,"[""2-1-3"",""2-1-4"",""2-3-1"",""1-2-3"",""1-2-4"",""1-3-2"",""3-1-2"",""3-2-1""]"
DREAM BOAT,07月20日（月）,15,3,"[""3-4-1"",""3-4-2"",""3-4-5"",""3-1-4"",""3-2-4"",""4-3-1"",""4-3-2"",""4-3-5""]"
DREAM BOAT,07月20日（月）,24,6,"[""1-2-4"",""1-4-2"",""1-4-3"",""1-4-5"",""4-1-2"",""4-1-5"",""4-2-1"",""2-4-1""]"
DREAM BOAT,07月19日（日）,03,7,"[""2-1-3"",""2-1-5"",""2-1-6"",""2-3-1"",""2-5-1"",""1-2-3"",""1-2-5"",""1-2-6""]"
DREAM BOAT,07月19日（日）,10,1,"[""3-1-2"",""3-1-4"",""3-1-5"",""3-1-6"",""3-2-1"",""3-2-6"",""4-3-1"",""4-3-2"",""4-3-6""]"
DREAM BOAT,07月19日（日）,17,9,"[""1-2-3"",""1-2-4"",""1-4-2"",""1-4-5"",""2-1-4"",""2-4-1"",""4-1-2"",""4-2-1""]"
DREAM BOAT,07月19日（日）,03,1,"[""2-1-3"",""2-1-4"",""2-1-5"",""5-1-2"",""5-1-3"",""5-1-4"",""1-2-3"",""1-2-4"",""1-2-5""]"
DREAM BOAT,07月19日（日）,07,5,"[""3-1-4"",""3-1-6"",""3-4-1"",""1-3-4"",""1-3-6"",""1-4-3"",""4-1-3"",""4-3-1""]"
DREAM BOAT,07月18日（土）,02,8,"[""3-4-1"",""3-4-5"",""3-4-6"",""3-5-1"",""3-5-4"",""3-5-6"",""1-3-4""]"
DREAM BOAT,07月18日（土）,17,8,"[""1-3-4"",""1-3-5"",""1-3-6"",""1-4-3"",""1-4-5"",""1-4-6"",""1-6-3"",""1-6-4""]"
DREAM BOAT,07月18日（土）,17,1,"[""1-2-3"",""1-2-4"",""1-2-5"",""1-3-2"",""1-3-4"",""1-3-5"",""1-4-2"",""1-4-3"",""1-4-5""]"
DREAM BOAT,07月18日（土）,07,6,"[""1-2-3"",""1-2-4"",""1-2-6"",""1-4-2"",""1-4-3"",""1-4-6"",""2-1-4"",""2-4-1""]"
DREAM BOAT,07月17日（金）,02,8,"[""1-5-2"",""1-5-3"",""1-5-4"",""1-5-6"",""1-2-5"",""1-3-5"",""1-4-5"",""1-6-5""]"
DREAM BOAT,07月17日（金）,23,1,"[""1-3-2"",""1-3-4"",""1-3-5"",""1-4-2"",""1-4-3"",""1-4-5"",""1-5-2"",""1-5-3"",""1-5-4""]"
DREAM BOAT,07月17日（金）,03,1,"[""1-2-6"",""1-2-4"",""1-2-6"",""1-4-2"",""1-4-6"",""2-1-4"",""2-1-6"",""2-4-1"",""2-4-6""]"
DREAM BOAT,07月17日（金）,01,6,"[""1-2-3"",""1-2-4"",""1-2-5"",""1-2-6"",""1-6-2"",""1-6-3"",""1-6-4"",""1-6-5"",""6-1-2""]"
DREAM BOAT,07月16日（木）,17,1,"[""1-3-2"",""1-3-4"",""1-3-5"",""1-2-3"",""1-4-3"",""1-5-3"",""3-1-2"",""3-1-4"",""3-1-5""]"
DREAM BOAT,07月16日（木）,01,6,"[""1-2-6"",""1-3-6"",""1-4-6"",""1-6-2"",""1-6-3"",""1-6-4"",""1-6-5"",""1-4-2"",""1-4-3""]"
DREAM BOAT,07月16日（木）,16,8,"[""2-5-1"",""2-5-3"",""2-5-4"",""2-5-6"",""2-3-1"",""2-3-4"",""2-3-5"",""2-6-3"",""2-6-5""]"
DREAM BOAT,07月16日（木）,17,8,"[""2-1-3"",""2-1-5"",""2-1-6"",""2-3-1"",""1-2-3"",""1-2-5"",""1-2-6"",""1-3-2""]"
DREAM BOAT,07月15日（水）,11,8,"[""1-2-3"",""1-2-4"",""1-2-5"",""1-2-6"",""2-1-3"",""2-1-4"",""2-1-5"",""2-1-6""]"
DREAM BOAT,07月15日（水）,23,1,"[""1-2-3"",""1-2-4"",""1-2-5"",""1-2-6"",""1-3-2"",""1-5-2"",""2-1-3"",""5-1-2""]"
DREAM BOAT,07月15日（水）,11,1,"[""3-1-2"",""3-1-4"",""3-2-1"",""1-3-2"",""1-3-4"",""1-2-3"",""2-1-3"",""2-3-1"",""2-3-4""]"
DREAM BOAT,07月15日（水）,20,5,"[""1-2-3"",""1-2-4"",""1-2-5"",""1-3-2"",""1-3-4"",""1-2-"",""1-4-3"",""1-4-5""]"
DREAM BOAT,07月14日（火）,06,7,"[""1-4-2"",""1-4-3"",""1-4-5"",""1-4-6"",""1-2-3"",""1-2-4"",""1-2-5"",""1-3-4""]"
DREAM BOAT,07月14日（火）,16,9,"[""1-4-2"",""1-4-3"",""1-2-3"",""1-2-4"",""1-3-2"",""1-3-4"",""3-1-4"",""3-4-1""]"
DREAM BOAT,07月14日（火）,20,5,"[""1-4-2"",""1-4-3"",""1-4-5"",""1-4-6"",""1-2-3"",""1-2-4"",""1-3-2"",""1-3-4""]"
DREAM BOAT,07月14日（火）,19,5,"[""1-4-2"",""1-4-3"",""1-4-5"",""1-2-4"",""1-3-4"",""1-5-4"",""1-2-3"",""4-1-2"",""4-1-5""]"
DREAM BOAT,07月12日（日）,04,6,"[""1-6-2"",""1-6-3"",""2-6-1"",""2-6-3"",""3-6-1"",""3-6-2"",""6-2-1"",""6-2-3""]"
DREAM BOAT,07月12日（日）,17,8,"[""1-2-5"",""1-4-2"",""1-4-5"",""1-5-2"",""1-5-3"",""1-5-4"",""4-1-5"",""5-1-4""]"
DREAM BOAT,07月11日（土）,06,6,"[""2-1-3"",""2-1-4"",""2-1-6"",""2-3-1"",""2-4-1"",""2-6-1"",""1-2-4"",""1-2-6""]"
DREAM BOAT,07月11日（土）,02,8,"[""1-3-2"",""1-3-5"",""3-1-2"",""3-1-5"",""1-2-3"",""3-2-1"",""2-1-3"",""2-3-1""]"
DREAM BOAT,07月10日（金）,19,1,"[""1-4-2"",""1-4-3"",""1-4-5"",""1-4-6"",""1-3-4"",""1-3-5"",""1-2-3"",""1-2-4""]"
DREAM BOAT,07月08日（水）,02,8,"[""4-1-2"",""4-1-5"",""4-1-6"",""4-6-1"",""1-4-2"",""1-4-3"",""1-4-5"",""1-4-6""]"
DREAM BOAT,07月08日（水）,13,1,"[""1-2-3"",""1-2-4"",""1-2-5"",""1-2-6"",""1-5-2"",""1-6-2"",""2-1-3"",""2-1-5"",""2-1-6""]"
