PIT,10月03日（土）,02,7,"[""1-2-5"",""1-3-5"",""1-4-5"",""1-5-2"",""1-5-3"",""1-5-4"",""1-5-6"",""1-6-5""]"
PIT,10月03日（土）,22,9,"[""5-1-2"",""5-1-4"",""5-1-6"",""5-4-1"",""1-4-5"",""1-5-2"",""1-5-4"",""1-5-6""]"
PIT,10月03日（土）,06,1,"[""1-3-2"",""1-3-5"",""1-3-6"",""1-5-3"",""1-6-3"",""1-6-5"",""3-1-5"",""3-1-6""]"
PIT,10月03日（土）,02,1,"[""2-1-3"",""2-1-6"",""2-3-1"",""2-6-1"",""1-2-3"",""1-2-6"",""1-3-2"",""1-6-2""]"
PIT,10月02日（金）,21,1,"[""1-2-3"",""1-2-4"",""1-2-5"",""1-4-2"",""1-4-5"",""1-5-2"",""1-5-4"",""2-1-5""]"
PIT,10月02日（金）,05,8,"[""1-2-3"",""1-2-4"",""1-2-5"",""1-2-6"",""1-3-2"",""2-1-3"",""2-1-4"",""2-1-5""]"
PIT,10月02日（金）,17,1,"[""2-1-3"",""2-1-6"",""2-3-1"",""2-3-6"",""2-6-3"",""1-2-3"",""1-3-2"",""3-2-1""]"
PIT,10月02日（金）,06,1,"[""1-3-2"",""1-3-4"",""1-3-5"",""1-3-6"",""1-4-3"",""3-1-4"",""3-1-5"",""3-1-6""]"
PIT,10月01日（木）,02,7,"[""1-2-5"",""1-2-6"",""1-3-5"",""1-3-6"",""1-5-6"",""1-6-2"",""1-6-3"",""1-6-5""]"
PIT,10月01日（木）,17,9,"[""1-3-4"",""1-3-5"",""1-4-3"",""1-4-5"",""3-1-4"",""3-1-5"",""3-4-1"",""4-1-3""]"
PIT,10月01日（木）,02,1,"[""1-2-5"",""1-2-6"",""1-3-5"",""1-3-6"",""1-6-2"",""1-6-3"",""1-6-4"",""3-1-6""]"
PIT,10月01日（木）,12,4,"[""2-1-5"",""2-3-5"",""2-5-1"",""2-5-3"",""2-5-4"",""5-2-1"",""5-2-3"",""5-2-4""]"
PIT,09月30日（水）,17,8,"[""1-2-3"",""1-2-5"",""2-1-3"",""2-1-5"",""2-3-1"",""2-3-5"",""2-5-1"",""2-5-3""]"
PIT,09月30日（水）,22,8,"[""1-3-2"",""1-3-4"",""1-3-5"",""1-4-2"",""1-4-3"",""1-4-5"",""1-2-3"",""1-2-4""]"
PIT,09月30日（水）,22,1,"[""4-1-2"",""4-1-3"",""4-1-5"",""4-1-6"",""4-5-1"",""1-4-2"",""1-4-5"",""1-4-6""]"
PIT,09月30日（水）,17,1,"[""1-2-3"",""1-2-4"",""1-2-5"",""1-4-2"",""1-4-3"",""1-4-5"",""2-1-4"",""4-1-2""]"
PIT,09月29日（火）,09,8,"[""1-2-4"",""1-2-5"",""1-2-6"",""1-4-2"",""1-4-5"",""1-4-6"",""2-1-4"",""2-1-6""]"
PIT,09月29日（火）,04,9,"[""1-3-6"",""1-4-6"",""1-6-2"",""1-6-3"",""1-6-4"",""1-6-5"",""6-1-4"",""6-4-1""]"
PIT,09月29日（火）,06,1,"[""1-2-3"",""1-2-4"",""1-3-2"",""1-4-2"",""1-4-3"",""2-1-3"",""2-1-4"",""2-4-1""]"
PIT,09月29日（火）,04,1,"[""1-2-3"",""1-3-2"",""1-3-4"",""1-3-5"",""1-3-6"",""1-4-3"",""3-1-2"",""3-1-4""]"
PIT,09月28日（月）,02,7,"[""1-3-4"",""1-3-5"",""1-4-3"",""1-4-5"",""1-5-3"",""1-5-4"",""3-1-5"",""5-1-3""]"
PIT,09月28日（月）,02,9,"[""1-2-3"",""1-2-4"",""1-2-5"",""1-3-2"",""1-5-2"",""2-1-3"",""2-1-4"",""2-1-5""]"
PIT,09月28日（月）,12,2,"[""2-1-3"",""2-1-6"",""2-3-1"",""2-3-6"",""3-1-2"",""3-1-6"",""3-2-1"",""3-2-6""]"
PIT,09月28日（月）,12,4,"[""2-3-4"",""2-3-5"",""2-4-3"",""2-4-5"",""2-5-3"",""2-5-4"",""3-2-5"",""5-2-3""]"
PIT,09月27日（日）,02,7,"[""1-2-3"",""1-2-4"",""1-2-6"",""1-3-2"",""1-6-2"",""2-1-3"",""2-1-6"",""2-6-1""]"
PIT,09月27日（日）,23,1,"[""1-2-3"",""1-2-4"",""1-2-5"",""1-3-2"",""1-3-4"",""1-4-2"",""1-4-3"",""1-4-5""]"
PIT,09月27日（日）,20,3,"[""2-1-4"",""2-3-4"",""2-4-1"",""2-4-3"",""1-2-4"",""1-3-4"",""3-2-4"",""3-4-2""]"
PIT,09月27日（日）,06,1,"[""1-3-4"",""1-3-5"",""1-4-3"",""1-4-5"",""1-4-6"",""1-5-3"",""1-5-4"",""1-5-6""]"
PIT,09月26日（土）,02,7,"[""1-2-5"",""1-2-6"",""1-5-2"",""1-5-3"",""1-5-6"",""1-6-2"",""5-1-2"",""5-1-6""]"
PIT,09月26日（土）,06,8,"[""1-2-3"",""1-2-4"",""1-2-5"",""1-3-2"",""2-1-3"",""2-1-4"",""2-1-5"",""2-3-1""]"
PIT,09月26日（土）,17,1,"[""1-2-3"",""1-2-4"",""1-2-5"",""1-3-4"",""1-4-2"",""1-4-3"",""1-4-5"",""1-5-4""]"
PIT,09月26日（土）,11,1,"[""1-2-3"",""1-2-4"",""1-2-5"",""1-2-6"",""1-5-2"",""1-6-2"",""2-1-5"",""2-1-6""]"
PIT,09月25日（金）,17,1,"[""1-2-3"",""1-2-4"",""1-2-5"",""1-4-2"",""1-4-5"",""1-3-2"",""2-1-3"",""2-1-4""]"
PIT,09月25日（金）,22,1,"[""2-1-3"",""2-1-4"",""3-1-2"",""3-1-4"",""4-1-2"",""4-1-3"",""1-2-3"",""1-2-4""]"
PIT,09月25日（金）,22,1,"[""1-3-4"",""1-4-3"",""4-1-2"",""4-1-3"",""4-1-6"",""4-3-1"",""3-1-4"",""3-4-1""]"
PIT,09月25日（金）,03,7,"[""1-2-3"",""1-2-5"",""1-2-6"",""1-5-2"",""1-5-3"",""1-5-6"",""1-3-2"",""1-3-5""]"
PIT,09月25日（金）,14,1,"[""1-2-3"",""1-2-4"",""1-2-5"",""1-2-6"",""1-3-2"",""1-3-4"",""1-4-2"",""1-4-3""]"
PIT,09月24日（木）,17,8,"[""2-1-3"",""2-3-1"",""2-3-4"",""2-3-6"",""3-1-2"",""3-2-1"",""3-2-4"",""3-2-6""]"
PIT,09月24日（木）,05,9,"[""1-2-4"",""1-2-5"",""1-2-6"",""1-4-5"",""1-4-6"",""1-5-4"",""1-5-6"",""1-6-5""]"
PIT,09月24日（木）,15,3,"[""2-1-3"",""2-1-4"",""2-1-6"",""2-3-1"",""1-2-3"",""1-2-4"",""1-2-6"",""1-3-2""]"
PIT,09月24日（木）,15,5,"[""1-2-3"",""1-2-4"",""1-2-5"",""1-4-2"",""1-4-5"",""1-5-2"",""1-5-4"",""2-1-5""]"
PIT,09月23日（水）,08,6,"[""1-2-3"",""1-2-5"",""1-5-2"",""1-5-3"",""2-1-3"",""2-1-5"",""2-5-1"",""2-5-3""]"
PIT,09月23日（水）,22,7,"[""5-2-1"",""5-2-3"",""5-2-6"",""5-3-2"",""5-3-6"",""5-6-2"",""2-5-3"",""2-5-6""]"
PIT,09月23日（水）,15,2,"[""1-2-3"",""1-2-5"",""1-3-2"",""1-3-5"",""2-1-3"",""2-1-5"",""2-3-1"",""3-1-2""]"
PIT,09月23日（水）,19,3,"[""2-1-3"",""2-1-5"",""2-3-1"",""2-3-5"",""3-1-2"",""3-2-1"",""1-2-3"",""1-3-2""]"
PIT,09月22日（火）,08,6,"[""1-2-3"",""1-3-2"",""1-3-4"",""1-4-3"",""2-1-3"",""3-1-2"",""3-1-4"",""3-2-1""]"
PIT,09月22日（火）,14,1,"[""1-2-3"",""1-2-5"",""1-2-6"",""1-3-5"",""1-3-6"",""1-5-6"",""1-6-3"",""1-6-5""]"
PIT,09月22日（火）,09,1,"[""2-1-3"",""2-1-4"",""2-1-6"",""2-4-1"",""1-2-3"",""1-2-4"",""1-2-6"",""1-4-2""]"
PIT,09月22日（火）,02,1,"[""1-2-3"",""1-2-4"",""1-2-5"",""1-2-6"",""1-3-2"",""1-3-4"",""2-1-3"",""2-1-4""]"
PIT,09月21日（月）,22,5,"[""1-2-3"",""1-2-5"",""1-3-2"",""2-1-3"",""2-1-5"",""2-3-1"",""3-1-2"",""3-2-1""]"
PIT,09月21日（月）,06,7,"[""4-1-2"",""4-1-5"",""4-1-6"",""4-5-1"",""4-6-1"",""1-4-2"",""1-4-5"",""1-4-6""]"
PIT,09月21日（月）,09,1,"[""1-2-3"",""1-2-4"",""1-3-2"",""1-3-4"",""1-4-2"",""1-4-3"",""3-1-2"",""3-1-4""]"
PIT,09月21日（月）,05,1,"[""3-1-2"",""3-1-4"",""3-1-5"",""3-2-1"",""3-5-1"",""1-3-2"",""1-3-4"",""1-3-5""]"
PIT,09月20日（日）,02,8,"[""1-4-2"",""1-4-3"",""1-4-5"",""1-4-6"",""1-2-4"",""1-3-4"",""1-5-4"",""4-1-6""]"
PIT,09月20日（日）,22,7,"[""3-1-2"",""3-1-4"",""3-1-5"",""3-1-6"",""1-3-2"",""1-3-4"",""1-3-5"",""1-2-3""]"
PIT,09月20日（日）,02,8,"[""1-4-2"",""1-4-3"",""1-4-5"",""1-4-6"",""1-2-4"",""1-3-4"",""1-5-4"",""4-1-6""]"
PIT,09月20日（日）,22,7,"[""3-1-2"",""3-1-4"",""3-1-5"",""3-1-6"",""1-3-2"",""1-3-4"",""1-3-5"",""1-2-3""]"
PIT,09月19日（土）,10,1,"[""1-2-3"",""1-2-4"",""1-2-5"",""1-2-6"",""1-4-2"",""2-1-4"",""2-1-6"",""2-4-1""]"
PIT,09月19日（土）,02,9,"[""1-2-3"",""1-3-2"",""1-3-4"",""1-3-6"",""1-6-3"",""3-1-2"",""3-1-6"",""3-2-1""]"
PIT,09月18日（金）,02,7,"[""1-3-4"",""1-3-5"",""1-4-2"",""1-4-3"",""1-4-5"",""1-5-4"",""3-1-4"",""4-1-3""]"
PIT,09月18日（金）,10,1,"[""1-2-3"",""1-2-4"",""1-2-5"",""1-3-2"",""1-3-4"",""1-3-5"",""1-4-2"",""1-4-3""]"
PIT,09月18日（金）,24,1,"[""1-2-5"",""1-2-6"",""1-3-5"",""1-3-6"",""1-5-3"",""1-5-6"",""1-6-3"",""1-6-5""]"
PIT,09月18日（金）,24,4,"[""2-1-3"",""2-1-6"",""2-3-1"",""2-3-4"",""2-3-6"",""2-4-3"",""2-6-1"",""2-6-3""]"
PIT,09月17日（木）,02,7,"[""1-2-5"",""1-4-2"",""1-4-5"",""1-5-2"",""1-5-4"",""1-5-6"",""1-6-5"",""4-1-5""]"
PIT,09月17日（木）,21,1,"[""1-2-3"",""1-2-4"",""1-2-5"",""1-3-2"",""1-3-4"",""1-3-5"",""1-5-2"",""1-5-3""]"
PIT,09月17日（木）,19,2,"[""1-3-4"",""1-3-5"",""1-4-3"",""1-4-5"",""1-5-3"",""1-5-4"",""3-1-5"",""5-1-3""]"
PIT,09月17日（木）,02,1,"[""1-2-3"",""1-2-4"",""1-3-2"",""1-3-4"",""1-3-5"",""1-3-6"",""1-4-3"",""1-6-3""]"
PIT,09月16日（水）,03,7,"[""1-2-6"",""1-3-6"",""1-6-2"",""1-6-3"",""6-1-2"",""6-1-3"",""2-1-6"",""3-1-6""]"
PIT,09月16日（水）,18,1,"[""1-2-3"",""1-2-4"",""1-3-2"",""1-3-4"",""1-4-2"",""1-4-3"",""2-1-3"",""2-1-4""]"
PIT,09月16日（水）,03,1,"[""1-2-3"",""1-2-4"",""1-2-5"",""2-1-3"",""2-1-4"",""2-1-5"",""2-4-1"",""2-5-1""]"
PIT,09月16日（水）,03,1,"[""1-2-3"",""1-2-5"",""1-3-2"",""1-3-5"",""2-1-3"",""2-3-1"",""3-1-2"",""3-2-1""]"
PIT,09月15日（火）,08,7,"[""1-2-3"",""1-2-4"",""1-2-5"",""1-4-2"",""1-4-3"",""2-1-4"",""2-4-1"",""4-1-2""]"
PIT,09月15日（火）,18,1,"[""1-2-3"",""1-2-4"",""1-2-6"",""1-3-2"",""1-3-4"",""1-4-2"",""2-1-3"",""2-1-4""]"
PIT,09月15日（火）,08,1,"[""1-2-3"",""1-2-4"",""1-2-6"",""1-3-2"",""1-3-6"",""2-1-3"",""2-1-6"",""2-3-1""]"
PIT,09月15日（火）,22,1,"[""1-2-3"",""1-2-4"",""1-2-5"",""1-2-6"",""1-4-2"",""1-6-2"",""2-1-4"",""2-1-6""]"
PIT,09月14日（月）,18,1,"[""2-1-4"",""2-1-6"",""2-4-1"",""2-4-6"",""2-6-1"",""2-6-4"",""1-2-4"",""1-2-6""]"
PIT,09月14日（月）,23,1,"[""1-2-3"",""1-2-4"",""1-2-6"",""1-3-2"",""2-1-3"",""2-1-4"",""2-1-6"",""2-3-1""]"
PIT,09月14日（月）,04,1,"[""1-3-4"",""1-3-6"",""1-4-3"",""1-4-6"",""1-6-3"",""1-6-4"",""3-1-4"",""3-1-6""]"
PIT,09月14日（月）,19,5,"[""1-2-4"",""1-4-2"",""1-4-3"",""1-4-5"",""1-5-2"",""1-5-4"",""4-1-2"",""4-1-5""]"
PIT,09月13日（日）,18,1,"[""3-1-2"",""3-1-5"",""3-2-5"",""3-2-6"",""3-5-1"",""3-5-2"",""3-5-6"",""1-3-5""]"
PIT,09月13日（日）,08,8,"[""1-2-4"",""1-3-4"",""1-4-2"",""1-4-3"",""1-4-6"",""1-6-4"",""4-1-2"",""4-1-6""]"
PIT,09月13日（日）,01,2,"[""1-2-6"",""1-3-2"",""1-3-4"",""1-3-6"",""1-4-6"",""1-6-2"",""1-6-3"",""1-6-4""]"
PIT,09月13日（日）,05,1,"[""1-2-3"",""1-2-4"",""1-2-6"",""1-3-2"",""1-3-4"",""1-3-6"",""1-4-3"",""1-4-6""]"
PIT,09月12日（土）,04,7,"[""2-1-3"",""2-3-1"",""2-3-4"",""2-3-6"",""2-4-3"",""3-2-1"",""3-2-4"",""3-4-2""]"
PIT,09月12日（土）,23,1,"[""1-2-3"",""1-2-4"",""1-2-6"",""1-3-2"",""1-3-6"",""1-6-2"",""1-6-3"",""2-1-3""]"
PIT,09月12日（土）,20,2,"[""1-2-6"",""1-3-6"",""1-4-6"",""1-5-6"",""1-6-2"",""1-6-3"",""1-6-4"",""1-6-5""]"
PIT,09月12日（土）,05,1,"[""2-1-3"",""2-1-4"",""2-3-1"",""2-4-1"",""2-4-3"",""1-2-3"",""1-2-4"",""1-4-2""]"
PIT,09月11日（金）,04,8,"[""1-2-3"",""1-2-4"",""1-2-6"",""2-1-3"",""2-1-4"",""2-1-6"",""2-4-1"",""2-6-1""]"
PIT,09月11日（金）,18,1,"[""1-2-3"",""1-2-4"",""1-2-5"",""1-2-6"",""1-3-2"",""1-4-2"",""1-5-2"",""1-6-2""]"
PIT,09月11日（金）,06,9,"[""1-3-2"",""1-3-4"",""1-3-5"",""1-3-6"",""3-1-2"",""3-1-4"",""3-1-5"",""3-1-6""]"
PIT,09月11日（金）,07,4,"[""2-1-3"",""2-1-4"",""2-1-5"",""2-1-6"",""2-4-1"",""2-4-5"",""2-4-6"",""2-3-1""]"
PIT,09月10日（木）,14,5,"[""1-2-3"",""1-2-4"",""1-3-2"",""1-3-4"",""1-4-2"",""1-4-3"",""2-1-3"",""2-1-4""]"
PIT,09月10日（木）,10,1,"[""1-2-3"",""1-2-4"",""1-2-5"",""1-2-6"",""1-3-2"",""1-3-4"",""1-3-5"",""2-1-3""]"
PIT,09月10日（木）,13,1,"[""2-1-3"",""2-1-4"",""2-1-6"",""2-6-1"",""1-2-3"",""1-2-4"",""1-2-6"",""1-6-2""]"
PIT,09月10日（木）,16,1,"[""1-2-4"",""1-2-5"",""1-4-2"",""1-4-3"",""1-4-5"",""1-5-4"",""4-1-2"",""4-1-5""]"
PIT,09月09日（水）,10,1,"[""1-2-3"",""1-2-4"",""1-2-5"",""1-3-2"",""1-5-2"",""2-1-3"",""2-1-4"",""2-1-5""]"
PIT,09月09日（水）,10,1,"[""1-2-3"",""1-2-4"",""1-2-5"",""1-2-6"",""1-3-2"",""1-3-4"",""1-3-6"",""1-4-3""]"
PIT,09月09日（水）,16,9,"[""1-2-4"",""1-2-5"",""1-4-2"",""1-5-2"",""2-1-4"",""2-1-5"",""2-4-1"",""4-1-2""]"
PIT,09月09日（水）,16,1,"[""1-2-3"",""1-2-4"",""1-2-5"",""1-3-2"",""1-4-2"",""2-1-3"",""2-1-4"",""2-1-5""]"
PIT,09月09日（水）,14,1,"[""1-2-3"",""1-2-4"",""1-2-5"",""1-2-6"",""1-5-2"",""2-1-4"",""2-1-5"",""2-1-6""]"
PIT,09月08日（火）,11,7,"[""1-2-3"",""1-2-4"",""1-2-5"",""1-2-6"",""1-3-2"",""2-1-3"",""2-1-4"",""2-3-1""]"
PIT,09月08日（火）,21,1,"[""1-2-3"",""1-2-5"",""1-3-2"",""1-3-4"",""1-3-5"",""1-5-2"",""1-5-3"",""1-5-4""]"
PIT,09月08日（火）,09,1,"[""1-2-3"",""1-2-4"",""1-2-6"",""1-3-2"",""1-3-4"",""2-1-3"",""3-1-2"",""3-2-1""]"
PIT,09月08日（火）,11,1,"[""1-2-3"",""1-2-4"",""1-2-5"",""1-3-4"",""1-4-2"",""1-4-3"",""1-4-5"",""2-1-4""]"
PIT,09月07日（月）,09,1,"[""1-2-3"",""1-3-2"",""1-3-4"",""1-3-5"",""1-5-3"",""2-1-3"",""3-1-2"",""3-1-5""]"
PIT,09月07日（月）,12,5,"[""1-2-3"",""1-2-4"",""1-2-5"",""1-2-6"",""1-3-2"",""1-3-4"",""1-3-5"",""1-3-6""]"
PIT,09月06日（日）,21,1,"[""1-3-2"",""1-3-4"",""1-3-5"",""1-3-6"",""1-2-3"",""1-4-3"",""3-1-2"",""3-1-4""]"
PIT,09月06日（日）,17,8,"[""1-6-2"",""1-6-3"",""1-6-4"",""1-2-3"",""1-2-6"",""1-3-2"",""1-3-6"",""6-1-4""]"
PIT,09月06日（日）,17,1,"[""1-2-3"",""1-2-4"",""1-2-5"",""1-2-6"",""1-3-2"",""2-1-3"",""2-1-4"",""2-1-5""]"
PIT,09月06日（日）,17,1,"[""1-2-3"",""1-2-4"",""1-2-5"",""1-2-6"",""1-3-2"",""1-3-4"",""1-3-5"",""1-4-2""]"
PIT,09月05日（土）,14,5,"[""2-1-3"",""2-1-4"",""2-1-6"",""2-3-1"",""2-4-1"",""1-2-3"",""1-2-4"",""1-2-6""]"
PIT,09月05日（土）,18,1,"[""1-2-3"",""1-2-4"",""1-3-2"",""1-3-4"",""1-4-2"",""1-4-3"",""2-1-3"",""2-1-4""]"
PIT,09月05日（土）,02,1,"[""1-2-4"",""1-2-6"",""1-4-2"",""1-4-6"",""1-6-2"",""1-6-4"",""2-1-4"",""2-1-6""]"
PIT,09月05日（土）,11,1,"[""1-3-2"",""1-3-4"",""1-3-5"",""1-3-6"",""1-4-3"",""1-4-5"",""1-5-3"",""1-5-4""]"
PIT,09月04日（金）,08,7,"[""1-2-4"",""1-2-5"",""1-2-6"",""1-4-2"",""1-4-5"",""1-5-2"",""1-5-4"",""1-5-6""]"
PIT,09月04日（金）,18,1,"[""1-2-3"",""1-2-4"",""1-2-5"",""1-2-6"",""1-3-2"",""1-5-2"",""2-1-3"",""2-1-5""]"
PIT,09月04日（金）,04,1,"[""1-2-3"",""1-2-5"",""1-3-2"",""1-3-5"",""1-5-2"",""1-5-3"",""3-1-2"",""3-1-5""]"
PIT,09月04日（金）,04,1,"[""1-3-5"",""1-3-6"",""1-5-3"",""1-5-6"",""1-6-3"",""1-6-5"",""3-1-5"",""3-1-6""]"
PIT,09月03日（木）,02,7,"[""1-2-3"",""1-2-4"",""1-2-6"",""1-4-2"",""1-4-6"",""1-6-2"",""1-6-3"",""1-6-4""]"
PIT,09月03日（木）,04,9,"[""1-2-6"",""1-3-6"",""1-6-2"",""1-6-3"",""3-1-6"",""3-6-1"",""6-1-3"",""6-3-1""]"
PIT,09月03日（木）,15,4,"[""1-2-3"",""1-2-5"",""1-2-6"",""1-3-6"",""1-6-2"",""1-6-5"",""2-1-6"",""2-6-1""]"
PIT,09月03日（木）,15,6,"[""2-1-3"",""2-1-4"",""2-3-1"",""2-3-4"",""1-2-3"",""1-2-4"",""1-3-2"",""1-4-2""]"
PIT,09月02日（水）,02,7,"[""1-3-2"",""1-3-4"",""1-3-5"",""1-4-2"",""1-4-3"",""1-4-5"",""1-5-3"",""1-5-4""]"
PIT,09月02日（水）,23,1,"[""1-2-3"",""1-2-4"",""1-3-2"",""1-3-4"",""1-3-5"",""1-3-6"",""1-4-3"",""3-1-4""]"
PIT,09月02日（水）,01,2,"[""1-4-5"",""1-4-6"",""1-5-3"",""1-5-4"",""1-5-6"",""1-6-5"",""5-1-4"",""5-1-6""]"
PIT,09月02日（水）,04,1,"[""1-2-5"",""1-2-6"",""1-5-2"",""1-5-6"",""1-6-2"",""1-6-5"",""5-1-6"",""6-1-5""]"
PIT,09月01日（火）,04,7,"[""2-1-4"",""2-4-1"",""2-4-3"",""2-4-6"",""4-1-2"",""4-2-1"",""1-2-4"",""1-4-2""]"
PIT,09月01日（火）,23,1,"[""1-2-3"",""1-2-5"",""1-3-2"",""1-3-5"",""1-5-2"",""1-5-3"",""3-1-2"",""3-1-5""]"
PIT,09月01日（火）,07,2,"[""1-2-3"",""1-2-4"",""1-2-5"",""1-3-2"",""1-5-2"",""2-1-3"",""2-1-4"",""2-1-5""]"
PIT,09月01日（火）,01,4,"[""1-2-4"",""1-2-5"",""1-2-6"",""1-4-2"",""1-4-5"",""1-4-6"",""1-6-2"",""1-6-4""]"
PIT,08月31日（月）,16,8,"[""1-4-2"",""1-4-3"",""1-4-5"",""1-4-6"",""1-2-3"",""1-2-4"",""1-3-2"",""1-3-4""]"
PIT,08月31日（月）,13,1,"[""1-3-4"",""1-3-5"",""1-4-3"",""1-4-5"",""1-5-3"",""1-5-4"",""4-1-5"",""5-1-4""]"
PIT,08月31日（月）,17,1,"[""1-2-3"",""1-2-5"",""1-2-6"",""1-3-2"",""1-3-5"",""1-3-6"",""1-6-2"",""1-6-3""]"
PIT,08月31日（月）,17,1,"[""1-2-3"",""1-2-4"",""1-2-6"",""1-3-2"",""1-4-2"",""1-6-2"",""2-1-3"",""2-1-6""]"
PIT,08月30日（日）,16,7,"[""1-4-6"",""1-6-2"",""1-6-3"",""1-6-4"",""6-1-2"",""6-1-3"",""6-1-4"",""6-4-1""]"
PIT,08月30日（日）,10,1,"[""1-2-3"",""1-2-4"",""1-2-6"",""1-3-2"",""1-3-4"",""1-4-2"",""2-1-3"",""2-1-4""]"
PIT,08月30日（日）,16,1,"[""1-2-3"",""1-2-4"",""1-2-5"",""1-2-6"",""1-3-2"",""1-4-2"",""2-1-3"",""2-1-6""]"
PIT,08月30日（日）,01,4,"[""2-3-6"",""2-4-6"",""2-5-6"",""2-6-3"",""2-6-4"",""2-6-5"",""6-2-4"",""6-2-5""]"
PIT,08月29日（土）,10,1,"[""1-2-3"",""1-2-5"",""1-2-6"",""1-3-2"",""1-3-5"",""1-3-6"",""2-1-3"",""3-1-2""]"
PIT,08月29日（土）,11,9,"[""2-3-4"",""2-3-5"",""2-4-5"",""2-5-1"",""2-5-3"",""2-5-4"",""3-2-5"",""5-2-3""]"
PIT,08月29日（土）,16,1,"[""2-1-3"",""2-1-4"",""2-1-5"",""2-1-6"",""1-2-3"",""1-2-4"",""1-2-5"",""1-4-2""]"
PIT,08月29日（土）,11,1,"[""1-2-5"",""1-2-6"",""1-4-5"",""1-4-6"",""1-5-6"",""1-6-2"",""1-6-4"",""1-6-5""]"
PIT,08月28日（金）,09,8,"[""1-2-3"",""1-2-5"",""1-3-2"",""1-3-5"",""1-5-2"",""1-5-3"",""2-1-3"",""2-1-5""]"
PIT,08月28日（金）,10,1,"[""2-1-3"",""2-1-4"",""2-1-5"",""2-5-1"",""1-2-3"",""1-2-4"",""1-2-5"",""1-5-2""]"
PIT,08月28日（金）,05,1,"[""1-2-3"",""1-3-2"",""1-3-4"",""1-3-6"",""1-4-3"",""1-6-3"",""3-1-2"",""3-1-6""]"
PIT,08月28日（金）,06,1,"[""1-2-3"",""1-2-4"",""1-2-6"",""1-3-2"",""1-6-2"",""2-1-3"",""2-1-6"",""2-3-1""]"
PIT,08月27日（木）,01,3,"[""2-1-3"",""2-1-4"",""2-3-1"",""2-3-4"",""2-4-1"",""2-4-3"",""2-4-6"",""4-2-3""]"
PIT,08月27日（木）,15,5,"[""1-4-5"",""1-4-6"",""1-5-4"",""1-5-6"",""1-6-4"",""1-6-5"",""4-1-5"",""4-1-6""]"
PIT,08月27日（木）,21,1,"[""1-3-4"",""1-3-5"",""1-4-5"",""1-5-3"",""1-5-4"",""5-1-3"",""5-1-4"",""3-1-5""]"
PIT,08月27日（木）,16,9,"[""1-3-4"",""1-4-2"",""1-4-3"",""1-4-5"",""1-4-6"",""4-1-3"",""4-1-5"",""4-1-6""]"
PIT,08月26日（水）,08,6,"[""2-3-4"",""2-3-5"",""2-3-6"",""2-5-3"",""3-2-4"",""3-2-5"",""3-2-6"",""3-5-2""]"
PIT,08月26日（水）,04,6,"[""1-4-3"",""1-4-5"",""1-4-6"",""1-5-4"",""1-5-6"",""1-6-4"",""1-6-5"",""4-1-6""]"
PIT,08月26日（水）,15,2,"[""1-2-3"",""1-2-4"",""1-2-5"",""1-4-2"",""2-1-3"",""2-1-4"",""2-1-5"",""2-4-1""]"
PIT,08月26日（水）,16,1,"[""1-2-4"",""1-2-5"",""1-4-2"",""1-4-3"",""1-4-5"",""1-4-6"",""2-1-4"",""2-4-1""]"
PIT,08月25日（火）,22,5,"[""3-5-1"",""3-5-2"",""3-5-4"",""3-5-6"",""5-3-1"",""5-3-2"",""5-3-4"",""5-3-6""]"
PIT,08月25日（火）,08,8,"[""3-1-2"",""3-1-4"",""3-1-5"",""3-1-6"",""3-2-1"",""3-2-6"",""3-6-1"",""3-6-2""]"
PIT,08月25日（火）,22,9,"[""1-3-2"",""1-3-6"",""1-6-3"",""3-1-2"",""3-1-6"",""3-6-1"",""6-1-3"",""6-3-1""]"
PIT,08月25日（火）,12,5,"[""1-2-6"",""1-3-6"",""1-6-2"",""1-6-3"",""2-1-6"",""2-6-1"",""3-1-6"",""3-6-1""]"
PIT,08月24日（月）,08,1,"[""1-2-3"",""1-2-4"",""1-2-6"",""1-4-2"",""2-1-3"",""2-1-4"",""2-1-6"",""2-4-1""]"
PIT,08月24日（月）,07,4,"[""1-2-4"",""1-2-6"",""1-3-6"",""1-4-6"",""1-6-2"",""1-6-3"",""1-6-4"",""1-6-5""]"
PIT,08月24日（月）,02,7,"[""1-2-3"",""1-2-5"",""1-3-2"",""1-3-5"",""1-5-2"",""1-5-3"",""2-1-3"",""3-1-2""]"
PIT,08月24日（月）,08,8,"[""1-3-5"",""1-3-6"",""1-5-3"",""1-5-6"",""1-6-3"",""1-6-5"",""3-1-5"",""3-1-6""]"
PIT,08月23日（日）,08,6,"[""6-1-2"",""6-1-3"",""6-2-1"",""6-3-1"",""1-3-6"",""1-6-2"",""1-6-3"",""3-6-1""]"
PIT,08月23日（日）,02,9,"[""1-2-3"",""1-2-6"",""1-3-2"",""1-6-2"",""2-1-3"",""2-1-6"",""2-3-1"",""2-6-1""]"
PIT,08月23日（日）,09,1,"[""1-2-3"",""1-2-4"",""1-2-5"",""1-5-2"",""2-1-3"",""2-1-4"",""2-1-5"",""2-5-1""]"
PIT,08月23日（日）,14,1,"[""1-2-3"",""1-2-4"",""1-3-2"",""1-3-4"",""1-4-2"",""1-4-3"",""1-4-5"",""4-1-2""]"
PIT,08月22日（土）,11,7,"[""1-2-4"",""1-4-2"",""1-4-3"",""2-1-3"",""2-1-4"",""2-4-1"",""4-1-2"",""4-2-1""]"
PIT,08月22日（土）,02,9,"[""2-1-3"",""2-1-6"",""2-3-1"",""2-3-6"",""2-6-3"",""3-2-6"",""3-6-2"",""6-2-3""]"
PIT,08月22日（土）,08,1,"[""1-3-4"",""1-3-6"",""1-4-3"",""1-4-6"",""1-6-3"",""1-6-4"",""3-1-4"",""4-1-6""]"
PIT,08月22日（土）,02,1,"[""1-3-5"",""1-3-6"",""1-5-3"",""1-5-6"",""1-6-3"",""1-6-5"",""3-1-5"",""3-1-6""]"
PIT,08月21日（金）,02,7,"[""1-2-3"",""1-2-5"",""1-3-2"",""1-3-4"",""1-3-5"",""1-5-3"",""3-1-2"",""3-1-5""]"
PIT,08月21日（金）,23,1,"[""1-2-4"",""1-3-4"",""1-3-5"",""1-4-2"",""1-4-3"",""1-4-5"",""1-4-6"",""1-5-4""]"
PIT,08月21日（金）,11,1,"[""2-1-3"",""2-1-4"",""2-1-5"",""2-3-1"",""1-2-3"",""1-2-4"",""1-2-5"",""1-3-2""]"
PIT,08月21日（金）,05,1,"[""1-2-3"",""1-2-4"",""1-3-2"",""1-4-2"",""2-1-3"",""2-1-4"",""2-3-1"",""2-3-4""]"
PIT,08月20日（木）,05,1,"[""1-3-2"",""1-3-4"",""1-2-3"",""1-4-3"",""3-1-2"",""3-1-4"",""3-1-5"",""2-1-3""]"
PIT,08月20日（木）,11,1,"[""1-2-3"",""1-2-4"",""1-2-5"",""1-2-6"",""1-6-2"",""1-6-3"",""1-6-4"",""1-6-5""]"
PIT,08月19日（水）,09,8,"[""1-2-4"",""1-2-6"",""1-4-2"",""1-4-5"",""1-4-6"",""1-6-2"",""1-6-4"",""4-1-6""]"
PIT,08月19日（水）,10,1,"[""1-2-3"",""1-2-4"",""1-3-2"",""1-3-4"",""1-3-5"",""1-3-6"",""1-4-3"",""3-1-2""]"
PIT,08月19日（水）,19,2,"[""1-3-4"",""1-4-3"",""1-4-5"",""1-4-6"",""1-5-4"",""3-1-4"",""4-1-3"",""4-1-5""]"
PIT,08月19日（水）,16,1,"[""1-2-3"",""1-2-4"",""1-2-5"",""1-2-6"",""1-3-2"",""1-4-2"",""2-1-3"",""2-1-4""]"
PIT,08月18日（火）,03,6,"[""1-2-5"",""1-2-6"",""1-5-2"",""1-5-6"",""1-6-5"",""5-1-2"",""5-1-6"",""5-6-1""]"
PIT,08月18日（火）,11,9,"[""1-2-3"",""1-2-6"",""1-3-2"",""1-3-6"",""2-1-3"",""2-1-6"",""2-3-1"",""3-1-2""]"
PIT,08月18日（火）,08,1,"[""1-2-3"",""1-2-4"",""1-2-5"",""1-2-6"",""1-3-2"",""1-5-2"",""2-1-3"",""2-1-5""]"
PIT,08月18日（火）,04,1,"[""1-2-4"",""1-2-5"",""1-3-5"",""1-4-5"",""1-5-2"",""1-5-4"",""2-1-5"",""2-5-1""]"
PIT,08月17日（月）,21,1,"[""2-1-4"",""2-1-6"",""2-4-1"",""2-4-3"",""2-4-6"",""2-6-1"",""2-6-3"",""2-6-4""]"
PIT,08月17日（月）,05,8,"[""3-1-6"",""3-2-6"",""3-6-1"",""3-6-2"",""3-6-4"",""3-6-5"",""1-3-6"",""1-6-3""]"
PIT,08月17日（月）,05,1,"[""1-2-3"",""1-2-4"",""1-2-5"",""1-3-2"",""1-5-2"",""2-1-3"",""2-1-4"",""2-1-5""]"
PIT,08月17日（月）,04,1,"[""2-1-4"",""2-1-6"",""2-4-1"",""2-4-6"",""2-6-1"",""2-6-4"",""1-2-4"",""1-2-6""]"
PIT,08月16日（日）,05,8,"[""2-4-1"",""2-4-6"",""2-1-4"",""2-6-4"",""1-2-4"",""1-2-6"",""4-2-1"",""4-2-6""]"
PIT,08月16日（日）,06,8,"[""1-5-2"",""1-5-3"",""1-5-6"",""1-6-2"",""1-6-3"",""1-6-5"",""1-2-5"",""1-2-6""]"
PIT,08月16日（日）,09,1,"[""1-2-3"",""1-2-6"",""1-3-2"",""1-3-6"",""1-6-2"",""1-6-3"",""3-1-6"",""6-1-3""]"
PIT,08月16日（日）,03,1,"[""1-2-3"",""1-2-4"",""1-2-6"",""1-3-2"",""1-6-2"",""2-1-3"",""2-1-4"",""2-1-6""]"
PIT,08月15日（土）,14,4,"[""1-2-5"",""1-2-6"",""1-3-5"",""1-3-6"",""1-5-2"",""1-5-3"",""1-5-6"",""1-6-5""]"
PIT,08月15日（土）,22,7,"[""3-1-2"",""3-1-4"",""3-1-5"",""3-2-1"",""1-2-3"",""1-3-2"",""1-3-4"",""1-3-5""]"
PIT,08月15日（土）,09,1,"[""1-3-2"",""1-3-4"",""1-3-5"",""1-3-6"",""3-1-2"",""3-1-4"",""3-1-5"",""3-1-6""]"
PIT,08月15日（土）,07,4,"[""2-1-3"",""2-3-1"",""2-3-4"",""2-3-5"",""2-4-3"",""3-2-4"",""3-4-2"",""4-2-3""]"
PIT,08月14日（金）,14,4,"[""1-2-3"",""1-2-4"",""1-2-5"",""1-2-6"",""1-4-2"",""1-4-6"",""1-6-2"",""1-6-4""]"
PIT,08月14日（金）,22,7,"[""2-1-3"",""2-1-4"",""2-1-6"",""2-3-1"",""2-4-1"",""2-6-1"",""1-2-4"",""1-2-6""]"
PIT,08月14日（金）,06,1,"[""3-1-2"",""3-1-4"",""3-1-5"",""3-1-6"",""3-4-1"",""1-3-4"",""1-3-5"",""1-4-3""]"
PIT,08月14日（金）,01,5,"[""1-2-3"",""1-2-6"",""1-3-2"",""1-3-5"",""1-3-6"",""1-6-3"",""3-1-2"",""3-1-6""]"
PIT,08月13日（木）,11,7,"[""1-3-2"",""1-3-5"",""1-3-6"",""1-5-3"",""1-6-3"",""3-1-5"",""3-1-6"",""3-6-1""]"
PIT,08月13日（木）,11,9,"[""1-3-2"",""1-3-4"",""1-3-6"",""1-4-3"",""1-4-6"",""1-6-3"",""1-6-4"",""3-1-4""]"
PIT,08月13日（木）,17,1,"[""1-2-3"",""1-2-4"",""1-2-5"",""1-2-6"",""2-1-3"",""2-1-4"",""2-1-5"",""2-1-6""]"
PIT,08月13日（木）,01,4,"[""1-2-3"",""1-3-2"",""1-3-6"",""1-6-3"",""3-1-2"",""3-1-6"",""3-6-1"",""6-1-3""]"
PIT,08月12日（水）,14,4,"[""1-2-3"",""1-2-5"",""1-2-6"",""1-3-2"",""1-5-2"",""1-6-2"",""2-1-5"",""2-1-6""]"
PIT,08月12日（水）,02,9,"[""1-2-4"",""1-2-5"",""1-5-2"",""1-5-4"",""2-1-5"",""2-5-1"",""5-1-2"",""5-2-1""]"
PIT,08月12日（水）,13,1,"[""1-2-3"",""1-2-5"",""1-2-6"",""1-3-2"",""1-3-6"",""1-6-2"",""2-1-3"",""2-1-6""]"
PIT,08月12日（水）,15,5,"[""1-3-6"",""1-5-6"",""1-6-2"",""1-6-3"",""1-6-5"",""5-1-6"",""5-6-1"",""6-1-5""]"
PIT,08月11日（火）,14,4,"[""1-2-3"",""1-2-4"",""1-2-5"",""1-2-6"",""1-3-2"",""1-5-2"",""2-1-3"",""2-1-5""]"
PIT,08月11日（火）,14,6,"[""2-4-6"",""2-6-1"",""2-6-3"",""2-6-4"",""6-2-1"",""6-2-3"",""6-2-4"",""6-4-2""]"
PIT,08月11日（火）,08,1,"[""1-2-3"",""1-2-5"",""1-3-2"",""1-3-4"",""1-3-5"",""1-4-3"",""1-5-2"",""1-5-3""]"
PIT,08月11日（火）,15,5,"[""2-1-5"",""2-5-1"",""2-5-3"",""2-5-6"",""5-1-2"",""5-2-1"",""5-2-6"",""1-2-5""]"
PIT,08月10日（月）,09,8,"[""1-2-3"",""1-2-4"",""1-2-5"",""1-2-6"",""1-3-2"",""2-1-3"",""2-1-5"",""2-1-6""]"
PIT,08月10日（月）,21,1,"[""1-2-4"",""1-2-6"",""1-4-2"",""1-4-6"",""1-6-2"",""1-6-4"",""2-1-4"",""2-1-6""]"
PIT,08月10日（月）,09,1,"[""2-1-3"",""2-1-4"",""2-3-1"",""2-3-4"",""1-2-3"",""1-2-4"",""1-2-6"",""1-3-2""]"
PIT,08月10日（月）,07,5,"[""1-3-4"",""1-3-5"",""1-4-3"",""1-4-5"",""1-5-4"",""4-1-3"",""4-1-5"",""4-5-1""]"
PIT,08月09日（日）,11,8,"[""3-5-1"",""3-5-2"",""3-5-4"",""3-4-1"",""3-4-2"",""3-4-5"",""3-1-4"",""3-1-5""]"
PIT,08月09日（日）,16,8,"[""3-1-2"",""3-1-4"",""3-1-6"",""3-2-1"",""3-4-1"",""1-3-2"",""1-3-4"",""1-3-6""]"
PIT,08月09日（日）,11,1,"[""1-3-2"",""1-3-4"",""1-3-5"",""1-3-6"",""1-2-3"",""1-2-4"",""1-4-2"",""1-4-3""]"
PIT,08月09日（日）,24,4,"[""2-1-3"",""2-1-5"",""2-1-6"",""2-5-1"",""2-5-3"",""2-5-6"",""1-2-3"",""1-2-5""]"
PIT,08月08日（土）,10,1,"[""1-3-2"",""1-3-4"",""1-3-5"",""1-3-6"",""1-5-3"",""1-6-3"",""3-1-5"",""3-1-6""]"
PIT,08月08日（土）,08,8,"[""4-1-2"",""4-1-5"",""4-1-6"",""4-2-1"",""4-6-1"",""1-4-2"",""1-4-5"",""1-4-6""]"
PIT,08月08日（土）,08,1,"[""1-3-4"",""1-3-6"",""1-4-3"",""1-4-6"",""1-6-3"",""1-6-4"",""4-1-6"",""6-1-4""]"
PIT,08月08日（土）,08,1,"[""1-2-3"",""1-2-4"",""1-2-5"",""1-2-6"",""1-4-2"",""1-6-2"",""2-1-4"",""2-1-6""]"
PIT,08月07日（金）,02,7,"[""1-2-4"",""1-3-2"",""1-3-4"",""1-4-2"",""1-4-3"",""4-1-2"",""4-1-3"",""3-1-4""]"
PIT,08月07日（金）,16,9,"[""1-3-4"",""1-4-3"",""1-4-5"",""1-5-3"",""1-5-4"",""4-1-3"",""4-1-5"",""5-1-4""]"
PIT,08月07日（金）,19,2,"[""1-2-3"",""1-2-5"",""1-3-2"",""1-3-4"",""1-3-5"",""1-5-3"",""3-1-2"",""3-1-5""]"
PIT,08月07日（金）,24,4,"[""2-1-6"",""2-6-1"",""2-6-3"",""6-1-2"",""6-2-1"",""6-2-3"",""1-2-6"",""1-6-2""]"
PIT,08月06日（木）,18,1,"[""1-2-3"",""1-2-4"",""1-2-5"",""1-3-2"",""1-3-4"",""2-1-3"",""2-3-1"",""3-1-2""]"
PIT,08月06日（木）,14,6,"[""1-2-5"",""1-4-5"",""1-5-2"",""1-5-3"",""1-5-4"",""1-5-6"",""2-1-5"",""5-1-4""]"
PIT,08月06日（木）,22,9,"[""1-2-3"",""1-3-2"",""1-3-4"",""1-3-6"",""1-4-3"",""3-1-2"",""3-1-4"",""3-1-6""]"
PIT,08月06日（木）,06,1,"[""1-2-3"",""1-2-5"",""1-2-6"",""1-3-2"",""1-3-5"",""1-5-2"",""1-5-3"",""2-1-5""]"
PIT,08月05日（水）,02,7,"[""1-2-3"",""1-2-5"",""1-3-2"",""1-3-4"",""1-3-5"",""1-5-2"",""1-5-3"",""2-1-3""]"
PIT,08月05日（水）,22,6,"[""1-2-3"",""1-3-2"",""1-3-4"",""1-3-5"",""1-3-6"",""3-1-2"",""3-1-4"",""3-1-5""]"
PIT,08月05日（水）,09,1,"[""2-1-4"",""2-1-5"",""2-4-1"",""1-2-3"",""1-2-4"",""1-2-5"",""1-4-2"",""1-4-5""]"
PIT,08月05日（水）,14,9,"[""1-3-5"",""1-3-6"",""1-5-3"",""1-5-6"",""1-6-3"",""1-6-5"",""6-1-5"",""6-5-1""]"
PIT,08月04日（火）,02,7,"[""1-3-2"",""1-3-4"",""1-3-6"",""1-4-2"",""1-4-3"",""3-1-4"",""3-4-1"",""4-1-3""]"
PIT,08月04日（火）,22,7,"[""2-3-1"",""2-3-4"",""2-3-6"",""2-4-3"",""2-4-6"",""2-6-1"",""2-6-3"",""2-6-4""]"
PIT,08月04日（火）,08,1,"[""1-2-3"",""1-3-5"",""1-3-6"",""1-5-3"",""1-5-6"",""1-6-3"",""1-6-5"",""3-1-6""]"
PIT,08月04日（火）,14,1,"[""3-1-4"",""3-1-5"",""3-4-5"",""3-4-6"",""3-5-4"",""3-5-6"",""3-6-4"",""3-6-5""]"
PIT,08月03日（月）,13,9,"[""1-2-3"",""1-2-4"",""1-3-2"",""1-3-4"",""1-4-2"",""1-4-3"",""3-1-2"",""4-1-2""]"
PIT,08月03日（月）,13,1,"[""1-2-3"",""1-2-6"",""1-3-4"",""1-3-5"",""1-3-6"",""1-6-3"",""3-1-6"",""6-1-3""]"
PIT,08月03日（月）,12,4,"[""1-4-2"",""1-4-3"",""1-2-3"",""1-2-4"",""1-3-2"",""1-3-4"",""4-1-2"",""4-1-3""]"
PIT,08月03日（月）,22,1,"[""1-2-3"",""1-2-4"",""1-2-5"",""1-2-6"",""1-4-2"",""1-4-3"",""1-4-5"",""1-4-6""]"
PIT,08月02日（日）,02,7,"[""1-2-4"",""1-3-4"",""1-4-2"",""1-4-3"",""1-4-5"",""1-5-2"",""1-5-3"",""1-5-4""]"
PIT,08月02日（日）,18,1,"[""1-2-3"",""1-2-4"",""1-2-5"",""1-2-6"",""1-4-2"",""2-1-4"",""2-1-5"",""2-4-1""]"
PIT,08月02日（日）,02,1,"[""1-2-4"",""1-2-5"",""1-2-6"",""1-4-6"",""1-6-2"",""1-6-4"",""2-1-4"",""2-1-6""]"
PIT,08月02日（日）,12,4,"[""2-1-5"",""2-4-5"",""2-4-6"",""2-5-1"",""2-5-4"",""2-5-6"",""2-6-5"",""4-2-5""]"
PIT,08月01日（土）,08,7,"[""3-1-2"",""3-1-4"",""3-1-5"",""3-1-6"",""3-4-1"",""3-5-1"",""1-3-4"",""1-3-5""]"
PIT,08月01日（土）,23,1,"[""1-2-3"",""1-2-4"",""1-3-2"",""1-3-4"",""1-4-2"",""1-4-3"",""1-4-5"",""1-4-6""]"
PIT,08月01日（土）,08,1,"[""1-4-3"",""1-4-5"",""1-4-6"",""1-6-4"",""4-1-3"",""4-1-5"",""4-1-6"",""4-6-1""]"
PIT,08月01日（土）,04,1,"[""1-2-3"",""1-2-4"",""1-2-5"",""1-2-6"",""1-4-2"",""2-1-3"",""2-1-4"",""2-1-5""]"
PIT,07月31日（金）,09,8,"[""1-2-3"",""1-2-4"",""1-2-5"",""1-3-2"",""1-4-2"",""1-5-2"",""2-1-4"",""2-1-5""]"
PIT,07月31日（金）,23,1,"[""1-2-3"",""1-2-4"",""1-3-2"",""1-3-4"",""1-4-2"",""1-4-3"",""1-4-5"",""2-1-4""]"
PIT,07月31日（金）,04,8,"[""2-3-1"",""2-3-4"",""2-3-6"",""2-6-3"",""3-2-1"",""3-2-4"",""3-2-6"",""3-6-2""]"
PIT,07月31日（金）,19,5,"[""4-1-3"",""4-1-5"",""4-3-1"",""4-3-2"",""4-3-5"",""3-4-1"",""3-4-5"",""1-4-3""]"
PIT,07月30日（木）,06,6,"[""1-2-3"",""1-2-6"",""1-3-2"",""1-3-6"",""1-6-2"",""1-6-3"",""2-1-6"",""2-6-1""]"
PIT,07月30日（木）,23,1,"[""1-2-3"",""1-2-4"",""1-2-5"",""1-2-6"",""1-3-2"",""1-3-4"",""2-1-3"",""3-1-2""]"
PIT,07月30日（木）,04,8,"[""3-1-2"",""3-1-5"",""3-1-6"",""3-5-1"",""3-5-2"",""3-5-6"",""3-2-1"",""3-2-5""]"
PIT,07月30日（木）,03,1,"[""1-3-2"",""1-3-4"",""1-3-5"",""1-3-6"",""1-5-3"",""1-5-6"",""1-6-3"",""1-6-5""]"
PIT,07月29日（水）,04,6,"[""2-6-1"",""2-6-3"",""2-6-4"",""6-2-1"",""6-2-3"",""6-2-4"",""2-1-6"",""1-2-6""]"
PIT,07月29日（水）,08,8,"[""1-2-4"",""1-2-5"",""1-2-6"",""1-4-2"",""1-4-5"",""1-4-6"",""1-6-2"",""1-6-4""]"
PIT,07月29日（水）,03,1,"[""3-1-2"",""3-1-4"",""3-4-1"",""1-3-2"",""1-3-4"",""1-4-3"",""4-1-3"",""4-3-1""]"
PIT,07月29日（水）,19,5,"[""1-4-2"",""1-4-3"",""1-4-5"",""1-3-2"",""1-3-4"",""1-3-5"",""4-1-3"",""4-1-5""]"
PIT,07月28日（火）,10,1,"[""1-2-3"",""1-2-4"",""1-2-6"",""1-3-4"",""1-4-2"",""1-4-3"",""1-4-6"",""1-6-4""]"
PIT,07月28日（火）,08,8,"[""2-1-3"",""2-3-1"",""2-3-4"",""2-3-5"",""3-1-2"",""3-2-1"",""3-2-5"",""1-2-3""]"
PIT,07月28日（火）,08,1,"[""1-2-3"",""1-2-4"",""1-2-5"",""1-2-6"",""1-6-2"",""2-1-4"",""2-1-5"",""2-1-6""]"
PIT,07月28日（火）,08,1,"[""1-2-3"",""1-2-4"",""1-3-2"",""2-1-3"",""2-1-4"",""2-3-1"",""3-1-2"",""3-2-1""]"
PIT,07月27日（月）,06,6,"[""1-2-4"",""1-2-6"",""1-4-2"",""1-4-6"",""1-6-2"",""1-6-4"",""4-1-2"",""4-1-6""]"
PIT,07月27日（月）,17,8,"[""1-2-5"",""1-2-6"",""1-6-2"",""2-1-5"",""2-1-6"",""2-6-1"",""6-1-2"",""6-2-1""]"
PIT,07月27日（月）,02,1,"[""1-3-4"",""1-3-5"",""1-4-3"",""1-4-5"",""1-4-6"",""1-5-3"",""1-5-4"",""1-5-6""]"
PIT,07月27日（月）,16,1,"[""1-2-3"",""1-2-4"",""1-2-6"",""1-3-2"",""1-3-4"",""1-3-6"",""2-1-3"",""2-1-4""]"
PIT,07月26日（日）,10,1,"[""1-2-4"",""1-4-2"",""1-4-6"",""1-6-4"",""4-1-6"",""4-2-6"",""4-6-2"",""2-4-6""]"
PIT,07月26日（日）,11,9,"[""1-2-3"",""1-3-2"",""1-3-5"",""1-3-6"",""1-5-3"",""1-5-6"",""1-6-3"",""1-6-5""]"
PIT,07月26日（日）,16,1,"[""2-1-3"",""2-1-4"",""2-1-6"",""2-3-1"",""2-3-6"",""1-2-3"",""1-2-4"",""1-2-6""]"
PIT,07月26日（日）,17,1,"[""1-2-3"",""1-2-4"",""1-2-5"",""1-2-6"",""1-3-2"",""1-4-2"",""2-1-3"",""2-1-4""]"
PIT,07月25日（土）,02,7,"[""1-2-3"",""1-2-4"",""1-4-2"",""1-4-3"",""1-4-5"",""1-4-6"",""2-1-4"",""4-1-2""]"
PIT,07月25日（土）,11,9,"[""1-2-3"",""1-2-6"",""1-3-2"",""1-3-6"",""1-6-2"",""1-6-3"",""2-1-3"",""3-1-6""]"
PIT,07月25日（土）,20,2,"[""2-1-5"",""2-3-5"",""2-5-1"",""2-5-3"",""2-5-4"",""5-2-1"",""5-2-3"",""1-2-5""]"
PIT,07月25日（土）,01,5,"[""1-2-3"",""1-2-6"",""1-3-2"",""2-1-3"",""2-1-6"",""2-3-1"",""3-1-2"",""3-2-1""]"
PIT,07月24日（金）,13,8,"[""2-1-3"",""2-1-4"",""2-1-5"",""2-4-1"",""2-5-1"",""1-2-3"",""1-2-4"",""1-2-5""]"
PIT,07月24日（金）,23,1,"[""1-2-3"",""1-2-4"",""1-2-5"",""1-5-2"",""1-5-3"",""1-5-4"",""1-4-2"",""1-4-5""]"
PIT,07月24日（金）,11,1,"[""1-2-3"",""1-2-6"",""1-3-2"",""1-3-6"",""1-6-2"",""1-6-3"",""1-4-2"",""1-4-6""]"
PIT,07月24日（金）,01,6,"[""1-2-3"",""1-2-4"",""1-2-5"",""1-2-6"",""1-3-2"",""1-3-4"",""1-4-2"",""1-4-3""]"
PIT,07月23日（木）,08,6,"[""1-2-4"",""1-2-5"",""1-3-5"",""1-4-5"",""1-5-2"",""1-5-3"",""1-5-4"",""2-1-5""]"
PIT,07月23日（木）,11,9,"[""2-1-3"",""2-1-5"",""2-3-5"",""2-5-1"",""2-5-3"",""2-5-4"",""2-5-6"",""5-2-3""]"
PIT,07月23日（木）,06,1,"[""3-1-5"",""3-1-6"",""3-5-1"",""3-5-6"",""1-3-5"",""1-5-3"",""5-1-3"",""5-3-1""]"
PIT,07月23日（木）,01,4,"[""1-2-5"",""1-2-6"",""1-5-2"",""1-5-6"",""1-6-2"",""1-6-5"",""5-1-6"",""6-1-5""]"
PIT,07月22日（水）,23,1,"[""1-3-4"",""1-4-2"",""1-4-3"",""1-4-5"",""1-4-6"",""4-1-3"",""4-1-5"",""4-3-1""]"
PIT,07月22日（水）,09,9,"[""1-2-3"",""1-2-6"",""1-4-6"",""1-6-2"",""1-6-4"",""2-1-3"",""2-1-6"",""2-6-1""]"
PIT,07月22日（水）,15,4,"[""3-1-5"",""3-5-1"",""3-5-2"",""3-5-6"",""5-1-3"",""5-3-1"",""1-3-5"",""1-5-3""]"
PIT,07月22日（水）,17,1,"[""1-2-3"",""1-2-4"",""1-2-5"",""1-3-2"",""1-3-4"",""1-3-5"",""2-1-3"",""3-1-2""]"
PIT,07月21日（火）,05,7,"[""2-3-5"",""2-3-6"",""2-5-3"",""2-5-6"",""3-2-5"",""3-2-6"",""3-5-2"",""3-5-6""]"
PIT,07月21日（火）,05,9,"[""1-2-3"",""1-2-4"",""1-3-2"",""1-3-4"",""2-1-3"",""2-3-1"",""3-1-2"",""3-2-1""]"
PIT,07月21日（火）,08,1,"[""1-2-6"",""1-6-2"",""1-6-3"",""1-6-5"",""6-1-2"",""6-1-3"",""6-1-5"",""2-1-6""]"
PIT,07月21日（火）,15,5,"[""1-2-3"",""1-2-4"",""1-4-2"",""1-4-3"",""2-1-4"",""2-4-1"",""4-1-2"",""4-2-1""]"
PIT,07月20日（月）,02,7,"[""1-2-4"",""1-2-5"",""1-3-4"",""1-3-5"",""1-4-2"",""1-4-3"",""1-4-5"",""1-5-4""]"
PIT,07月20日（月）,18,1,"[""1-2-3"",""1-2-4"",""1-3-2"",""1-3-4"",""2-1-3"",""2-1-4"",""3-1-2"",""3-1-4""]"
PIT,07月20日（月）,02,1,"[""1-2-3"",""1-3-2"",""1-3-4"",""1-3-5"",""1-3-6"",""1-5-3"",""3-1-2"",""3-1-5""]"
PIT,07月20日（月）,24,5,"[""4-1-3"",""4-1-5"",""4-3-5"",""4-5-1"",""1-3-4"",""1-4-3"",""1-4-5"",""1-5-4""]"
PIT,07月19日（日）,13,7,"[""1-2-3"",""1-2-4"",""1-2-5"",""1-2-6"",""1-3-2"",""1-3-4"",""1-3-5"",""1-3-6""]"
PIT,07月19日（日）,05,9,"[""1-2-5"",""1-2-6"",""1-5-2"",""1-5-4"",""1-5-6"",""1-6-2"",""1-6-4"",""1-6-5""]"
PIT,07月19日（日）,24,2,"[""2-3-5"",""2-3-6"",""2-5-6"",""2-6-3"",""2-6-4"",""2-6-5"",""3-2-6"",""6-2-3""]"
PIT,07月19日（日）,24,4,"[""3-1-2"",""3-1-6"",""3-2-1"",""3-2-6"",""1-2-3"",""1-3-2"",""1-3-6"",""2-3-1""]"
PIT,07月18日（土）,10,1,"[""1-4-2"",""1-4-3"",""1-3-2"",""1-3-4"",""1-2-3"",""1-2-4"",""4-1-3"",""4-1-5""]"
PIT,07月18日（土）,17,8,"[""1-3-4"",""1-3-5"",""1-3-6"",""1-4-3"",""1-4-5"",""1-4-6"",""1-6-3"",""1-6-4""]"
PIT,07月18日（土）,01,4,"[""1-2-4"",""1-2-6"",""1-4-2"",""1-4-6"",""1-6-2"",""1-6-4"",""2-1-4"",""2-1-6""]"
PIT,07月18日（土）,07,6,"[""1-2-3"",""1-2-4"",""1-2-6"",""1-4-2"",""2-1-3"",""2-1-4"",""2-1-6"",""2-4-1""]"
PIT,07月17日（金）,21,1,"[""1-2-3"",""1-2-4"",""1-2-6"",""1-3-4"",""1-4-2"",""1-4-3"",""1-4-5"",""1-4-6""]"
PIT,07月17日（金）,02,9,"[""2-1-4"",""2-1-6"",""2-4-1"",""2-4-6"",""1-2-4"",""1-2-6"",""1-4-2"",""4-2-1""]"
PIT,07月17日（金）,24,2,"[""2-1-4"",""2-3-4"",""2-4-1"",""2-4-3"",""2-4-5"",""4-2-1"",""4-2-3"",""4-2-5""]"
PIT,07月17日（金）,24,5,"[""1-4-3"",""1-4-6"",""1-6-3"",""1-6-4"",""4-1-3"",""4-1-6"",""4-6-1"",""4-6-3""]"
PIT,07月16日（木）,03,1,"[""1-2-3"",""1-2-4"",""1-2-5"",""1-3-2"",""1-3-4"",""1-3-5"",""1-4-2"",""1-4-3""]"
PIT,07月16日（木）,19,4,"[""4-1-5"",""4-2-5"",""4-5-2"",""5-2-4"",""5-4-2"",""2-4-5"",""2-5-4"",""1-4-5""]"
PIT,07月16日（木）,23,1,"[""1-3-2"",""1-3-4"",""1-3-5"",""1-4-2"",""1-4-3"",""1-4-5"",""1-5-3"",""1-5-4""]"
PIT,07月16日（木）,21,1,"[""1-2-3"",""1-2-4"",""1-2-6"",""1-3-2"",""1-3-4"",""1-4-2"",""2-1-3"",""2-1-4""]"
PIT,07月15日（水）,16,8,"[""2-1-5"",""2-3-5"",""2-5-1"",""2-5-3"",""2-5-4"",""2-5-6"",""2-6-5"",""5-2-6""]"
PIT,07月15日（水）,13,9,"[""2-1-3"",""2-1-4"",""2-3-1"",""2-3-4"",""1-2-3"",""1-3-2"",""3-1-2"",""3-2-1""]"
PIT,07月15日（水）,06,1,"[""1-2-3"",""1-2-5"",""1-3-2"",""1-3-5"",""1-5-3"",""3-1-2"",""3-1-5"",""3-5-1""]"
PIT,07月15日（水）,19,4,"[""2-1-4"",""2-3-4"",""2-3-6"",""2-4-1"",""2-4-3"",""2-4-5"",""2-4-6"",""2-6-4""]"
PIT,07月14日（火）,11,7,"[""3-4-1"",""3-4-6"",""3-6-1"",""3-6-4"",""4-3-6"",""4-6-3"",""6-3-4"",""6-4-3""]"
PIT,07月14日（火）,21,1,"[""1-2-4"",""1-3-4"",""1-4-2"",""1-4-3"",""1-4-6"",""1-6-4"",""4-1-3"",""4-1-6""]"
PIT,07月14日（火）,20,2,"[""3-1-4"",""3-1-5"",""3-2-5"",""3-4-1"",""3-4-5"",""3-5-1"",""3-5-2"",""3-5-4""]"
PIT,07月14日（火）,04,1,"[""1-2-3"",""1-2-4"",""1-2-5"",""1-2-6"",""1-3-2"",""1-4-2"",""2-1-3"",""2-1-4""]"
PIT,07月13日（月）,21,1,"[""1-5-2"",""1-5-3"",""1-5-4"",""1-3-2"",""1-3-4"",""1-3-5"",""1-4-3"",""1-4-5""]"
PIT,07月13日（月）,11,9,"[""1-4-2"",""1-4-3"",""1-4-5"",""1-5-2"",""1-5-3"",""1-5-4"",""1-2-4"",""1-2-5""]"
PIT,07月13日（月）,12,2,"[""1-2-3"",""1-2-4"",""1-2-5"",""1-2-6"",""1-3-2"",""1-4-2"",""1-5-2"",""1-6-2""]"
PIT,07月13日（月）,20,5,"[""1-4-2"",""1-4-3"",""1-4-5"",""1-4-6"",""4-1-3"",""4-1-5"",""4-1-6"",""1-3-4""]"
PIT,07月12日（日）,21,1,"[""1-2-4"",""1-2-5"",""1-2-6"",""1-4-2"",""1-4-6"",""1-6-2"",""2-1-4"",""2-1-6""]"
PIT,07月12日（日）,09,1,"[""1-2-3"",""1-2-4"",""1-2-5"",""1-3-2"",""1-3-4"",""1-3-5"",""1-4-2"",""3-1-4""]"
PIT,07月12日（日）,17,1,"[""3-1-2"",""3-1-4"",""3-2-1"",""3-2-4"",""3-4-1"",""1-2-3"",""1-3-2"",""1-3-4""]"
PIT,07月12日（日）,04,1,"[""2-1-3"",""2-1-4"",""2-1-5"",""2-1-6"",""2-3-1"",""2-3-6"",""2-6-1"",""2-6-3""]"
PIT,07月11日（土）,02,7,"[""1-2-3"",""1-2-5"",""1-3-2"",""1-3-5"",""1-5-2"",""1-5-3"",""2-1-3"",""2-1-5""]"
PIT,07月11日（土）,14,6,"[""2-3-6"",""2-6-1"",""2-6-3"",""2-6-4"",""2-6-5"",""6-2-3"",""6-2-4"",""6-2-5""]"
PIT,07月11日（土）,17,1,"[""1-3-5"",""1-5-2"",""1-5-3"",""1-5-6"",""1-6-5"",""5-1-3"",""5-1-6"",""5-3-1""]"
PIT,07月11日（土）,04,1,"[""1-2-3"",""1-3-2"",""1-3-5"",""1-3-6"",""2-1-3"",""2-3-1"",""3-1-2"",""3-2-1""]"
PIT,07月10日（金）,02,7,"[""1-2-3"",""1-2-4"",""1-3-2"",""1-3-4"",""1-4-2"",""1-4-3"",""3-1-4"",""4-1-3""]"
PIT,07月10日（金）,05,1,"[""1-2-3"",""1-2-6"",""1-3-2"",""1-3-6"",""2-1-3"",""2-3-1"",""3-1-2"",""3-2-1""]"
PIT,07月10日（金）,12,5,"[""1-2-5"",""1-2-6"",""1-6-2"",""1-6-5"",""2-1-6"",""2-6-1"",""6-1-2"",""6-2-1""]"
PIT,07月09日（木）,14,4,"[""1-2-3"",""1-2-5"",""1-2-6"",""1-3-2"",""1-5-2"",""2-1-3"",""2-1-5"",""2-1-6""]"
PIT,07月09日（木）,17,8,"[""3-1-6"",""3-2-6"",""3-4-1"",""3-4-2"",""3-4-6"",""3-6-1"",""3-6-2"",""3-6-4""]"
PIT,07月09日（木）,02,1,"[""2-1-4"",""2-1-5"",""2-5-1"",""2-5-4"",""1-2-5"",""1-5-2"",""1-5-4"",""5-2-1""]"
PIT,07月09日（木）,14,1,"[""2-1-4"",""2-1-6"",""2-4-1"",""2-4-5"",""2-4-6"",""2-6-1"",""2-6-4"",""2-6-5""]"
PIT,07月08日（水）,23,1,"[""1-2-3"",""1-2-5"",""1-3-2"",""1-3-5"",""1-5-2"",""1-5-3"",""1-5-4"",""2-1-5""]"
PIT,07月08日（水）,05,8,"[""1-2-4"",""1-2-5"",""1-4-2"",""1-4-5"",""1-5-2"",""1-5-4"",""2-1-4"",""2-4-1""]"
PIT,07月08日（水）,14,8,"[""3-1-2"",""3-1-4"",""3-1-5"",""3-1-6"",""1-3-2"",""1-3-4"",""1-3-5"",""1-3-6""]"
PIT,07月08日（水）,01,5,"[""2-1-3"",""2-3-1"",""2-3-4"",""2-3-6"",""1-2-3"",""1-3-2"",""3-1-2"",""3-2-1""]"
PIT,07月07日（火）,16,7,"[""1-2-4"",""1-4-2"",""1-4-3"",""1-4-5"",""4-1-2"",""4-1-3"",""4-1-6"",""4-2-1""]"
PIT,07月07日（火）,10,9,"[""1-2-4"",""1-2-5"",""1-4-2"",""1-4-5"",""1-5-2"",""1-5-3"",""1-5-4"",""1-5-6""]"
PIT,07月07日（火）,05,1,"[""2-1-4"",""2-1-5"",""2-4-1"",""2-5-1"",""1-2-4"",""1-2-5"",""1-4-5"",""1-5-4""]"
PIT,07月07日（火）,07,5,"[""2-1-4"",""2-1-6"",""2-4-1"",""2-4-5"",""2-4-6"",""2-6-4"",""1-2-4"",""4-2-1""]"
PIT,07月06日（月）,13,9,"[""2-1-3"",""2-1-4"",""2-1-5"",""2-1-6"",""2-3-1"",""2-4-1"",""1-2-3"",""1-2-4""]"
PIT,07月06日（月）,13,1,"[""1-3-2"",""1-3-6"",""1-6-2"",""1-6-3"",""1-2-3"",""1-2-6"",""3-1-6"",""6-1-3""]"
PIT,07月06日（月）,13,1,"[""1-2-3"",""1-2-4"",""1-2-5"",""1-2-6"",""1-3-2"",""1-3-4"",""1-3-5"",""1-3-6""]"
PIT,07月06日（月）,04,1,"[""1-2-3"",""1-2-4"",""1-2-5"",""1-4-2"",""1-4-3"",""1-4-5"",""1-3-2"",""1-3-4""]"
PIT,07月05日（日）,16,7,"[""2-3-1"",""2-3-4"",""2-3-5"",""2-3-6"",""2-5-3"",""2-6-3"",""3-2-5"",""3-2-6""]"
PIT,07月05日（日）,09,1,"[""5-1-2"",""5-1-3"",""5-2-1"",""5-2-3"",""5-3-2"",""1-5-2"",""1-5-3"",""2-5-3""]"
PIT,07月05日（日）,17,1,"[""1-2-4"",""1-2-5"",""1-4-2"",""1-4-5"",""2-1-4"",""2-4-1"",""4-1-2"",""4-2-1""]"
PIT,07月05日（日）,19,5,"[""4-1-2"",""4-1-3"",""4-1-5"",""4-3-1"",""1-3-4"",""1-4-2"",""1-4-3"",""1-4-5""]"
PIT,07月04日（土）,17,7,"[""2-1-3"",""2-3-1"",""2-3-4"",""2-3-5"",""2-3-6"",""2-6-3"",""3-2-1"",""3-2-6""]"
PIT,07月04日（土）,14,6,"[""2-1-4"",""2-3-4"",""2-4-1"",""2-4-3"",""2-4-5"",""2-5-1"",""2-5-3"",""2-5-4""]"
PIT,07月04日（土）,07,3,"[""6-2-3"",""6-2-5"",""6-3-2"",""6-3-5"",""3-2-6"",""3-6-2"",""2-3-6"",""2-6-3""]"
PIT,07月04日（土）,04,1,"[""2-1-3"",""2-1-4"",""2-1-5"",""2-1-6"",""2-5-1"",""1-2-3"",""1-2-5"",""1-2-6""]"
PIT,07月03日（金）,18,1,"[""1-2-3"",""1-2-5"",""1-3-2"",""1-3-5"",""1-5-2"",""2-1-3"",""2-1-5"",""2-3-1""]"
PIT,07月03日（金）,21,1,"[""1-2-3"",""1-2-4"",""1-2-6"",""1-3-2"",""1-3-4"",""1-3-6"",""1-4-3"",""1-4-6""]"
PIT,07月03日（金）,04,9,"[""1-2-4"",""1-2-5"",""1-4-2"",""1-4-5"",""1-5-4"",""2-1-4"",""2-1-5"",""2-4-5""]"
PIT,07月03日（金）,04,1,"[""1-2-3"",""1-2-4"",""1-2-5"",""1-2-6"",""1-3-2"",""1-5-2"",""2-1-5"",""2-1-6""]"
PIT,07月02日（木）,05,1,"[""1-2-3"",""1-2-5"",""1-3-2"",""1-3-5"",""1-5-2"",""2-1-5"",""2-3-5"",""2-5-1""]"
PIT,07月02日（木）,04,1,"[""2-1-4"",""2-1-5"",""2-1-6"",""2-4-1"",""1-2-4"",""1-2-5"",""1-2-6"",""1-4-2""]"
PIT,07月02日（木）,05,7,"[""1-3-6"",""1-6-3"",""1-6-5"",""6-1-3"",""6-1-5"",""6-3-1"",""3-1-6"",""3-6-1""]"
PIT,07月02日（木）,21,1,"[""1-2-3"",""1-2-4"",""1-3-4"",""1-3-5"",""1-4-2"",""1-4-3"",""1-4-5"",""1-4-6""]"
PIT,07月01日（水）,13,8,"[""1-2-3"",""1-2-4"",""1-2-5"",""1-3-2"",""1-3-4"",""1-4-2"",""1-4-3"",""4-1-2""]"
PIT,07月01日（水）,18,1,"[""1-2-3"",""1-2-4"",""1-2-5"",""1-2-6"",""1-3-2"",""1-3-4"",""1-3-6"",""1-4-2""]"
PIT,07月01日（水）,13,1,"[""4-2-3"",""4-2-6"",""4-3-6"",""4-6-2"",""2-4-3"",""2-4-5"",""2-4-6"",""2-6-4""]"
PIT,07月01日（水）,01,5,"[""1-4-5"",""1-5-3"",""1-5-4"",""1-5-6"",""5-1-3"",""5-1-4"",""5-1-6"",""5-4-1""]"
PIT,06月30日（火）,23,1,"[""1-2-4"",""1-2-5"",""1-2-6"",""1-4-2"",""2-1-4"",""2-1-5"",""2-1-6"",""2-4-1""]"
PIT,06月30日（火）,23,1,"[""1-2-3"",""1-2-4"",""1-2-5"",""1-2-6"",""1-3-2"",""1-3-4"",""1-3-5"",""1-5-2""]"
PIT,06月29日（月）,02,1,"[""2-1-3"",""2-1-4"",""2-3-4"",""2-4-1"",""2-4-3"",""2-4-5"",""3-2-4"",""4-2-3""]"
PIT,06月29日（月）,14,1,"[""1-2-5"",""1-3-5"",""1-4-5"",""1-5-2"",""1-5-3"",""1-5-4"",""1-5-6"",""2-1-5""]"
PIT,06月29日（月）,23,1,"[""1-2-3"",""1-2-4"",""1-2-5"",""1-4-2"",""1-4-5"",""2-1-3"",""2-1-4"",""2-1-5""]"
PIT,06月29日（月）,23,1,"[""1-2-3"",""1-2-4"",""1-2-5"",""1-3-2"",""1-5-2"",""2-1-3"",""2-1-4"",""2-1-5""]"
PIT,06月28日（日）,14,4,"[""1-2-4"",""1-2-5"",""1-4-2"",""1-4-5"",""1-5-2"",""1-5-4"",""4-1-5"",""5-1-4""]"
PIT,06月28日（日）,08,8,"[""6-1-2"",""6-1-3"",""6-1-4"",""6-3-1"",""1-3-6"",""1-6-2"",""1-6-3"",""1-6-4""]"
PIT,06月28日（日）,24,2,"[""3-1-5"",""3-1-6"",""3-5-6"",""3-6-1"",""3-6-4"",""3-6-5"",""1-3-5"",""1-3-6""]"
PIT,06月28日（日）,24,5,"[""4-1-2"",""4-1-3"",""4-1-6"",""4-2-1"",""4-3-1"",""1-3-4"",""1-4-2"",""1-4-3""]"
PIT,06月27日（土）,09,8,"[""2-3-1"",""2-3-4"",""2-3-6"",""2-4-1"",""2-4-3"",""2-4-6"",""2-1-3"",""2-1-4""]"
PIT,06月27日（土）,06,7,"[""4-1-2"",""4-1-3"",""4-1-5"",""4-1-6"",""1-4-2"",""1-4-3"",""1-4-5"",""1-4-6""]"
PIT,06月27日（土）,02,1,"[""1-4-2"",""1-4-5"",""1-4-6"",""1-5-2"",""1-5-4"",""1-5-6"",""1-6-4"",""1-6-5""]"
PIT,06月27日（土）,06,1,"[""1-4-2"",""1-4-3"",""1-4-6"",""1-6-2"",""1-6-3"",""1-6-4"",""1-2-4"",""1-2-6""]"
PIT,06月26日（金）,11,7,"[""1-2-3"",""1-3-2"",""1-3-4"",""1-3-6"",""1-6-3"",""3-1-2"",""3-1-6"",""3-2-1""]"
PIT,06月26日（金）,14,6,"[""1-3-4"",""1-4-3"",""1-4-5"",""1-4-6"",""1-5-4"",""4-1-3"",""4-1-5"",""4-5-1""]"
PIT,06月25日（木）,14,4,"[""2-1-3"",""2-1-4"",""2-1-5"",""2-4-1"",""2-5-1"",""1-2-4"",""1-2-5"",""1-4-2""]"
PIT,06月25日（木）,11,9,"[""1-3-4"",""1-3-5"",""1-3-6"",""1-4-3"",""1-4-5"",""1-4-6"",""1-5-3"",""1-5-6""]"
PIT,06月25日（木）,02,1,"[""1-2-3"",""1-2-5"",""1-3-2"",""1-3-5"",""1-3-6"",""1-5-2"",""1-5-3"",""1-5-6""]"
PIT,06月25日（木）,14,1,"[""4-1-3"",""4-1-5"",""4-1-6"",""4-5-1"",""4-6-1"",""1-4-3"",""1-4-5"",""1-4-6""]"
PIT,06月24日（水）,02,7,"[""1-2-4"",""1-2-5"",""1-3-5"",""1-4-5"",""1-5-2"",""1-5-3"",""1-5-4"",""1-5-6""]"
PIT,06月24日（水）,10,1,"[""2-1-3"",""2-1-4"",""2-3-4"",""2-4-1"",""2-4-3"",""1-2-3"",""1-2-4"",""1-4-2""]"
PIT,06月24日（水）,04,8,"[""2-4-5"",""2-4-6"",""2-5-1"",""2-5-3"",""2-5-4"",""2-5-6"",""2-6-5"",""5-2-4""]"
PIT,06月24日（水）,20,5,"[""1-2-3"",""1-2-4"",""1-3-2"",""1-3-4"",""1-4-2"",""1-4-3"",""4-1-2"",""4-1-3""]"
PIT,06月23日（火）,06,6,"[""1-3-2"",""1-3-4"",""1-3-5"",""1-5-3"",""3-1-2"",""3-1-4"",""3-1-5"",""3-5-1""]"
PIT,06月23日（火）,06,7,"[""1-4-2"",""1-4-3"",""1-4-5"",""1-2-4"",""4-1-2"",""4-1-3"",""4-1-5"",""4-2-1""]"
PIT,06月23日（火）,16,1,"[""1-2-3"",""1-2-4"",""1-2-5"",""1-2-6"",""1-4-2"",""2-1-3"",""2-1-4"",""2-1-6""]"
PIT,06月23日（火）,08,1,"[""1-2-3"",""1-2-4"",""1-2-6"",""1-3-2"",""1-3-4"",""1-3-6"",""1-4-2"",""1-4-3""]"
PIT,06月22日（月）,02,7,"[""1-3-4"",""1-3-5"",""1-4-3"",""1-4-5"",""1-4-6"",""1-5-4"",""3-1-4"",""4-1-3""]"
PIT,06月22日（月）,04,6,"[""2-3-1"",""2-3-5"",""2-5-1"",""2-5-3"",""3-2-5"",""3-5-2"",""5-2-3"",""5-3-2""]"
PIT,06月22日（月）,08,1,"[""1-2-3"",""1-2-4"",""1-2-5"",""1-3-2"",""1-3-4"",""1-4-2"",""1-4-3"",""1-4-5""]"
PIT,06月22日（月）,12,5,"[""1-2-3"",""1-2-6"",""1-3-2"",""1-3-6"",""1-6-2"",""1-6-3"",""1-6-4"",""6-1-3""]"
PIT,06月21日（日）,14,4,"[""1-2-3"",""1-3-2"",""1-3-4"",""1-4-3"",""3-1-2"",""3-1-4"",""3-2-1"",""2-1-3""]"
PIT,06月21日（日）,06,8,"[""2-1-4"",""2-1-6"",""2-4-1"",""2-4-6"",""2-6-1"",""2-6-4"",""1-2-4"",""1-2-6""]"
PIT,06月20日（土）,02,7,"[""1-3-2"",""1-3-4"",""1-3-6"",""1-4-3"",""3-1-2"",""3-1-4"",""3-1-6"",""3-4-1""]"
PIT,06月20日（土）,10,1,"[""1-2-3"",""1-2-4"",""1-3-2"",""1-3-4"",""1-4-2"",""1-4-3"",""2-1-4"",""2-3-4""]"
PIT,06月20日（土）,12,4,"[""3-1-6"",""3-2-6"",""3-6-1"",""3-6-2"",""3-6-5"",""6-3-1"",""6-3-2"",""6-3-5""]"
PIT,06月20日（土）,20,4,"[""4-1-2"",""4-1-6"",""4-2-1"",""4-2-6"",""4-6-1"",""1-4-2"",""1-4-6"",""1-6-4""]"
PIT,06月19日（金）,02,7,"[""1-3-5"",""1-3-6"",""1-5-3"",""1-5-6"",""1-6-5"",""5-1-3"",""5-1-6"",""5-3-1""]"
PIT,06月19日（金）,18,1,"[""1-3-2"",""1-3-4"",""1-3-5"",""1-5-2"",""1-5-3"",""1-5-4"",""1-5-6"",""5-1-3""]"
PIT,06月19日（金）,14,9,"[""2-3-4"",""2-3-5"",""2-3-6"",""2-4-3"",""2-5-3"",""2-5-4"",""2-5-6"",""3-2-5""]"
PIT,06月19日（金）,19,5,"[""1-2-4"",""1-4-2"",""1-4-5"",""1-4-6"",""1-5-4"",""4-1-2"",""4-1-5"",""4-1-6""]"
PIT,06月18日（木）,05,7,"[""2-1-5"",""2-1-6"",""2-5-6"",""2-6-1"",""2-6-3"",""2-6-4"",""2-6-5"",""6-2-5""]"
PIT,06月18日（木）,10,1,"[""1-3-4"",""1-3-6"",""1-4-3"",""1-4-6"",""3-1-4"",""3-4-1"",""4-1-3"",""4-3-1""]"
PIT,06月18日（木）,19,2,"[""1-3-4"",""1-3-5"",""1-3-6"",""1-4-3"",""1-5-3"",""3-1-4"",""3-1-5"",""3-5-1""]"
PIT,06月18日（木）,12,5,"[""1-2-3"",""1-2-6"",""1-3-2"",""1-3-6"",""1-5-6"",""1-6-2"",""1-6-3"",""1-6-4""]"
PIT,06月17日（水）,14,4,"[""1-2-3"",""1-2-4"",""1-3-2"",""1-3-4"",""1-4-2"",""1-4-3"",""3-1-4"",""4-1-3""]"
PIT,06月17日（水）,21,1,"[""1-2-3"",""1-2-4"",""1-2-5"",""1-3-2"",""1-4-2"",""2-1-3"",""2-1-4"",""2-4-1""]"
PIT,06月16日（火）,09,8,"[""2-1-6"",""2-4-6"",""2-6-1"",""2-6-3"",""2-6-4"",""2-6-5"",""1-2-6"",""1-6-2""]"
PIT,06月16日（火）,10,1,"[""1-2-4"",""1-3-4"",""1-3-5"",""1-4-2"",""1-4-3"",""1-4-5"",""1-5-4"",""4-1-5""]"
PIT,06月15日（月）,06,7,"[""1-4-2"",""1-4-3"",""1-4-5"",""1-4-6"",""1-3-4"",""3-1-4"",""3-4-1"",""4-1-6""]"
PIT,06月15日（月）,02,1,"[""1-2-3"",""1-2-4"",""1-2-5"",""1-4-2"",""2-1-3"",""2-1-4"",""2-1-5"",""2-4-1""]"
PIT,06月15日（月）,02,1,"[""1-2-5"",""1-2-6"",""2-1-5"",""2-1-6"",""2-6-1"",""2-6-5"",""2-5-6"",""2-5-1""]"
PIT,06月15日（月）,22,1,"[""1-2-3"",""1-2-4"",""1-3-2"",""1-3-4"",""1-4-2"",""1-4-3"",""1-4-5"",""1-4-6""]"
PIT,06月14日（日）,16,7,"[""2-1-3"",""2-1-4"",""2-1-5"",""2-5-1"",""1-2-3"",""1-2-4"",""1-2-5"",""1-5-2""]"
PIT,06月14日（日）,06,7,"[""4-1-2"",""4-1-3"",""4-1-6"",""4-3-1"",""1-3-4"",""1-4-2"",""1-4-3"",""1-4-6""]"
PIT,06月14日（日）,06,1,"[""1-2-3"",""1-2-4"",""1-3-2"",""1-4-2"",""1-4-3"",""2-1-3"",""2-1-4"",""2-4-1""]"
PIT,06月14日（日）,20,4,"[""3-1-5"",""3-2-5"",""3-4-5"",""3-5-1"",""3-5-2"",""3-5-4"",""3-5-6"",""3-6-5""]"
PIT,06月13日（土）,17,7,"[""3-2-5"",""3-2-6"",""3-5-2"",""3-5-6"",""3-6-2"",""3-6-5"",""2-3-5"",""2-3-6""]"
PIT,06月13日（土）,16,9,"[""1-2-3"",""1-2-4"",""1-2-5"",""1-4-2"",""1-5-2"",""2-1-3"",""2-1-4"",""2-1-5""]"
PIT,06月13日（土）,11,1,"[""1-2-3"",""1-2-4"",""1-2-5"",""1-2-6"",""1-5-2"",""1-5-3"",""1-5-6"",""2-1-5""]"
PIT,06月13日（土）,12,5,"[""1-3-2"",""1-3-6"",""1-6-2"",""1-6-3"",""3-1-6"",""3-6-1"",""6-1-3"",""6-3-1""]"
PIT,06月12日（金）,22,5,"[""2-4-6"",""2-6-1"",""2-6-4"",""6-2-1"",""6-2-4"",""6-4-2"",""4-2-6"",""4-6-2""]"
PIT,06月12日（金）,05,9,"[""1-3-2"",""1-3-5"",""1-3-6"",""1-5-3"",""1-5-6"",""1-6-3"",""1-6-5"",""3-1-6""]"
PIT,06月12日（金）,06,1,"[""2-1-4"",""2-1-6"",""2-4-1"",""2-4-6"",""2-6-1"",""2-6-4"",""1-2-4"",""1-2-6""]"
PIT,06月12日（金）,22,1,"[""3-1-2"",""3-1-4"",""3-1-5"",""3-1-6"",""3-2-1"",""1-3-2"",""1-3-4"",""1-3-5""]"
PIT,06月11日（木）,14,7,"[""1-3-4"",""1-3-5"",""1-3-6"",""1-4-6"",""1-5-6"",""1-6-3"",""1-6-4"",""1-6-5""]"
PIT,06月11日（木）,22,7,"[""1-2-3"",""1-2-5"",""1-3-2"",""1-3-5"",""1-5-2"",""1-5-3"",""2-1-3"",""2-1-5""]"
PIT,06月11日（木）,01,2,"[""1-2-3"",""1-2-4"",""1-2-5"",""1-2-6"",""1-3-2"",""2-1-3"",""2-1-4"",""2-1-5""]"
PIT,06月11日（木）,01,5,"[""1-2-4"",""1-2-6"",""1-4-2"",""1-4-6"",""1-6-4"",""2-1-4"",""2-4-1"",""4-1-2""]"
PIT,06月10日（水）,05,8,"[""1-3-2"",""1-3-4"",""1-3-5"",""1-3-6"",""3-1-2"",""3-1-4"",""3-1-5"",""3-1-6""]"
PIT,06月10日（水）,14,9,"[""1-2-3"",""1-2-4"",""1-2-5"",""1-2-6"",""1-3-2"",""1-3-5"",""1-3-6"",""1-5-2""]"
PIT,06月10日（水）,19,2,"[""2-1-3"",""2-3-1"",""2-3-4"",""2-3-6"",""2-4-3"",""3-2-1"",""3-2-4"",""3-2-6""]"
PIT,06月10日（水）,12,5,"[""1-4-5"",""1-5-2"",""1-5-3"",""1-5-4"",""1-5-6"",""1-6-5"",""5-1-6"",""5-6-1""]"
PIT,06月09日（火）,16,7,"[""1-2-4"",""1-2-5"",""1-2-6"",""1-4-6"",""1-5-6"",""2-1-4"",""2-1-5"",""2-1-6""]"
PIT,06月09日（火）,05,9,"[""1-2-3"",""1-2-4"",""1-2-5"",""1-3-2"",""1-4-2"",""1-5-2"",""2-1-4"",""2-1-5""]"
PIT,06月09日（火）,19,3,"[""3-1-2"",""3-2-1"",""3-2-6"",""2-1-3"",""2-3-1"",""2-3-6"",""1-2-3"",""1-3-2""]"
PIT,06月09日（火）,01,5,"[""1-2-3"",""1-2-4"",""1-3-2"",""1-3-4"",""2-1-3"",""2-3-1"",""3-1-2"",""3-2-1""]"
PIT,06月08日（月）,09,8,"[""2-3-1"",""2-3-5"",""2-3-6"",""2-6-1"",""2-6-3"",""2-6-5"",""2-1-3"",""2-1-6""]"
PIT,06月08日（月）,14,1,"[""1-3-2"",""1-3-4"",""1-3-5"",""1-3-6"",""1-2-3"",""1-2-4"",""1-2-5"",""1-2-6""]"
PIT,06月08日（月）,05,1,"[""1-4-2"",""1-4-3"",""1-4-5"",""1-4-6"",""1-2-4"",""1-3-4"",""1-5-4"",""4-1-5""]"
PIT,06月08日（月）,17,1,"[""1-2-3"",""1-2-4"",""1-2-5"",""1-2-6"",""1-3-2"",""2-1-3"",""2-1-4"",""3-1-2""]"
PIT,06月07日（日）,18,1,"[""2-1-3"",""2-1-4"",""2-1-5"",""2-3-1"",""2-3-4"",""2-3-5"",""1-2-3"",""1-3-2""]"
PIT,06月07日（日）,05,9,"[""1-2-3"",""1-2-5"",""1-3-2"",""1-3-5"",""1-4-5"",""1-5-2"",""1-5-3"",""1-5-4""]"
PIT,06月07日（日）,22,1,"[""1-2-3"",""1-2-4"",""1-3-2"",""1-3-4"",""1-4-2"",""1-4-3"",""2-1-4"",""2-4-1""]"
PIT,06月07日（日）,24,5,"[""2-1-4"",""2-3-4"",""2-4-1"",""2-4-3"",""2-4-5"",""2-4-6"",""1-2-4"",""1-4-2""]"
PIT,06月06日（土）,21,1,"[""1-3-2"",""1-3-4"",""1-3-5"",""1-4-3"",""1-4-5"",""4-1-3"",""4-3-1"",""3-1-4""]"
PIT,06月06日（土）,17,8,"[""2-3-4"",""2-3-5"",""2-3-6"",""2-4-3"",""3-2-4"",""3-2-5"",""3-2-6"",""3-4-2""]"
PIT,06月06日（土）,20,4,"[""2-1-5"",""2-1-6"",""2-5-1"",""2-5-6"",""2-6-1"",""2-6-5"",""1-2-6"",""6-2-5""]"
PIT,06月06日（土）,19,5,"[""4-1-3"",""4-1-5"",""4-3-1"",""1-3-4"",""1-4-3"",""1-4-5"",""3-1-4"",""3-4-1""]"
PIT,06月05日（金）,18,1,"[""2-1-4"",""2-1-5"",""2-1-6"",""2-6-1"",""2-6-5"",""1-2-5"",""1-2-6"",""1-6-2""]"
PIT,06月05日（金）,10,1,"[""2-1-3"",""2-1-4"",""2-1-5"",""2-4-1"",""1-2-3"",""1-2-4"",""1-2-5"",""1-4-2""]"
PIT,06月05日（金）,17,1,"[""1-3-4"",""1-3-5"",""1-4-3"",""1-4-5"",""1-5-3"",""1-5-4"",""3-1-4"",""3-1-5""]"
PIT,06月05日（金）,22,1,"[""1-2-3"",""1-2-5"",""1-2-6"",""1-3-2"",""1-3-4"",""1-3-5"",""1-3-6"",""1-5-3""]"
PIT,06月04日（木）,17,1,"[""1-3-2"",""1-3-4"",""1-3-5"",""1-3-6"",""1-2-3"",""1-4-3"",""1-5-3"",""1-6-3""]"
PIT,06月04日（木）,20,5,"[""1-2-3"",""1-2-4"",""1-3-2"",""1-3-4"",""1-4-2"",""1-4-3"",""3-1-4"",""4-1-3""]"
PIT,06月04日（木）,18,1,"[""3-1-2"",""3-1-5"",""3-1-6"",""3-4-1"",""3-4-6"",""1-3-2"",""1-3-5"",""1-3-6""]"
PIT,06月04日（木）,10,1,"[""1-2-3"",""1-2-4"",""1-2-5"",""1-3-2"",""1-3-4"",""1-3-5"",""1-5-2"",""1-5-3""]"
PIT,06月03日（水）,10,1,"[""1-2-4"",""1-2-6"",""1-4-2"",""1-4-5"",""1-4-6"",""1-6-2"",""1-6-4"",""1-6-5""]"
PIT,06月03日（水）,22,7,"[""2-1-3"",""2-3-1"",""2-3-5"",""2-3-6"",""2-5-3"",""2-5-6"",""2-6-3"",""3-2-5""]"
PIT,06月03日（水）,15,5,"[""2-1-3"",""2-3-1"",""2-3-4"",""2-4-3"",""3-2-1"",""3-2-4"",""3-4-2"",""4-2-3""]"
PIT,06月03日（水）,01,5,"[""1-3-4"",""1-3-5"",""1-4-5"",""1-5-3"",""1-5-4"",""5-1-3"",""5-1-4"",""5-3-1""]"
PIT,06月02日（火）,21,1,"[""1-2-3"",""1-2-4"",""1-2-5"",""1-2-6"",""2-1-3"",""2-1-4"",""2-1-5"",""2-1-6""]"
PIT,06月02日（火）,22,7,"[""2-1-6"",""2-4-6"",""2-6-1"",""2-6-4"",""2-6-5"",""6-1-2"",""6-2-1"",""6-2-4""]"
PIT,06月02日（火）,15,3,"[""1-4-5"",""1-4-6"",""1-5-4"",""1-6-4"",""4-1-5"",""4-1-6"",""4-5-1"",""5-1-4""]"
PIT,06月02日（火）,20,5,"[""1-2-3"",""1-2-5"",""1-3-5"",""1-5-2"",""1-5-3"",""1-5-4"",""2-1-5"",""5-1-2""]"
PIT,06月01日（月）,14,8,"[""2-1-3"",""2-1-4"",""2-1-5"",""2-1-6"",""2-3-1"",""2-3-4"",""2-4-1"",""2-6-1""]"
PIT,06月01日（月）,20,5,"[""1-2-3"",""1-2-4"",""1-2-5"",""1-3-2"",""1-4-2"",""1-4-3"",""2-1-3"",""2-1-4""]"
PIT,06月01日（月）,02,7,"[""1-2-6"",""1-3-6"",""1-4-6"",""1-6-2"",""1-6-3"",""1-6-4"",""6-1-3"",""6-1-4""]"
PIT,06月01日（月）,21,1,"[""1-3-"",""1-3-5"",""1-4-2"",""1-4-3"",""1-4-5"",""1-5-3"",""1-5-4"",""4-1-5""]"
PIT,05月31日（日）,18,1,"[""2-1-3"",""2-1-4"",""2-3-1"",""2-3-4"",""1-4-3"",""1-2-3"",""1-2-4"",""1-3-2""]"
PIT,05月31日（日）,21,1,"[""1-2-3"",""1-2-4"",""1-2-5"",""1-2-6"",""1-4-2"",""2-1-3"",""2-1-4"",""2-4-1""]"
PIT,05月31日（日）,14,8,"[""2-3-4"",""2-4-3"",""2-4-5"",""2-4-6"",""2-5-3"",""2-5-4"",""2-5-6"",""2-6-4""]"
PIT,05月31日（日）,12,6,"[""1-2-3"",""1-2-4"",""1-2-5"",""1-2-6"",""1-4-2"",""1-6-2"",""2-1-4"",""2-1-6""]"
PIT,05月30日（土）,16,7,"[""1-2-4"",""1-4-2"",""1-4-3"",""1-4-5"",""1-5-4"",""4-1-2"",""4-1-3"",""4-1-5""]"
PIT,05月30日（土）,09,1,"[""2-1-3"",""2-1-4"",""2-1-5"",""2-1-6"",""1-2-3"",""1-2-4"",""1-2-5"",""1-2-6""]"
PIT,05月30日（土）,09,1,"[""2-1-3"",""2-1-5"",""2-3-1"",""2-3-5"",""2-5-1"",""1-2-3"",""1-2-5"",""1-3-2""]"
PIT,05月30日（土）,14,1,"[""4-2-5"",""4-2-6"",""4-5-2"",""4-5-6"",""4-6-2"",""4-6-5"",""2-4-5"",""2-4-6""]"
PIT,05月29日（金）,10,1,"[""1-2-3"",""1-2-4"",""1-2-5"",""1-2-6"",""1-3-2"",""1-3-4"",""1-3-5"",""1-3-6""]"
PIT,05月29日（金）,10,1,"[""1-2-3"",""1-2-4"",""1-2-5"",""1-2-6"",""1-3-2"",""1-5-2"",""2-1-3"",""2-1-5""]"
PIT,05月29日（金）,17,1,"[""1-2-3"",""1-2-4"",""1-2-5"",""1-4-2"",""1-4-3"",""1-4-5"",""2-1-4"",""2-4-1""]"
PIT,05月29日（金）,16,1,"[""1-2-4"",""1-2-5"",""1-4-2"",""1-4-5"",""1-5-2"",""1-5-4"",""1-3-4"",""1-3-5""]"
PIT,05月28日（木）,10,1,"[""1-2-3"",""1-2-4"",""1-2-5"",""1-3-2"",""1-4-2"",""2-1-3"",""2-1-4"",""2-1-5""]"
PIT,05月28日（木）,16,9,"[""4-1-2"",""4-1-3"",""4-2-1"",""4-3-1"",""1-2-4"",""1-3-4"",""1-4-2"",""1-4-3""]"
PIT,05月28日（木）,01,3,"[""2-3-4"",""2-4-3"",""2-4-6"",""2-6-4"",""4-2-3"",""4-2-6"",""4-6-2"",""3-2-4""]"
PIT,05月28日（木）,01,5,"[""2-3-5"",""2-3-6"",""2-5-3"",""2-5-4"",""2-5-6"",""2-6-3"",""2-6-5"",""5-2-6""]"
PIT,05月27日（水）,18,1,"[""2-1-3"",""2-3-4"",""2-3-5"",""2-3-6"",""2-4-3"",""2-4-6"",""2-6-3"",""3-2-6""]"
PIT,05月27日（水）,16,9,"[""4-1-2"",""4-2-1"",""4-2-3"",""5-2-5"",""4-3-2"",""2-4-1"",""2-4-3"",""1-4-2""]"
PIT,05月27日（水）,20,3,"[""3-2-5"",""3-2-6"",""3-5-2"",""3-5-6"",""3-6-5"",""2-3-5"",""2-3-6"",""2-5-3""]"
PIT,05月27日（水）,22,1,"[""1-2-3"",""1-2-4"",""1-2-6"",""1-3-2"",""1-3-4"",""1-3-6"",""1-6-3"",""3-1-2""]"
PIT,05月26日（火）,14,4,"[""1-2-5"",""1-3-5"",""1-4-5"",""1-5-2"",""1-5-3"",""1-5-6"",""3-1-5"",""5-1-3""]"
PIT,05月26日（火）,10,1,"[""1-2-3"",""1-2-4"",""1-2-5"",""1-4-2"",""1-5-2"",""2-1-4"",""2-1-5"",""2-4-1""]"
PIT,05月26日（火）,17,1,"[""1-3-4"",""1-3-6"",""1-4-3"",""1-4-6"",""1-6-3"",""1-6-4"",""3-1-4"",""3-1-6""]"
PIT,05月26日（火）,06,1,"[""2-1-3"",""2-1-5"",""2-1-6"",""2-3-1"",""1-2-3"",""1-2-5"",""1-2-6"",""1-3-2""]"
PIT,05月25日（月）,10,1,"[""1-2-4"",""1-2-5"",""1-2-6"",""1-5-2"",""2-1-4"",""2-1-5"",""2-1-6"",""2-5-1""]"
PIT,05月25日（月）,22,7,"[""2-1-3"",""2-1-4"",""2-1-6"",""2-3-1"",""1-2-3"",""1-2-4"",""1-2-6"",""1-3-2""]"
PIT,05月25日（月）,14,8,"[""1-2-4"",""1-2-5"",""1-2-6"",""1-4-2"",""2-1-4"",""2-1-5"",""2-1-6"",""2-4-1""]"
PIT,05月25日（月）,22,1,"[""1-2-3"",""1-2-6"",""1-6-2"",""1-6-3"",""2-1-6"",""2-6-1"",""6-1-2"",""6-2-1""]"
PIT,05月24日（日）,02,7,"[""1-2-4"",""1-2-5"",""1-4-2"",""1-4-5"",""1-5-2"",""1-5-4"",""2-1-4"",""2-1-5""]"
PIT,05月24日（日）,23,1,"[""1-2-3"",""1-2-4"",""1-2-5"",""1-2-6"",""1-3-2"",""2-1-3"",""2-1-5"",""2-1-6""]"
PIT,05月24日（日）,15,4,"[""2-1-3"",""2-1-4"",""2-1-5"",""2-1-6"",""2-4-1"",""1-1-2"",""1-2-4"",""1-2-5""]"
PIT,05月24日（日）,14,1,"[""2-1-5"",""2-1-6"",""2-4-5"",""2-4-6"",""2-5-6"",""2-6-1"",""2-6-4"",""2-6-5""]"
PIT,05月23日（土）,08,1,"[""1-2-3"",""1-3-2"",""1-3-5"",""1-3-6"",""1-6-3"",""3-1-2"",""3-1-6"",""3-2-1""]"
PIT,05月23日（土）,24,5,"[""1-3-4"",""1-3-6"",""1-4-3"",""1-4-6"",""1-6-3"",""1-6-4"",""6-1-3"",""6-1-4""]"
PIT,05月23日（土）,02,7,"[""1-2-4"",""1-2-5"",""1-5-2"",""1-5-4"",""2-1-5"",""2-5-1"",""5-1-2"",""5-2-1""]"
PIT,05月23日（土）,22,7,"[""2-1-3"",""2-1-4"",""2-1-5"",""2-3-1"",""2-4-1"",""1-2-3"",""1-2-4"",""1-2-5""]"
PIT,05月22日（金）,02,7,"[""1-3-4"",""1-3-5"",""1-3-6"",""1-4-3"",""1-4-6"",""1-6-3"",""1-6-4"",""1-6-5""]"
PIT,05月22日（金）,03,9,"[""1-2-4"",""1-2-6"",""1-4-2"",""1-4-5"",""1-4-6"",""1-6-4"",""4-1-2"",""4-1-6""]"
PIT,05月22日（金）,08,1,"[""1-3-4"",""1-4-2"",""1-4-3"",""1-4-5"",""1-4-6"",""1-6-4"",""4-1-3"",""4-1-6""]"
PIT,05月22日（金）,20,4,"[""2-1-3"",""2-1-4"",""2-1-6"",""2-3-1"",""2-6-1"",""1-2-3"",""1-2-4"",""1-2-6""]"
PIT,05月21日（木）,09,7,"[""2-1-3"",""2-1-6"",""2-3-1"",""2-3-6"",""2-6-1"",""2-6-3"",""1-2-3"",""1-2-6""]"
PIT,05月21日（木）,11,9,"[""2-3-4"",""2-3-5"",""2-3-6"",""2-5-3"",""3-2-5"",""3-2-6"",""5-2-3"",""5-3-2""]"
PIT,05月21日（木）,20,2,"[""1-3-5"",""1-4-3"",""1-4-5"",""1-5-3"",""1-5-4"",""5-1-3"",""5-1-4"",""5-4-3""]"
PIT,05月21日（木）,09,1,"[""1-2-3"",""1-2-4"",""1-2-5"",""1-3-2"",""1-5-2"",""2-1-3"",""2-1-4"",""2-1-5""]"
PIT,05月20日（水）,21,1,"[""2-1-4"",""2-1-5"",""2-4-1"",""2-4-5"",""2-5-4"",""1-2-4"",""1-2-5"",""1-4-2""]"
PIT,05月20日（水）,21,1,"[""1-2-4"",""1-2-5"",""1-2-6"",""1-4-2"",""1-4-5"",""1-4-6"",""1-5-2"",""1-5-4""]"
PIT,05月20日（水）,15,4,"[""1-2-3"",""1-2-4"",""1-3-2"",""1-3-4"",""2-1-3"",""2-3-1"",""3-1-2"",""3-2-1""]"
PIT,05月20日（水）,15,6,"[""1-2-4"",""1-3-4"",""1-4-2"",""1-4-3"",""1-4-5"",""1-4-6"",""4-1-3"",""4-3-1""]"
PIT,05月19日（火）,17,7,"[""1-2-3"",""1-2-6"",""1-3-2"",""1-3-5"",""1-3-6"",""1-6-3"",""3-1-2"",""3-1-6""]"
PIT,05月19日（火）,03,9,"[""1-3-6"",""1-4-6"",""1-6-2"",""1-6-3"",""1-6-4"",""1-6-5"",""6-1-3"",""6-1-4""]"
PIT,05月19日（火）,12,2,"[""2-1-5"",""2-5-1"",""2-5-4"",""1-2-5"",""1-5-2"",""5-1-2"",""5-2-1"",""5-2-4""]"
PIT,05月19日（火）,15,5,"[""6-2-4"",""6-3-4"",""6-4-3"",""1-6-3"",""1-6-4"",""2-6-3"",""2-6-4"",""3-6-4""]"
PIT,05月18日（月）,03,7,"[""1-2-3"",""1-2-6"",""1-3-2"",""1-3-6"",""1-6-2"",""1-6-3"",""6-1-2"",""6-1-3""]"
PIT,05月18日（月）,23,1,"[""1-2-3"",""1-2-4"",""1-2-5"",""1-2-6"",""1-3-2"",""1-3-4"",""1-4-2"",""1-4-3""]"
PIT,05月18日（月）,17,1,"[""1-2-3"",""1-2-4"",""1-2-5"",""1-5-2"",""1-5-3"",""1-5-4"",""1-3-2"",""1-4-2""]"
PIT,05月18日（月）,03,1,"[""1-3-2"",""1-3-4"",""1-3-5"",""1-3-6"",""1-4-2"",""1-4-3"",""1-4-5"",""1-4-6""]"
PIT,05月17日（日）,23,1,"[""1-2-3"",""1-2-4"",""1-2-5"",""1-3-2"",""1-4-2"",""2-1-3"",""2-1-4"",""2-1-5""]"
PIT,05月17日（日）,22,7,"[""1-2-4"",""1-4-2"",""1-4-3"",""1-4-5"",""1-4-6"",""4-1-2"",""4-1-5"",""4-1-6""]"
PIT,05月17日（日）,14,9,"[""1-2-3"",""1-2-4"",""1-2-5"",""1-2-6"",""1-3-2"",""2-1-3"",""2-1-6"",""2-3-1""]"
PIT,05月17日（日）,12,6,"[""2-1-3"",""2-3-1"",""2-3-4"",""2-3-5"",""2-3-6"",""2-4-3"",""2-6-3"",""3-2-6""]"
PIT,05月16日（土）,17,7,"[""1-2-5"",""1-3-5"",""1-4-5"",""1-5-2"",""1-5-3"",""1-5-4"",""5-1-3"",""5-1-4""]"
PIT,05月16日（土）,22,7,"[""2-1-3"",""2-1-4"",""2-1-5"",""2-1-6"",""1-2-3"",""1-2-4"",""1-2-5"",""1-2-6""]"
PIT,05月16日（土）,14,1,"[""1-2-4"",""1-3-4"",""1-3-5"",""1-4-2"",""1-4-3"",""1-4-5"",""1-5-3"",""1-5-4""]"
PIT,05月16日（土）,24,4,"[""2-1-4"",""2-1-5"",""2-1-6"",""2-4-1"",""2-5-1"",""2-6-1"",""1-2-4"",""1-2-5""]"
PIT,05月15日（金）,22,5,"[""2-3-4"",""2-3-6"",""2-4-3"",""2-6-3"",""2-6-4"",""3-2-4"",""3-2-6"",""3-6-2""]"
PIT,05月15日（金）,23,1,"[""1-2-3"",""1-2-4"",""1-2-5"",""1-3-2"",""1-3-4"",""2-1-3"",""2-1-4"",""2-1-5""]"
PIT,05月15日（金）,08,1,"[""1-3-4"",""1-3-6"",""1-4-3"",""1-4-6"",""1-6-4"",""4-1-3"",""4-1-6"",""3-1-4""]"
PIT,05月15日（金）,01,4,"[""2-3-4"",""2-3-5"",""2-3-6"",""2-5-3"",""2-5-6"",""2-6-3"",""2-6-5"",""3-2-6""]"
PIT,05月14日（木）,10,1,"[""1-2-4"",""1-2-5"",""1-4-2"",""1-5-2"",""1-5-4"",""2-1-4"",""2-1-5"",""2-5-1""]"
PIT,05月14日（木）,22,7,"[""1-2-6"",""1-3-6"",""1-5-6"",""1-6-2"",""1-6-3"",""1-6-4"",""1-6-5"",""6-1-5""]"
PIT,05月14日（木）,20,3,"[""2-1-4"",""2-1-6"",""2-5-1"",""2-5-6"",""2-6-5"",""1-2-5"",""1-2-6"",""1-5-2""]"
PIT,05月14日（木）,19,5,"[""1-2-3"",""1-2-4"",""1-3-2"",""1-3-4"",""1-4-2"",""1-4-3"",""4-1-2"",""4-1-3""]"
PIT,05月13日（水）,11,8,"[""1-3-2"",""1-3-4"",""1-3-5"",""1-3-6"",""1-4-3"",""1-4-5"",""1-4-6"",""1-6-2""]"
PIT,05月13日（水）,23,1,"[""1-2-3"",""1-2-5"",""1-2-6"",""1-3-5"",""1-5-2"",""1-5-3"",""1-5-6"",""2-1-5""]"
PIT,05月13日（水）,09,1,"[""1-2-3"",""1-2-4"",""1-2-5"",""1-3-2"",""1-3-4"",""1-4-2"",""2-1-3"",""3-1-2""]"
PIT,05月13日（水）,01,5,"[""2-1-3"",""2-1-4"",""2-1-5"",""2-3-1"",""2-5-1"",""1-2-3"",""1-2-4"",""1-2-5""]"
PIT,05月12日（火）,05,7,"[""1-2-3"",""1-2-4"",""1-2-5"",""1-2-6"",""1-3-2"",""1-3-6"",""1-6-2"",""1-6-3""]"
PIT,05月12日（火）,05,9,"[""1-2-3"",""1-2-4"",""1-2-6"",""1-6-2"",""1-6-3"",""1-6-4"",""1-3-2"",""1-3-6""]"
PIT,05月12日（火）,22,8,"[""1-3-2"",""1-3-6"",""1-2-3"",""1-2-6"",""1-6-2"",""1-6-3"",""2-1-3"",""2-1-6""]"
PIT,05月12日（火）,09,1,"[""1-2-3"",""1-2-4"",""1-2-5"",""1-2-6"",""1-3-2"",""1-3-6"",""1-6-2"",""1-6-3""]"
PIT,05月11日（月）,02,7,"[""1-2-3"",""1-2-4"",""1-2-5"",""1-3-2"",""1-5-2"",""2-1-3"",""2-1-4"",""2-1-5""]"
PIT,05月11日（月）,06,8,"[""2-1-3"",""2-1-4"",""2-1-6"",""2-4-1"",""2-4-3"",""2-4-6"",""1-2-4"",""1-4-2""]"
PIT,05月11日（月）,02,1,"[""2-1-4"",""2-1-5"",""2-1-6"",""2-4-5"",""2-5-1"",""2-5-4"",""2-5-6"",""2-6-5""]"
PIT,05月11日（月）,06,1,"[""5-1-2"",""5-2-1"",""5-2-3"",""5-2-4"",""2-1-5"",""2-5-1"",""1-2-5"",""1-5-2""]"
PIT,05月10日（日）,02,7,"[""1-2-3"",""1-2-4"",""1-3-2"",""1-3-4"",""1-3-5"",""1-4-2"",""1-4-3"",""1-4-5""]"
PIT,05月10日（日）,06,8,"[""2-1-4"",""2-1-6"",""2-4-1"",""2-4-6"",""2-6-1"",""2-6-4"",""1-2-4"",""1-2-6""]"
PIT,05月10日（日）,15,3,"[""3-1-5"",""3-1-6"",""3-4-5"",""3-4-6"",""3-5-4"",""3-5-6"",""3-6-4"",""3-6-5""]"
PIT,05月10日（日）,11,1,"[""2-1-3"",""2-1-4"",""2-3-1"",""2-4-1"",""1-2-3"",""1-2-4"",""1-3-2"",""1-4-2""]"
PIT,05月09日（土）,09,7,"[""2-1-3"",""2-1-5"",""2-3-5"",""2-4-5"",""2-5-1"",""2-5-3"",""2-5-4"",""2-5-6""]"
PIT,05月09日（土）,17,9,"[""1-2-3"",""1-2-5"",""1-3-2"",""1-3-4"",""1-3-5"",""1-5-2"",""1-5-3"",""1-5-4""]"
PIT,05月09日（土）,16,1,"[""1-2-3"",""1-2-4"",""1-2-5"",""1-3-2"",""1-4-2"",""2-1-3"",""2-1-4"",""2-3-1""]"
PIT,05月09日（土）,17,1,"[""1-2-3"",""1-2-4"",""1-2-5"",""1-3-2"",""1-3-4"",""1-3-5"",""1-4-2"",""1-5-2""]"
PIT,05月08日（金）,23,1,"[""1-2-3"",""1-2-4"",""1-2-5"",""1-3-2"",""1-3-4"",""1-3-5"",""1-4-2"",""1-5-2""]"
PIT,05月08日（金）,23,1,"[""1-2-3"",""1-2-4"",""1-2-5"",""1-2-6"",""1-3-2"",""2-1-3"",""2-1-4"",""2-1-6""]"
PIT,05月08日（金）,17,1,"[""2-1-3"",""2-1-4"",""2-3-1"",""2-3-4"",""2-4-3"",""1-2-3"",""1-2-4"",""1-3-2""]"
PIT,05月08日（金）,19,5,"[""1-2-3"",""1-2-4"",""1-2-5"",""1-3-2"",""1-3-4"",""1-4-2"",""2-1-3"",""2-1-4""]"
PIT,05月07日（木）,23,1,"[""1-2-3"",""1-2-4"",""1-2-5"",""1-3-2"",""1-3-5"",""1-4-2"",""1-4-5"",""1-5-2""]"
PIT,05月07日（木）,23,1,"[""1-2-3"",""1-2-4"",""1-2-5"",""1-3-2"",""1-3-4"",""1-3-5"",""1-5-2"",""1-5-3""]"
PIT,05月07日（木）,13,1,"[""1-3-2"",""1-3-4"",""1-3-5"",""1-3-6"",""1-2-3"",""1-2-4"",""1-2-5"",""1-4-3""]"
PIT,05月07日（木）,15,4,"[""1-2-4"",""1-4-2"",""1-4-3"",""1-4-5"",""1-4-6"",""4-1-2"",""4-1-5"",""4-1-6""]"
PIT,05月06日（水）,16,7,"[""2-3-5"",""2-5-3"",""2-5-4"",""2-5-6"",""3-2-5"",""3-5-2"",""5-2-3"",""5-3-2""]"
PIT,05月06日（水）,23,1,"[""1-2-3"",""1-2-4"",""1-2-5"",""1-3-2"",""1-3-5"",""1-5-2"",""2-1-3"",""2-1-5""]"
PIT,05月06日（水）,07,2,"[""2-1-3"",""2-1-4"",""2-1-5"",""2-3-1"",""2-4-1"",""1-2-3"",""1-2-4"",""1-3-2""]"
PIT,05月06日（水）,01,5,"[""1-2-3"",""1-2-5"",""1-3-2"",""1-3-5"",""1-5-2"",""1-5-3"",""2-1-3"",""2-1-5""]"
PIT,05月05日（火）,02,7,"[""1-2-5"",""1-4-3"",""1-4-5"",""1-5-2"",""1-5-4"",""1-5-6"",""4-1-5"",""4-5-1""]"
PIT,05月05日（火）,02,9,"[""1-2-3"",""1-2-4"",""1-3-2"",""1-3-4"",""1-4-2"",""1-4-3"",""2-1-3"",""2-1-4""]"
PIT,05月05日（火）,13,1,"[""1-2-5"",""1-3-5"",""1-4-5"",""1-5-2"",""1-5-3"",""1-5-4"",""1-5-6"",""1-6-5""]"
PIT,05月05日（火）,16,1,"[""1-2-3"",""1-2-4"",""1-2-5"",""1-3-2"",""2-1-3"",""2-1-4"",""2-1-5"",""2-3-1""]"
PIT,05月04日（月）,02,7,"[""1-2-3"",""1-2-4"",""1-2-6"",""1-3-2"",""1-3-4"",""1-3-6"",""1-4-6"",""1-6-3""]"
PIT,05月04日（月）,21,1,"[""1-2-4"",""1-2-5"",""1-2-6"",""1-4-2"",""1-4-5"",""1-4-6"",""2-1-4"",""4-1-2""]"
PIT,05月04日（月）,04,8,"[""2-1-6"",""2-6-1"",""2-6-5"",""6-1-2"",""6-2-1"",""6-2-5"",""1-2-6"",""1-6-2""]"
PIT,05月04日（月）,22,1,"[""1-2-4"",""1-2-6"",""1-4-2"",""1-4-6"",""2-1-4"",""2-1-6"",""2-4-1"",""2-4-6""]"
PIT,05月03日（日）,05,7,"[""1-3-4"",""1-3-5"",""1-3-6"",""1-6-3"",""3-1-4"",""3-1-5"",""3-1-6"",""3-6-1""]"
PIT,05月03日（日）,23,1,"[""1-3-2"",""1-3-4"",""1-3-6"",""1-4-2"",""1-4-3"",""1-4-6"",""1-2-3"",""1-2-4""]"
PIT,05月03日（日）,08,1,"[""1-2-3"",""1-2-4"",""1-2-5"",""1-2-6"",""1-4-2"",""1-4-3"",""1-4-5"",""1-4-6""]"
PIT,05月03日（日）,05,1,"[""1-2-3"",""1-3-2"",""1-3-4"",""1-3-5"",""1-3-6"",""1-4-3"",""1-5-3"",""3-1-5""]"
PIT,05月02日（土）,09,8,"[""1-3-4"",""1-3-6"",""1-4-3"",""1-4-5"",""1-4-6"",""1-6-4"",""4-1-3"",""4-1-6""]"
PIT,05月02日（土）,21,1,"[""1-2-3"",""1-2-5"",""1-3-2"",""1-3-4"",""1-3-5"",""1-4-3"",""1-5-3"",""1-5-4""]"
PIT,05月02日（土）,05,1,"[""1-3-4"",""1-3-6"",""1-4-3"",""1-4-5"",""1-4-6"",""1-6-3"",""1-6-4"",""1-6-5""]"
PIT,05月02日（土）,01,5,"[""2-1-4"",""2-1-6"",""2-4-6"",""2-6-1"",""2-6-4"",""1-2-4"",""1-2-6"",""1-6-2""]"
PIT,05月01日（金）,02,7,"[""1-2-3"",""1-2-5"",""1-3-2"",""1-3-5"",""1-3-6"",""1-5-2"",""1-5-3"",""1-5-6""]"
PIT,05月01日（金）,22,7,"[""1-2-4"",""1-2-5"",""1-4-2"",""1-4-5"",""1-5-2"",""1-5-4"",""4-1-5"",""5-1-4""]"
PIT,05月01日（金）,08,1,"[""1-2-3"",""1-2-4"",""1-2-5"",""1-3-2"",""1-3-4"",""1-3-5"",""1-4-3"",""2-1-3""]"
PIT,05月01日（金）,22,1,"[""1-2-6"",""1-3-6"",""1-4-6"",""1-5-6"",""1-6-2"",""1-6-3"",""1-6-4"",""1-6-5""]"
PIT,04月30日（木）,09,8,"[""2-1-4"",""2-1-5"",""2-3-5"",""2-4-1"",""2-4-5"",""2-5-1"",""2-5-3"",""2-5-4""]"
PIT,04月30日（木）,16,9,"[""1-2-3"",""1-2-4"",""1-2-5"",""1-3-2"",""1-3-4"",""1-4-2"",""1-4-3"",""1-4-5""]"
PIT,04月30日（木）,05,1,"[""1-2-4"",""1-2-6"",""1-4-2"",""1-6-2"",""2-1-4"",""2-1-6"",""2-4-1"",""2-6-1""]"
PIT,04月30日（木）,15,5,"[""1-2-4"",""1-2-5"",""1-4-2"",""1-4-5"",""2-1-4"",""2-4-1"",""4-1-2"",""4-2-1""]"
PIT,04月29日（水）,14,4,"[""1-2-3"",""1-2-5"",""1-2-6"",""1-3-2"",""1-3-6"",""1-5-2"",""1-5-6"",""1-6-2""]"
PIT,04月29日（水）,11,9,"[""2-3-4"",""2-3-5"",""2-4-3"",""2-4-5"",""2-4-6"",""2-5-4"",""3-2-4"",""4-2-3""]"
PIT,04月29日（水）,14,8,"[""3-1-2"",""3-2-1"",""3-2-4"",""3-2-5"",""3-2-6"",""3-4-2"",""2-1-3"",""2-3-1""]"
PIT,04月29日（水）,15,5,"[""2-3-5"",""2-4-5"",""2-5-1"",""2-5-3"",""2-5-4"",""2-5-6"",""5-2-4"",""5-4-2""]"
PIT,04月28日（火）,13,7,"[""1-3-2"",""1-3-6"",""1-6-2"",""1-6-3"",""1-2-3"",""1-2-6"",""3-1-6"",""6-1-3""]"
PIT,04月28日（火）,13,9,"[""1-5-2"",""1-5-3"",""1-5-4"",""1-5-6"",""1-6-5"",""5-1-6"",""5-6-1"",""6-1-5""]"
PIT,04月28日（火）,14,9,"[""2-1-3"",""2-1-4"",""2-1-6"",""2-3-1"",""2-3-4"",""2-3-6"",""1-2-3"",""1-2-4""]"
PIT,04月28日（火）,12,3,"[""1-4-2"",""1-4-5"",""1-2-3"",""1-2-4"",""1-2-5"",""4-1-2"",""4-1-5"",""2-1-4""]"
PIT,04月27日（月）,14,4,"[""5-1-2"",""5-1-3"",""5-1-6"",""5-2-1"",""1-5-2"",""1-5-3"",""1-5-6"",""1-2-5""]"
PIT,04月27日（月）,18,1,"[""2-1-3"",""2-1-4"",""2-1-5"",""2-3-1"",""2-4-1"",""1-2-3"",""1-2-4"",""1-2-5""]"
PIT,04月27日（月）,14,8,"[""2-1-3"",""2-1-5"",""2-3-1"",""2-3-5"",""2-5-1"",""2-5-3"",""1-2-3"",""1-2-5""]"
PIT,04月27日（月）,16,1,"[""1-2-3"",""1-2-4"",""1-3-2"",""1-3-4"",""1-4-2"",""1-4-3"",""3-1-4"",""4-1-3""]"
PIT,04月26日（日）,13,8,"[""2-1-3"",""2-1-5"",""2-1-6"",""2-3-1"",""2-3-5"",""2-5-1"",""2-5-3"",""2-6-1""]"
PIT,04月26日（日）,23,1,"[""4-1-2"",""4-1-3"",""4-1-6"",""4-2-1"",""1-2-4"",""1-4-2"",""1-4-3"",""1-4-6""]"
PIT,04月26日（日）,16,1,"[""1-2-3"",""1-2-4"",""1-3-2"",""1-3-4"",""1-4-2"",""1-4-3"",""3-1-2"",""3-1-4""]"
PIT,04月26日（日）,12,4,"[""2-3-4"",""2-3-6"",""2-4-3"",""2-4-6"",""2-6-3"",""2-6-4"",""4-2-3"",""4-2-6""]"
PIT,04月25日（土）,04,7,"[""1-2-6"",""1-3-2"",""1-3-4"",""1-3-6"",""1-6-3"",""3-1-2"",""3-1-4"",""3-1-6""]"
PIT,04月25日（土）,21,1,"[""1-2-3"",""1-2-4"",""1-2-5"",""1-4-2"",""1-5-2"",""2-1-3"",""2-1-4"",""2-1-5""]"
PIT,04月24日（金）,02,7,"[""1-2-3"",""1-2-4"",""1-3-2"",""1-3-4"",""1-4-2"",""2-1-3"",""2-1-4"",""3-1-2""]"
PIT,04月24日（金）,08,8,"[""2-1-3"",""2-1-4"",""2-1-6"",""2-3-1"",""2-3-4"",""2-3-6"",""2-6-1"",""2-6-3""]"
PIT,04月24日（金）,20,2,"[""2-3-4"",""2-3-6"",""2-6-3"",""2-6-4"",""3-2-6"",""3-6-2"",""6-2-3"",""6-3-2""]"
PIT,04月24日（金）,04,1,"[""1-2-3"",""1-2-5"",""1-3-5"",""1-4-5"",""1-5-2"",""1-5-3"",""1-5-4"",""1-5-6""]"
PIT,04月23日（木）,02,7,"[""1-2-3"",""1-2-4"",""1-2-5"",""1-2-6"",""2-1-3"",""2-1-4"",""2-1-5"",""2-1-6""]"
PIT,04月23日（木）,18,1,"[""1-2-3"",""1-2-4"",""1-2-5"",""1-2-6"",""1-3-2"",""1-3-4"",""1-3-5"",""1-3-6""]"
PIT,04月23日（木）,22,8,"[""1-2-3"",""1-2-4"",""1-2-5"",""1-3-2"",""1-3-4"",""1-3-5"",""1-4-2"",""1-4-3""]"
PIT,04月23日（木）,24,5,"[""1-6-2"",""1-6-3"",""1-6-4"",""6-1-2"",""6-1-3"",""6-1-4"",""1-2-3"",""1-2-6""]"
PIT,04月22日（水）,21,1,"[""1-2-3"",""1-2-4"",""1-3-2"",""1-3-4"",""1-4-3"",""2-1-3"",""2-3-4"",""3-1-4""]"
PIT,04月22日（水）,13,1,"[""3-1-2"",""3-1-4"",""3-2-1"",""3-4-1"",""1-2-3"",""1-3-2"",""1-3-4"",""1-4-3""]"
PIT,04月22日（水）,24,2,"[""2-1-3"",""2-1-4"",""2-1-5"",""2-3-1"",""1-2-3"",""1-2-4"",""1-2-5"",""1-3-2""]"
PIT,04月22日（水）,24,5,"[""1-2-6"",""1-3-6"",""1-6-2"",""1-6-3"",""1-6-5"",""6-1-2"",""6-1-3"",""6-1-5""]"
PIT,04月21日（火）,20,2,"[""3-1-2"",""3-1-5"",""3-1-6"",""3-5-1"",""1-3-2"",""1-3-5"",""1-3-6"",""1-5-3""]"
PIT,04月21日（火）,24,5,"[""1-2-3"",""1-2-4"",""1-2-6"",""1-3-2"",""1-4-2"",""2-1-3"",""2-1-4"",""2-3-1""]"
PIT,04月21日（火）,02,7,"[""1-4-3"",""1-4-5"",""1-4-6"",""1-5-3"",""1-5-4"",""1-5-6"",""1-6-4"",""1-6-5""]"
PIT,04月21日（火）,23,1,"[""1-2-3"",""1-2-5"",""1-3-4"",""1-3-5"",""1-4-3"",""1-4-5"",""1-5-3"",""1-5-4""]"
PIT,04月20日（月）,11,8,"[""2-3-6"",""2-4-6"",""2-6-3"",""2-6-4"",""3-2-6"",""3-6-2"",""6-2-3"",""6-2-4""]"
PIT,04月20日（月）,23,1,"[""1-2-3"",""1-2-4"",""1-2-5"",""1-3-2"",""1-3-4"",""1-3-5"",""1-4-2"",""1-4-3""]"
PIT,04月19日（日）,22,5,"[""2-1-3"",""2-1-5"",""2-3-1"",""2-3-4"",""2-3-5"",""2-3-6"",""2-4-3"",""2-5-3""]"
PIT,04月19日（日）,22,7,"[""1-2-3"",""1-2-4"",""1-2-6"",""1-3-4"",""1-3-6"",""1-4-2"",""1-4-3"",""1-4-5""]"
PIT,04月18日（土）,22,5,"[""1-3-4"",""1-4-2"",""1-4-3"",""1-4-5"",""1-4-6"",""1-5-4"",""4-1-5"",""4-1-6""]"
PIT,04月18日（土）,23,1,"[""1-2-4"",""1-2-5"",""1-2-6"",""1-4-2"",""1-5-2"",""2-1-4"",""2-1-5"",""2-4-1""]"
PIT,04月17日（金）,23,1,"[""1-2-3"",""1-2-5"",""1-3-2"",""1-3-4"",""1-3-5"",""1-5-2"",""1-5-3"",""1-5-6""]"
PIT,04月17日（金）,13,9,"[""1-4-2"",""1-4-3"",""1-4-6"",""4-1-2"",""4-1-3"",""4-1-6"",""1-3-4"",""4-3-1""]"
PIT,04月16日（木）,08,6,"[""1-2-6"",""1-3-6"",""1-6-2"",""1-6-3"",""1-6-5"",""2-1-6"",""2-6-1"",""6-1-2""]"
PIT,04月16日（木）,18,1,"[""1-3-2"",""1-3-4"",""1-3-5"",""1-3-6"",""1-5-3"",""1-5-6"",""3-1-2"",""3-1-5""]"
PIT,04月16日（木）,22,9,"[""2-3-1"",""2-3-4"",""2-3-6"",""2-4-3"",""2-4-6"",""2-6-1"",""2-6-3"",""2-6-4""]"
PIT,04月16日（木）,14,1,"[""1-2-3"",""1-2-4"",""1-2-5"",""1-3-2"",""1-4-2"",""2-1-3"",""2-1-4"",""2-3-1""]"
PIT,04月15日（水）,10,1,"[""1-2-3"",""1-2-4"",""1-3-2"",""1-3-4"",""1-4-2"",""1-4-3"",""2-1-3"",""2-1-4""]"
PIT,04月15日（水）,22,6,"[""4-2-1"",""4-2-3"",""4-3-2"",""2-3-4"",""2-4-1"",""2-4-3"",""3-2-4"",""3-4-2""]"
PIT,04月14日（火）,10,1,"[""1-2-4"",""1-4-2"",""1-4-3"",""1-4-5"",""2-1-4"",""2-4-1"",""4-1-2"",""4-2-1""]"
PIT,04月14日（火）,10,1,"[""1-2-3"",""1-2-4"",""1-2-6"",""1-3-2"",""1-3-4"",""1-3-6"",""2-1-3"",""2-1-4""]"
PIT,04月13日（月）,04,7,"[""2-1-3"",""2-1-4"",""2-3-1"",""2-3-4"",""2-4-1"",""2-4-3"",""3-2-1"",""3-2-4""]"
PIT,04月13日（月）,10,1,"[""1-2-4"",""1-2-5"",""1-4-2"",""1-4-5"",""1-4-6"",""1-5-4"",""4-1-2"",""4-1-5""]"
PIT,04月13日（月）,12,4,"[""2-1-4"",""2-1-5"",""2-4-5"",""2-5-1"",""2-5-3"",""2-5-4"",""1-2-5"",""5-2-4""]"
PIT,04月13日（月）,12,5,"[""1-3-6"",""1-4-5"",""1-4-6"",""1-5-4"",""1-5-6"",""1-6-3"",""1-6-4"",""1-6-5""]"
PIT,04月12日（日）,21,1,"[""2-1-3"",""2-1-4"",""2-1-5"",""2-4-1"",""2-4-5"",""2-5-1"",""1-2-4"",""1-2-5""]"
PIT,04月12日（日）,10,1,"[""1-2-3"",""1-2-4"",""1-3-2"",""1-3-4"",""1-4-2"",""1-4-3"",""1-4-5"",""1-4-6""]"
PIT,04月11日（土）,22,5,"[""3-1-2"",""3-1-6"",""3-2-1"",""1-2-3"",""1-3-2"",""1-3-6"",""2-3-1"",""2-1-3""]"
PIT,04月11日（土）,18,1,"[""1-2-3"",""1-2-4"",""1-2-5"",""1-2-6"",""1-3-2"",""1-3-4"",""1-3-5"",""1-3-6""]"
PIT,04月10日（金）,09,8,"[""3-1-2"",""3-1-4"",""3-1-5"",""3-2-1"",""3-2-5"",""3-5-1"",""1-3-2"",""1-3-5""]"
PIT,04月10日（金）,14,7,"[""1-2-3"",""1-2-4"",""1-2-6"",""1-3-2"",""1-4-2"",""1-4-3"",""2-1-3"",""2-1-4""]"
PIT,04月09日（木）,09,9,"[""1-2-4"",""1-3-4"",""1-4-3"",""3-1-4"",""3-2-4"",""3-4-1"",""2-3-4"",""2-4-3""]"
PIT,04月09日（木）,18,1,"[""1-2-4"",""1-3-4"",""1-4-2"",""1-4-3"",""1-4-5"",""1-4-6"",""4-1-5"",""4-1-6""]"
PIT,04月09日（木）,06,1,"[""6-1-2"",""6-1-3"",""6-1-5"",""6-3-1"",""1-3-6"",""1-6-2"",""1-6-3"",""1-6-5""]"
PIT,04月09日（木）,24,4,"[""4-1-3"",""4-1-2"",""4-1-6"",""4-2-1"",""4-3-1"",""4-6-1"",""1-4-3"",""1-4-6""]"
PIT,04月08日（水）,18,1,"[""2-1-4"",""2-4-1"",""2-4-5"",""2-4-6"",""2-5-4"",""4-2-5"",""4-5-2"",""1-2-4""]"
PIT,04月08日（水）,03,8,"[""5-1-2"",""5-2-1"",""5-2-4"",""1-2-5"",""1-5-2"",""1-5-4"",""2-1-5"",""2-5-1""]"
PIT,04月07日（火）,13,8,"[""1-2-3"",""1-2-4"",""1-2-5"",""1-2-6"",""1-3-2"",""2-1-3"",""2-1-5"",""2-1-6""]"
PIT,04月07日（火）,02,9,"[""1-3-6"",""1-4-5"",""1-4-6"",""1-5-4"",""1-5-6"",""1-6-3"",""1-6-4"",""1-6-5""]"
