インサイド,07月26日（日）,13,8,"[""1-3-2"",""1-3-5"",""1-3-6"",""1-5-2"",""1-5-3"",""1-5-6"",""5-1-2"",""5-1-3"",""5-1-6""]"
インサイド,07月25日（土）,13,9,"[""1-2-3"",""1-2-4"",""1-2-6"",""1-6-2"",""1-6-3"",""1-6-4"",""2-1-3"",""2-1-4"",""2-1-6""]"
インサイド,07月24日（金）,13,6,"[""1-3-4"",""1-3-6"",""1-4-3"",""1-4-6"",""4-1-3"",""4-1-6"",""4-3-1"",""4-3-6""]"
インサイド,07月23日（木）,18,9,"[""1-4-2"",""1-4-3"",""1-4-6"",""4-1-2"",""4-1-3"",""4-1-6"",""4-3-1"",""4-3-2"",""4-3-6""]"
インサイド,07月18日（土）,13,5,"[""1-3-2"",""1-3-4"",""1-3-5"",""1-4-2"",""1-4-3"",""1-4-5"",""3-1-2"",""3-1-4"",""3-1-5""]"
インサイド,07月17日（金）,13,6,"[""1-2-3"",""1-2-4"",""1-2-5"",""1-4-2"",""1-4-3"",""1-4-5"",""4-1-2"",""4-1-3"",""4-1-5""]"
インサイド,07月16日（木）,23,9,"[""1-4-2"",""1-4-5"",""1-5-2"",""1-5-4"",""4-1-2"",""4-1-5"",""4-5-1"",""4-5-2""]"
インサイド,07月12日（日）,18,8,"[""1-3-2"",""1-3-4"",""1-3-5"",""1-5-2"",""1-5-3"",""1-5-4"",""5-1-2"",""5-1-3"",""5-1-4""]"
インサイド,07月11日（土）,18,1,"[""1-3-2"",""1-3-4"",""1-3-6"",""3-1-2"",""3-1-4"",""3-1-6"",""3-4-1"",""3-4-2"",""3-4-6""]"
インサイド,07月09日（木）,10,7,"[""1-3-2"",""1-3-5"",""1-3-6"",""1-5-2"",""1-5-3"",""1-5-6"",""3-1-2"",""3-1-5"",""3-1-6""]"
インサイド,07月08日（水）,24,3,"[""1-2-3"",""1-2-4"",""1-2-5"",""1-3-2"",""1-3-4"",""1-3-5"",""1-4-2"",""1-4-3"",""1-4-5""]"
インサイド,07月05日（日）,21,1,"[""1-2-3"",""1-2-4"",""1-4-2"",""1-4-3"",""2-1-3"",""2-1-4"",""2-4-1"",""2-4-3""]"
インサイド,07月04日（土）,18,9,"[""1-3-2"",""1-3-4"",""1-3-5"",""1-5-2"",""1-5-3"",""1-5-4"",""3-1-2"",""3-1-4"",""3-1-5""]"
インサイド,07月03日（金）,21,8,"[""1-2-4"",""1-2-6"",""1-4-2"",""1-4-6"",""4-1-2"",""4-1-6"",""4-2-1"",""4-2-6""]"
インサイド,07月02日（木）,21,3,"[""1-3-2"",""1-3-5"",""1-3-6"",""1-5-2"",""1-5-3"",""1-5-6"",""3-1-2"",""3-1-5"",""3-1-6""]"
インサイド,07月01日（水）,01,3,"[""1-2-4"",""1-2-5"",""1-2-6"",""1-4-2"",""1-4-5"",""1-4-6"",""4-1-2"",""4-1-5"",""4-1-6""]"
インサイド,06月28日（日）,13,6,"[""1-2-4"",""1-2-5"",""1-2-6"",""1-4-2"",""1-4-5"",""1-4-6"",""4-1-2"",""4-1-5"",""4-1-6""]"
インサイド,06月27日（土）,09,5,"[""1-2-4"",""1-2-5"",""1-2-6"",""1-5-2"",""1-5-4"",""1-5-6"",""5-1-2"",""5-1-4"",""5-1-6""]"
インサイド,06月26日（金）,11,6,"[""1-3-2"",""1-3-4"",""1-3-5"",""1-4-2"",""1-4-3"",""1-4-5"",""1-5-2"",""1-5-3"",""1-5-4""]"
インサイド,06月25日（木）,11,9,"[""1-3-4"",""1-3-5"",""1-4-3"",""1-4-5"",""3-1-4"",""3-1-5"",""3-4-1"",""3-4-5""]"
インサイド,06月24日（水）,16,9,"[""1-2-4"",""1-2-5"",""1-4-2"",""1-4-5"",""4-1-2"",""4-1-5"",""4-5-1"",""4-5-2""]"
インサイド,06月21日（日）,13,6,"[""1-3-2"",""1-3-4"",""1-3-6"",""1-4-2"",""1-4-3"",""1-4-6"",""4-1-2"",""4-1-3"",""4-1-6""]"
インサイド,06月20日（土）,13,5,"[""1-3-2"",""1-3-4"",""1-3-6"",""1-4-2"",""1-4-3"",""1-4-6"",""4-1-2"",""4-1-3"",""4-1-6""]"
インサイド,06月19日（金）,13,7,"[""1-3-2"",""1-3-4"",""1-3-5"",""1-4-2"",""1-4-3"",""1-4-5"",""1-5-2"",""1-5-3"",""1-5-4""]"
インサイド,06月18日（木）,13,9,"[""1-2-5"",""1-2-6"",""1-5-2"",""1-5-6"",""2-1-5"",""2-1-6"",""2-5-1"",""2-5-6""]"
インサイド,06月17日（水）,20,2,"[""1-2-3"",""1-2-4"",""1-2-6"",""1-4-2"",""1-4-3"",""1-4-6"",""4-1-2"",""4-1-3"",""4-1-6""]"
インサイド,06月14日（日）,11,6,"[""1-3-4"",""1-3-5"",""1-4-3"",""1-4-5"",""4-1-3"",""4-1-5"",""4-3-1"",""4-3-5""]"
インサイド,06月13日（土）,22,3,"[""1-2-4"",""1-2-5"",""1-4-2"",""1-4-5"",""2-1-4"",""2-1-5"",""2-4-1"",""2-4-5""]"
インサイド,06月12日（金）,11,5,"[""1-2-4"",""1-2-5"",""1-2-6"",""1-4-2"",""1-4-5"",""1-4-6"",""1-5-2"",""1-5-4"",""1-5-6""]"
インサイド,06月11日（木）,18,1,"[""1-2-4"",""1-2-6"",""1-4-2"",""1-4-6"",""2-1-4"",""2-1-6"",""2-4-1"",""2-4-6""]"
インサイド,06月10日（水）,11,8,"[""1-2-4"",""1-2-5"",""1-4-2"",""1-4-5"",""4-1-2"",""4-1-5"",""4-5-1"",""4-5-2""]"
インサイド,06月07日（日）,22,6,"[""1-2-3"",""1-2-4"",""1-2-5"",""1-4-2"",""1-4-3"",""1-4-5"",""4-1-2"",""4-1-3"",""4-1-5""]"
インサイド,06月06日（土）,22,3,"[""1-3-2"",""1-3-4"",""1-3-5"",""1-4-2"",""1-4-3"",""1-4-5"",""4-1-2"",""4-1-3"",""4-1-5""]"
インサイド,06月05日（金）,22,1,"[""1-2-3"",""1-2-4"",""1-2-6"",""1-4-2"",""1-4-3"",""1-4-6"",""2-1-3"",""2-1-4"",""2-1-6""]"
インサイド,06月04日（木）,22,4,"[""1-3-2"",""1-3-4"",""1-3-5"",""3-1-2"",""3-1-4"",""3-1-5"",""3-4-1"",""3-4-2"",""3-4-5""]"
インサイド,06月03日（水）,08,6,"[""1-2-3"",""1-2-5"",""1-2-6"",""1-3-2"",""1-3-5"",""1-3-6"",""3-1-2"",""3-1-5"",""3-1-6""]"
インサイド,05月31日（日）,09,9,"[""1-3-4"",""1-3-6"",""1-4-3"",""1-4-6"",""4-1-3"",""4-1-6"",""4-3-1"",""4-3-6""]"
インサイド,05月30日（土）,09,8,"[""1-2-4"",""1-2-5"",""1-2-6"",""1-4-2"",""1-4-5"",""1-4-6"",""4-1-2"",""4-1-5"",""4-1-6""]"
インサイド,05月29日（金）,10,8,"[""1-3-2"",""1-3-4"",""1-3-5"",""1-4-2"",""1-4-3"",""1-4-5"",""4-1-2"",""4-1-3"",""4-1-5""]"
インサイド,05月28日（木）,10,9,"[""1-3-4"",""1-3-5"",""1-3-6"",""3-1-4"",""3-1-5"",""3-1-6"",""3-4-1"",""3-4-5"",""3-4-6""]"
インサイド,05月27日（水）,06,9,"[""1-2-4"",""1-2-5"",""1-2-6"",""1-4-2"",""1-4-5"",""1-4-6"",""1-6-2"",""1-6-4"",""1-6-5""]"
インサイド,05月24日（日）,09,5,"[""1-2-4"",""1-2-5"",""1-5-2"",""1-5-4"",""2-1-4"",""2-1-5"",""2-5-5"",""2-5-4""]"
インサイド,05月23日（土）,23,7,"[""2-4-3"",""2-4-5"",""2-5-3"",""2-5-4"",""4-2-3"",""4-2-5"",""4-5-2"",""4-5-3""]"
インサイド,05月22日（金）,21,8,"[""1-3-4"",""1-3-5"",""1-4-3"",""1-4-5"",""4-1-3"",""4-1-5"",""4-3-1"",""4-3-5""]"
インサイド,05月21日（木）,21,8,"[""1-3-2"",""1-3-5"",""1-3-6"",""3-1-2"",""3-1-5"",""3-1-6"",""3-2-1"",""3-2-5"",""3-2-6""]"
インサイド,05月20日（水）,23,1,"[""1-2-4"",""1-2-6"",""1-4-2"",""1-4-6"",""2-1-4"",""2-1-6"",""2-4-1"",""2-4-6""]"
インサイド,05月17日（日）,10,6,"[""2-4-1"",""2-4-5"",""2-4-6"",""2-5-1"",""2-5-4"",""2-5-6"",""5-2-1"",""5-2-4"",""5-2-6""]"
インサイド,05月16日（土）,22,2,"[""1-3-2"",""1-3-4"",""1-3-5"",""3-1-2"",""3-1-4"",""3-1-5"",""3-4-1"",""3-4-2"",""3-4-5""]"
インサイド,05月15日（金）,22,2,"[""1-2-3"",""1-2-6"",""1-3-2"",""1-3-6"",""3-1-2"",""3-1-6"",""3-2-1"",""3-2-6""]"
インサイド,05月14日（木）,23,8,"[""1-4-2"",""1-4-3"",""1-4-5"",""4-1-2"",""4-1-3"",""4-1-5"",""4-2-1"",""4-2-3"",""4-2-5""]"
インサイド,05月13日（水）,09,8,"[""1-2-4"",""1-2-5"",""1-2-6"",""1-4-2"",""1-4-5"",""1-4-6"",""4-1-2"",""4-1-5"",""4-1-6""]"
インサイド,05月10日（日）,10,8,"[""2-3-1"",""2-3-4"",""2-3-6"",""2-4-1"",""2-4-3"",""2-4-6"",""4-2-1"",""4-2-3"",""4-2-6""]"
インサイド,05月08日（金）,10,1,"[""1-4-2"",""1-4-3"",""1-4-6"",""4-1-2"",""4-1-3"",""4-1-6"",""4-3-1"",""4-3-2"",""4-3-6""]"
インサイド,05月07日（木）,13,7,"[""1-3-2"",""1-3-4"",""1-3-6"",""1-6-2"",""1-6-3"",""1-6-4"",""3-1-2"",""3-1-4"",""3-1-6""]"
インサイド,05月06日（水）,06,1,"[""1-2-4"",""1-2-5"",""1-4-2"",""1-4-5"",""1-5-2"",""1-5-4"",""4-1-2"",""4-1-5""]"
インサイド,05月03日（日）,09,6,"[""1-3-2"",""1-3-4"",""1-3-5"",""3-1-2"",""3-1-4"",""3-1-5"",""3-4-1"",""3-4-2"",""3-4-5""]"
インサイド,05月01日（金）,09,1,"[""1-3-4"",""1-3-5"",""1-4-3"",""1-4-5"",""4-1-3"",""4-1-5"",""4-5-1"",""4-5-3""]"
インサイド,04月30日（木）,11,6,"[""1-4-2"",""1-4-3"",""1-4-5"",""4-1-2"",""4-1-3"",""4-1-5"",""4-3-1"",""4-3-2"",""4-3-5""]"
インサイド,04月29日（水）,05,9,"[""1-2-3"",""1-2-5"",""1-3-2"",""1-3-5"",""1-5-2"",""1-5-3"",""5-1-2"",""5-1-3""]"
インサイド,04月26日（日）,18,1,"[""1-2-3"",""1-2-5"",""1-2-6"",""1-6-2"",""1-6-3"",""1-6-5"",""6-1-2"",""6-1-3"",""6-1-5""]"
インサイド,04月22日（水）,11,6,"[""1-2-3"",""1-2-4"",""1-2-6"",""1-4-2"",""1-4-3"",""1-4-6"",""4-1-2"",""4-1-3"",""4-1-6""]"
インサイド,04月19日（日）,22,3,"[""1-4-2"",""1-4-3"",""1-4-5"",""1-5-2"",""1-5-3"",""1-5-4"",""4-1-2"",""4-1-3"",""4-1-5""]"
インサイド,04月18日（土）,22,6,"[""1-4-2"",""1-4-3"",""1-4-5"",""4-1-2"",""4-1-3"",""4-1-5"",""4-3-1"",""4-3-2"",""4-3-5""]"
インサイド,04月17日（金）,22,5,"[""1-2-3"",""1-2-4"",""1-2-5"",""2-1-3"",""2-1-4"",""2-1-5"",""2-5-1"",""2-5-3"",""2-5-4""]"
インサイド,04月16日（木）,22,1,"[""1-3-2"",""1-3-4"",""1-3-6"",""3-1-2"",""3-1-4"",""3-1-6"",""3-4-1"",""3-4-2"",""3-4-6""]"
インサイド,04月12日（日）,06,7,"[""1-2-3"",""1-2-4"",""1-3-2"",""1-3-4"",""1-4-2"",""1-4-3"",""4-1-2"",""4-1-3""]"
インサイド,04月10日（金）,11,6,"[""1-2-3"",""1-2-4"",""1-2-6"",""1-4-2"",""1-4-3"",""1-4-6"",""4-1-2"",""4-1-3"",""4-1-6""]"
インサイド,04月08日（水）,20,5,"[""1-2-3"",""1-2-4"",""1-2-5"",""1-3-2"",""1-3-4"",""1-3-5"",""1-4-2"",""1-4-3"",""1-4-5""]"
