トリプルタイム,10月03日（土）,05,4,"[""1-2-3"",""2-1-3"",""2-3-4"",""2-3-5"",""2-4-3"",""2-4-5"",""3-2-1"",""3-2-4"",""3-2-5"",""3-5-2""]"
トリプルタイム,10月03日（土）,02,5,"[""1-5-6"",""1-6-3"",""1-6-5"",""5-1-6"",""5-6-1"",""6-1-3"",""6-1-5"",""6-3-5"",""6-5-1"",""6-5-3""]"
トリプルタイム,10月03日（土）,20,3,"[""1-2-4"",""1-2-6"",""1-4-6"",""2-4-6"",""2-6-4"",""2-6-5"",""4-1-6"",""4-2-6"",""4-6-2"",""4-6-5""]"
トリプルタイム,10月03日（土）,20,4,"[""1-2-4"",""1-2-5"",""2-3-4"",""2-3-5"",""2-5-3"",""3-1-5"",""3-2-5"",""3-4-5"",""4-1-5"",""4-5-2""]"
トリプルタイム,10月02日（金）,06,4,"[""1-2-6"",""1-3-2"",""1-3-4"",""1-3-5"",""1-3-6"",""1-5-6"",""1-6-2"",""1-6-3"",""3-1-5"",""3-1-6""]"
トリプルタイム,10月02日（金）,05,4,"[""1-2-5"",""1-3-5"",""1-5-3"",""2-3-5"",""3-2-5"",""3-5-1"",""3-5-2"",""3-5-6"",""5-1-3"",""5-1-6""]"
トリプルタイム,10月02日（金）,07,3,"[""1-2-3"",""1-2-5"",""1-3-5"",""2-1-3"",""2-1-4"",""2-3-4"",""2-4-3"",""3-1-2"",""3-2-4"",""3-4-2""]"
トリプルタイム,10月02日（金）,07,4,"[""1-3-4"",""1-3-5"",""2-3-4"",""2-3-5"",""3-1-4"",""3-2-4"",""3-2-5"",""3-4-2"",""3-4-5"",""3-5-6""]"
トリプルタイム,10月01日（木）,07,3,"[""1-2-3"",""2-1-3"",""2-1-4"",""2-4-1"",""2-4-3"",""2-4-5"",""2-5-3"",""3-2-4"",""3-2-5"",""3-5-2""]"
トリプルタイム,10月01日（木）,07,4,"[""2-1-5"",""2-3-5"",""2-5-4"",""2-5-6"",""3-2-5"",""3-5-2"",""4-1-5"",""4-2-5"",""4-5-2"",""4-5-6""]"
トリプルタイム,10月01日（木）,16,5,"[""1-3-5"",""1-5-3"",""2-3-1"",""2-3-5"",""3-1-2"",""3-1-5"",""3-2-1"",""3-2-5"",""3-5-1"",""3-5-2""]"
トリプルタイム,10月01日（木）,02,5,"[""2-1-3"",""2-3-4"",""2-3-5"",""2-3-6"",""2-4-3"",""2-4-5"",""2-5-3"",""3-2-4"",""3-2-5"",""3-2-6""]"
トリプルタイム,09月30日（水）,16,5,"[""1-2-3"",""1-2-4"",""1-3-2"",""1-3-4"",""1-4-3"",""3-1-2"",""3-1-4"",""3-4-1"",""3-4-6"",""4-1-3""]"
トリプルタイム,09月30日（水）,16,6,"[""1-2-4"",""1-2-5"",""1-2-6"",""1-3-4"",""1-3-5"",""1-3-6"",""1-5-3"",""2-1-3"",""2-3-1"",""3-1-2""]"
トリプルタイム,09月30日（水）,12,3,"[""1-2-3"",""1-3-2"",""1-3-4"",""1-3-5"",""1-5-3"",""1-6-3"",""3-1-4"",""3-1-5"",""3-1-6"",""3-5-1""]"
トリプルタイム,09月30日（水）,12,4,"[""1-2-4"",""1-2-6"",""1-4-2"",""1-4-3"",""1-6-2"",""4-1-2"",""4-1-6"",""4-6-1"",""6-1-4"",""6-4-1""]"
トリプルタイム,09月29日（火）,04,4,"[""1-2-4"",""1-4-2"",""1-4-5"",""1-5-4"",""4-1-2"",""4-1-5"",""4-5-1"",""5-1-2"",""5-1-4"",""5-4-1""]"
トリプルタイム,09月29日（火）,03,4,"[""1-2-3"",""1-2-6"",""1-3-2"",""1-3-4"",""1-3-6"",""1-6-3"",""3-1-6"",""3-6-1"",""6-1-3"",""6-3-1""]"
トリプルタイム,09月29日（火）,24,3,"[""1-3-2"",""1-3-4"",""1-3-5"",""1-4-3"",""1-4-5"",""4-1-2"",""4-1-3"",""4-1-5"",""4-2-1"",""4-5-1""]"
トリプルタイム,09月29日（火）,07,3,"[""1-2-3"",""1-3-2"",""1-3-5"",""2-1-3"",""2-1-5"",""2-3-1"",""3-1-2"",""3-2-5"",""5-1-2"",""5-1-3""]"
トリプルタイム,09月28日（月）,20,3,"[""1-3-4"",""1-4-2"",""1-4-3"",""1-4-5"",""1-4-6"",""3-1-2"",""3-2-1"",""4-1-3"",""4-1-6"",""4-6-1""]"
トリプルタイム,09月28日（月）,20,4,"[""1-2-3"",""1-2-6"",""1-3-2"",""1-3-6"",""2-1-3"",""2-3-1"",""2-3-6"",""2-6-1"",""3-1-2"",""3-2-1""]"
トリプルタイム,09月28日（月）,03,4,"[""1-2-3"",""1-2-4"",""1-2-6"",""1-4-2"",""1-4-6"",""2-1-3"",""2-1-4"",""2-1-6"",""4-1-2"",""4-2-5""]"
トリプルタイム,09月28日（月）,02,5,"[""1-2-3"",""1-2-4"",""1-3-2"",""1-3-4"",""1-3-5"",""1-4-2"",""1-4-5"",""4-1-2"",""4-1-5"",""4-2-1""]"
トリプルタイム,09月27日（日）,10,8,"[""1-2-3"",""1-2-4"",""1-2-5"",""1-2-6"",""1-4-2"",""1-6-2"",""2-1-3"",""2-1-6"",""2-4-1"",""2-4-3""]"
トリプルタイム,09月27日（日）,18,5,"[""1-2-3"",""1-2-4"",""1-3-2"",""1-4-2"",""1-4-3"",""1-5-2"",""1-6-2"",""2-1-3"",""2-1-4"",""2-4-1""]"
トリプルタイム,09月27日（日）,24,3,"[""1-2-3"",""1-2-4"",""1-2-5"",""1-3-2"",""1-4-2"",""1-5-2"",""2-1-3"",""2-1-4"",""2-1-5"",""2-5-1""]"
トリプルタイム,09月27日（日）,24,4,"[""1-2-3"",""1-2-4"",""1-3-2"",""1-4-2"",""2-1-3"",""2-1-4"",""2-3-1"",""2-3-4"",""2-4-1"",""3-2-1""]"
トリプルタイム,09月26日（土）,14,9,"[""1-2-4"",""1-2-5"",""1-2-6"",""1-3-2"",""1-3-4"",""1-3-6"",""1-4-2"",""1-4-3"",""2-3-1"",""2-4-1""]"
トリプルタイム,09月26日（土）,04,5,"[""1-2-3"",""1-3-4"",""1-3-5"",""1-4-3"",""1-4-5"",""1-5-3"",""1-5-4"",""1-5-6"",""5-1-3"",""5-1-4""]"
トリプルタイム,09月26日（土）,20,3,"[""1-2-3"",""1-2-5"",""1-3-4"",""1-4-2"",""1-4-3"",""1-4-5"",""1-4-6"",""4-1-3"",""4-1-5"",""4-3-1""]"
トリプルタイム,09月26日（土）,12,3,"[""1-3-5"",""1-4-5"",""1-5-2"",""1-5-3"",""1-5-4"",""4-1-3"",""4-2-5"",""5-1-2"",""5-1-3"",""5-1-4""]"
トリプルタイム,09月25日（金）,20,3,"[""1-2-3"",""1-2-4"",""1-2-6"",""1-3-2"",""1-6-3"",""3-1-2"",""3-1-6"",""3-6-1"",""6-1-3"",""6-3-2""]"
トリプルタイム,09月25日（金）,24,3,"[""1-2-4"",""1-2-6"",""1-3-2"",""1-3-5"",""1-3-6"",""2-1-3"",""2-1-6"",""2-3-1"",""2-3-6"",""2-4-5""]"
トリプルタイム,09月25日（金）,03,4,"[""1-2-3"",""1-2-4"",""2-1-3"",""2-1-4"",""2-3-1"",""3-1-2"",""3-1-4"",""3-4-1"",""4-1-2"",""4-2-3""]"
トリプルタイム,09月25日（金）,02,5,"[""1-2-4"",""1-3-4"",""1-3-5"",""1-4-2"",""1-4-3"",""1-4-6"",""4-1-2"",""4-1-3"",""4-1-6"",""4-2-1""]"
トリプルタイム,09月24日（木）,18,5,"[""1-2-3"",""1-2-4"",""1-3-2"",""1-3-4"",""1-3-5"",""1-3-6"",""1-4-3"",""2-1-3"",""3-1-2"",""5-1-2""]"
トリプルタイム,09月24日（木）,23,9,"[""1-2-3"",""1-2-4"",""1-3-2"",""1-3-4"",""1-4-2"",""1-4-3"",""2-1-3"",""2-1-4"",""3-1-2"",""4-1-3""]"
トリプルタイム,09月24日（木）,15,3,"[""1-2-4"",""1-2-6"",""1-3-2"",""1-3-4"",""1-6-2"",""2-1-3"",""2-1-6"",""2-3-1"",""2-3-6"",""2-6-1""]"
トリプルタイム,09月24日（木）,15,4,"[""1-3-5"",""1-3-6"",""1-5-2"",""1-5-6"",""1-6-2"",""2-1-6"",""2-5-6"",""2-6-1"",""5-1-6"",""5-6-1""]"
トリプルタイム,09月23日（水）,22,2,"[""1-4-2"",""1-4-3"",""1-4-6"",""2-1-3"",""2-3-1"",""4-1-2"",""4-1-5"",""4-2-1"",""4-2-3"",""4-3-2""]"
トリプルタイム,09月23日（水）,05,5,"[""1-2-3"",""1-3-4"",""1-3-5"",""1-4-5"",""4-1-2"",""4-1-3"",""4-1-5"",""4-5-1"",""5-1-3"",""5-1-4""]"
トリプルタイム,09月23日（水）,15,3,"[""1-2-6"",""1-3-6"",""1-5-6"",""1-6-2"",""1-6-3"",""2-1-5"",""2-1-6"",""5-1-2"",""5-1-3"",""6-1-2""]"
トリプルタイム,09月23日（水）,01,3,"[""1-2-4"",""1-2-5"",""1-3-4"",""1-4-5"",""1-5-2"",""1-5-4"",""2-1-5"",""2-3-1"",""2-3-5"",""5-1-4""]"
トリプルタイム,09月22日（火）,22,2,"[""2-1-4"",""2-4-1"",""2-4-5"",""4-1-2"",""4-1-5"",""4-2-3"",""4-2-5"",""4-2-6"",""4-5-1"",""4-5-2""]"
トリプルタイム,09月22日（火）,02,5,"[""1-2-3"",""1-2-5"",""1-3-5"",""1-5-2"",""1-5-6"",""5-1-2"",""5-1-3"",""5-1-6"",""5-6-1"",""5-6-2""]"
トリプルタイム,09月22日（火）,19,3,"[""1-3-5"",""1-3-6"",""2-3-5"",""3-2-4"",""3-2-5"",""3-2-6"",""3-4-2"",""3-4-5"",""3-5-2"",""3-5-4""]"
トリプルタイム,09月22日（火）,15,4,"[""1-2-5"",""2-3-1"",""3-1-2"",""3-1-4"",""3-1-5"",""3-1-6"",""3-2-5"",""3-5-2"",""3-5-6"",""3-6-5""]"
トリプルタイム,09月21日（月）,16,5,"[""1-2-3"",""1-2-6"",""1-3-2"",""1-3-4"",""1-3-6"",""1-6-2"",""1-6-3"",""1-6-4"",""4-1-2"",""4-1-6""]"
トリプルタイム,09月21日（月）,14,9,"[""1-2-3"",""1-3-2"",""1-3-4"",""2-1-3"",""2-1-6"",""2-3-1"",""2-3-6"",""3-2-4"",""3-2-5"",""3-2-6""]"
トリプルタイム,09月21日（月）,07,3,"[""1-2-4"",""1-3-2"",""1-3-4"",""1-4-2"",""1-4-3"",""1-4-5"",""4-1-3"",""4-2-3"",""4-3-2"",""4-3-5""]"
トリプルタイム,09月21日（月）,19,3,"[""1-3-2"",""1-3-6"",""2-1-3"",""2-3-1"",""2-3-6"",""3-1-2"",""3-2-1"",""3-2-6"",""3-6-1"",""3-6-2""]"
トリプルタイム,09月20日（日）,11,5,"[""1-2-4"",""1-4-2"",""1-5-2"",""1-5-4"",""2-1-4"",""2-5-4"",""4-1-2"",""4-5-2"",""5-1-4"",""5-2-4""]"
トリプルタイム,09月20日（日）,11,6,"[""1-2-3"",""1-2-6"",""1-3-2"",""1-3-6"",""2-1-6"",""2-3-6"",""2-6-1"",""2-6-3"",""3-2-6"",""5-2-6""]"
トリプルタイム,09月20日（日）,01,3,"[""1-2-6"",""2-1-4"",""2-1-6"",""2-3-6"",""2-4-1"",""2-4-3"",""2-6-1"",""2-6-3"",""2-6-4"",""4-2-6""]"
トリプルタイム,09月20日（日）,01,4,"[""1-3-2"",""1-3-4"",""2-3-5"",""3-1-4"",""3-1-5"",""3-2-4"",""3-2-5"",""3-4-1"",""3-4-5"",""3-5-2""]"
トリプルタイム,09月19日（土）,02,5,"[""1-3-4"",""1-3-6"",""1-4-3"",""1-4-6"",""3-1-4"",""3-1-6"",""3-4-6"",""4-1-3"",""4-1-6"",""4-6-1""]"
トリプルタイム,09月19日（土）,05,5,"[""2-3-4"",""2-3-5"",""3-1-4"",""3-1-5"",""3-2-1"",""3-2-5"",""3-4-1"",""3-4-5"",""3-5-1"",""3-5-2""]"
トリプルタイム,09月19日（土）,20,3,"[""1-2-5"",""1-2-6"",""1-3-2"",""1-3-5"",""1-3-6"",""1-6-2"",""1-6-3"",""2-1-3"",""3-1-2"",""3-2-5""]"
トリプルタイム,09月19日（土）,01,3,"[""1-2-5"",""2-3-4"",""2-3-5"",""2-4-5"",""2-5-3"",""2-5-4"",""3-2-4"",""3-2-5"",""3-4-5"",""4-5-1""]"
トリプルタイム,09月18日（金）,11,5,"[""1-3-6"",""1-4-6"",""1-5-3"",""1-5-6"",""1-6-3"",""1-6-4"",""1-6-5"",""5-6-1"",""6-1-3"",""6-1-5""]"
トリプルタイム,09月18日（金）,02,5,"[""1-3-2"",""2-3-4"",""2-3-6"",""3-1-2"",""3-1-6"",""3-2-4"",""3-2-5"",""3-2-6"",""3-4-6"",""3-6-2""]"
トリプルタイム,09月18日（金）,20,3,"[""1-2-5"",""1-3-2"",""1-3-5"",""2-3-5"",""2-5-3"",""3-2-5"",""3-5-2"",""5-1-3"",""5-1-4"",""5-2-3""]"
トリプルタイム,09月18日（金）,20,4,"[""1-2-3"",""1-2-6"",""1-3-6"",""1-4-2"",""1-4-6"",""1-6-2"",""1-6-4"",""2-1-4"",""6-1-2"",""6-1-4""]"
トリプルタイム,09月17日（木）,20,3,"[""1-3-5"",""1-4-5"",""1-6-3"",""1-6-4"",""4-6-1"",""4-6-3"",""6-1-3"",""6-1-4"",""6-4-1"",""6-4-3""]"
トリプルタイム,09月17日（木）,20,4,"[""1-2-5"",""1-3-4"",""1-4-3"",""3-4-1"",""3-4-5"",""3-5-4"",""4-1-3"",""4-3-1"",""4-3-5"",""4-5-3""]"
トリプルタイム,09月17日（木）,03,4,"[""1-2-3"",""1-2-6"",""1-3-2"",""1-3-4"",""1-6-2"",""1-6-3"",""1-6-4"",""6-1-3"",""6-2-3"",""6-3-2""]"
トリプルタイム,09月17日（木）,02,5,"[""1-2-3"",""1-2-5"",""1-5-6"",""2-1-5"",""2-1-6"",""2-5-6"",""5-1-6"",""5-2-6"",""5-6-1"",""5-6-2""]"
トリプルタイム,09月16日（水）,18,8,"[""1-2-4"",""1-2-6"",""1-3-2"",""1-3-4"",""1-3-5"",""1-3-6"",""1-4-2"",""1-5-2"",""1-5-3"",""2-1-3""]"
トリプルタイム,09月16日（水）,08,5,"[""1-2-3"",""1-2-4"",""1-3-4"",""1-3-5"",""1-3-6"",""1-4-2"",""1-4-3"",""1-4-5"",""1-4-6"",""1-5-4""]"
トリプルタイム,09月16日（水）,04,1,"[""1-2-3"",""1-2-4"",""1-2-5"",""1-3-2"",""1-3-5"",""1-4-5"",""1-5-2"",""1-5-4"",""5-1-2"",""5-1-4""]"
トリプルタイム,09月16日（水）,12,3,"[""1-2-4"",""1-2-5"",""1-2-6"",""1-4-2"",""2-1-4"",""2-1-6"",""2-4-1"",""2-4-5"",""2-5-6"",""4-1-2""]"
トリプルタイム,09月15日（火）,18,8,"[""1-2-6"",""1-4-6"",""1-6-2"",""1-6-3"",""1-6-4"",""1-6-5"",""4-6-1"",""6-1-2"",""6-1-4"",""6-1-5""]"
トリプルタイム,09月15日（火）,03,4,"[""1-3-5"",""1-5-3"",""3-1-5"",""3-5-1"",""3-5-6"",""5-1-3"",""5-1-6"",""5-3-1"",""5-3-6"",""5-6-3""]"
トリプルタイム,09月15日（火）,07,3,"[""1-2-3"",""1-2-5"",""2-1-3"",""2-1-5"",""2-3-4"",""2-3-5"",""2-3-6"",""2-5-6"",""3-2-5"",""3-5-6""]"
トリプルタイム,09月15日（火）,19,3,"[""1-2-5"",""1-4-5"",""1-5-2"",""1-5-4"",""2-1-5"",""2-4-5"",""2-5-4"",""5-1-6"",""5-2-4"",""5-6-2""]"
トリプルタイム,09月13日（日）,06,3,"[""1-2-5"",""1-3-5"",""2-1-5"",""2-3-5"",""2-5-1"",""2-5-3"",""3-2-5"",""3-5-2"",""5-1-2"",""5-2-3""]"
トリプルタイム,09月13日（日）,22,2,"[""1-2-4"",""1-2-5"",""2-1-4"",""2-4-1"",""2-4-5"",""2-5-4"",""4-2-5"",""4-5-2"",""5-2-4"",""5-4-2""]"
トリプルタイム,09月13日（日）,12,3,"[""1-3-2"",""1-3-6"",""1-6-3"",""2-3-6"",""3-1-2"",""3-1-6"",""3-2-6"",""3-6-1"",""3-6-2"",""6-1-3""]"
トリプルタイム,09月13日（日）,12,4,"[""1-2-3"",""1-2-4"",""1-2-6"",""1-3-4"",""1-3-5"",""1-4-3"",""1-6-3"",""3-1-2"",""3-1-4"",""3-1-6""]"
トリプルタイム,09月12日（土）,18,8,"[""1-2-3"",""1-2-4"",""1-2-5"",""1-3-4"",""1-3-5"",""1-4-2"",""1-4-3"",""1-4-5"",""4-1-2"",""4-1-3""]"
トリプルタイム,09月12日（土）,05,4,"[""1-2-5"",""1-3-2"",""1-3-5"",""1-5-2"",""1-5-3"",""2-1-3"",""2-1-5"",""2-3-1"",""2-3-5"",""3-1-2""]"
トリプルタイム,09月12日（土）,07,3,"[""1-2-3"",""1-2-4"",""1-4-2"",""2-1-3"",""2-1-4"",""2-1-5"",""2-1-6"",""2-3-1"",""2-3-4"",""2-4-1""]"
トリプルタイム,09月12日（土）,01,3,"[""1-2-4"",""1-2-5"",""1-3-2"",""1-3-5"",""1-4-5"",""1-5-2"",""1-5-3"",""1-5-4"",""5-1-2"",""5-1-4""]"
トリプルタイム,09月11日（金）,04,5,"[""1-2-3"",""1-2-4"",""1-2-6"",""1-3-4"",""1-4-2"",""1-4-5"",""1-4-6"",""4-1-2"",""4-1-5"",""4-5-1""]"
トリプルタイム,09月11日（金）,07,3,"[""1-2-4"",""1-2-6"",""1-4-2"",""1-4-3"",""1-6-2"",""4-1-2"",""4-1-6"",""4-2-6"",""4-6-1"",""4-6-2""]"
トリプルタイム,09月11日（金）,20,3,"[""1-2-4"",""1-3-4"",""1-3-6"",""1-4-2"",""1-4-5"",""1-4-6"",""1-6-4"",""4-1-5"",""4-1-6"",""4-6-1""]"
トリプルタイム,09月11日（金）,05,4,"[""1-2-3"",""1-5-2"",""1-5-3"",""2-1-3"",""2-1-5"",""2-3-1"",""2-5-3"",""3-1-2"",""3-1-5"",""3-5-2""]"
トリプルタイム,09月10日（木）,14,3,"[""1-2-3"",""1-3-2"",""1-3-5"",""1-3-6"",""1-6-3"",""1-6-5"",""3-1-2"",""3-1-6"",""3-5-6"",""6-1-3""]"
トリプルタイム,09月10日（木）,03,4,"[""1-2-3"",""1-2-5"",""1-2-6"",""1-3-2"",""1-6-2"",""2-1-3"",""2-1-6"",""3-1-2"",""3-2-1"",""3-5-2""]"
トリプルタイム,09月10日（木）,20,3,"[""1-2-3"",""1-2-4"",""1-2-6"",""1-3-2"",""2-1-3"",""2-1-4"",""2-1-6"",""2-3-1"",""6-1-2"",""6-2-1""]"
トリプルタイム,09月10日（木）,20,4,"[""1-2-3"",""1-3-2"",""1-3-4"",""1-5-2"",""5-1-2"",""5-1-6"",""5-4-6"",""5-6-1"",""5-6-2"",""5-6-4""]"
トリプルタイム,09月09日（水）,14,3,"[""1-2-3"",""1-2-6"",""1-3-2"",""1-3-4"",""1-4-3"",""1-4-6"",""1-6-3"",""1-6-4"",""6-1-3"",""6-1-4""]"
トリプルタイム,09月09日（水）,05,4,"[""2-3-4"",""2-4-1"",""2-4-3"",""2-4-6"",""3-2-4"",""3-4-2"",""4-1-3"",""4-1-6"",""4-2-1"",""4-3-2""]"
トリプルタイム,09月09日（水）,20,3,"[""1-2-3"",""1-3-4"",""1-3-5"",""1-4-3"",""4-1-3"",""4-1-5"",""4-3-1"",""4-5-1"",""4-5-2"",""4-5-3""]"
トリプルタイム,09月09日（水）,20,4,"[""1-3-6"",""1-6-3"",""3-1-2"",""3-1-6"",""3-6-1"",""3-6-2"",""3-6-5"",""6-2-3"",""6-3-2"",""6-3-5""]"
トリプルタイム,09月07日（月）,09,6,"[""1-2-3"",""1-2-4"",""1-2-6"",""1-4-2"",""1-4-6"",""1-6-2"",""1-6-4"",""4-1-2"",""4-2-6"",""4-6-2""]"
トリプルタイム,09月07日（月）,11,6,"[""1-2-3"",""1-2-4"",""1-3-6"",""1-4-3"",""3-1-4"",""3-1-6"",""3-4-1"",""3-4-6"",""4-1-3"",""4-3-1""]"
トリプルタイム,09月06日（日）,02,5,"[""1-2-3"",""1-2-6"",""1-3-5"",""1-3-6"",""1-5-2"",""1-5-3"",""3-1-5"",""3-2-5"",""3-5-1"",""3-5-6""]"
トリプルタイム,09月06日（日）,08,5,"[""1-2-3"",""1-2-4"",""1-2-5"",""1-2-6"",""1-3-2"",""1-3-4"",""1-4-2"",""1-4-6"",""2-3-4"",""2-3-6""]"
トリプルタイム,09月06日（日）,03,1,"[""1-2-3"",""1-2-4"",""1-2-5"",""1-4-2"",""1-4-5"",""1-5-2"",""1-5-4"",""2-1-3"",""2-1-4"",""4-1-5""]"
トリプルタイム,09月06日（日）,03,1,"[""1-2-3"",""1-2-5"",""1-3-2"",""1-3-5"",""1-4-5"",""1-5-2"",""1-5-3"",""1-5-4"",""4-1-2"",""4-5-6""]"
トリプルタイム,09月05日（土）,22,2,"[""1-2-3"",""2-1-3"",""2-3-1"",""2-3-6"",""2-4-1"",""2-4-3"",""2-4-6"",""3-2-6"",""4-2-1"",""4-2-3""]"
トリプルタイム,09月05日（土）,08,5,"[""1-2-3"",""1-2-4"",""1-2-5"",""1-4-2"",""1-4-3"",""1-4-5"",""1-4-6"",""4-1-2"",""4-1-5"",""4-1-6""]"
トリプルタイム,09月05日（土）,14,1,"[""1-2-3"",""1-2-5"",""1-3-4"",""1-3-5"",""1-4-5"",""1-5-2"",""1-5-3"",""1-5-6"",""5-1-3"",""5-1-6""]"
トリプルタイム,09月05日（土）,14,1,"[""1-2-3"",""1-2-4"",""1-2-5"",""1-3-4"",""1-4-2"",""1-4-3"",""1-4-5"",""1-5-2"",""1-5-4"",""4-1-5""]"
トリプルタイム,09月04日（金）,22,2,"[""1-3-4"",""3-1-4"",""3-2-4"",""3-4-1"",""3-4-2"",""3-4-6"",""3-5-4"",""3-5-6"",""4-3-5"",""4-3-6""]"
トリプルタイム,09月04日（金）,08,5,"[""1-2-3"",""1-2-4"",""1-2-5"",""1-4-2"",""1-4-5"",""1-5-2"",""1-5-3"",""1-5-4"",""4-1-2"",""5-1-2""]"
トリプルタイム,09月04日（金）,08,1,"[""1-2-3"",""1-2-5"",""1-3-2"",""1-4-3"",""1-5-2"",""1-5-3"",""2-1-3"",""3-1-5"",""4-1-3"",""5-1-3""]"
トリプルタイム,09月04日（金）,08,1,"[""1-2-3"",""1-2-5"",""1-3-2"",""1-3-4"",""1-3-5"",""1-3-6"",""1-4-2"",""1-4-3"",""1-4-6"",""1-5-4""]"
トリプルタイム,09月03日（木）,02,5,"[""1-2-3"",""1-2-4"",""1-3-2"",""1-3-5"",""1-4-2"",""1-4-3"",""3-1-2"",""3-1-4"",""3-2-4"",""3-2-5""]"
トリプルタイム,09月03日（木）,17,5,"[""1-2-3"",""1-2-4"",""1-3-2"",""1-3-4"",""1-5-2"",""1-5-3"",""3-2-4"",""3-2-5"",""5-1-2"",""5-2-1""]"
トリプルタイム,09月03日（木）,22,1,"[""1-2-5"",""1-2-6"",""1-3-5"",""1-3-6"",""1-5-3"",""1-6-2"",""1-6-3"",""6-1-3"",""6-1-5"",""6-5-1""]"
トリプルタイム,09月03日（木）,02,1,"[""1-2-3"",""1-4-2"",""1-4-6"",""1-6-2"",""1-6-4"",""2-1-4"",""2-1-6"",""2-4-6"",""2-6-4"",""4-6-1""]"
トリプルタイム,09月02日（水）,18,8,"[""1-2-3"",""1-2-4"",""1-2-6"",""1-3-2"",""1-4-2"",""1-4-6"",""1-6-2"",""4-1-2"",""4-1-6"",""4-6-2""]"
トリプルタイム,09月02日（水）,08,5,"[""1-2-4"",""1-3-4"",""1-3-5"",""1-3-6"",""1-4-3"",""1-4-5"",""1-5-4"",""1-5-6"",""4-1-5"",""4-5-1""]"
トリプルタイム,09月02日（水）,02,1,"[""1-2-3"",""1-2-4"",""1-2-5"",""1-2-6"",""1-4-2"",""1-4-5"",""1-5-2"",""1-5-6"",""2-1-4"",""2-4-1""]"
トリプルタイム,09月02日（水）,04,1,"[""1-2-3"",""1-2-4"",""1-2-5"",""1-2-6"",""1-4-6"",""1-5-2"",""1-5-6"",""1-6-2"",""1-6-3"",""1-6-5""]"
トリプルタイム,09月01日（火）,18,8,"[""1-2-3"",""1-2-5"",""1-3-2"",""1-3-5"",""1-5-2"",""1-5-3"",""2-3-5"",""3-1-5"",""3-2-5"",""3-5-1""]"
トリプルタイム,09月01日（火）,23,9,"[""1-2-5"",""1-5-2"",""1-5-6"",""2-1-3"",""2-1-5"",""2-1-6"",""2-3-1"",""2-5-1"",""2-5-6"",""2-6-5""]"
トリプルタイム,09月01日（火）,04,1,"[""1-2-4"",""1-2-6"",""1-3-4"",""1-3-6"",""1-4-2"",""1-4-6"",""4-1-2"",""4-1-6"",""4-2-1"",""4-6-3""]"
トリプルタイム,09月01日（火）,04,1,"[""1-2-3"",""1-2-4"",""1-2-5"",""1-3-2"",""1-3-4"",""1-4-2"",""1-4-5"",""1-5-2"",""5-1-2"",""5-1-4""]"
トリプルタイム,08月31日（月）,16,5,"[""1-2-3"",""1-2-4"",""1-2-6"",""1-3-2"",""1-3-4"",""1-3-6"",""1-6-2"",""1-6-3"",""6-1-2"",""6-1-3""]"
トリプルタイム,08月31日（月）,03,4,"[""1-2-3"",""1-2-5"",""1-3-4"",""1-3-5"",""1-4-5"",""1-5-2"",""2-1-3"",""2-1-4"",""2-1-5"",""2-5-1""]"
トリプルタイム,08月31日（月）,17,1,"[""1-2-4"",""1-2-5"",""1-2-6"",""1-3-2"",""1-3-4"",""1-3-5"",""1-3-6"",""1-5-3"",""1-6-5"",""2-1-6""]"
トリプルタイム,08月31日（月）,03,1,"[""1-2-3"",""1-2-5"",""1-3-2"",""1-3-4"",""1-4-3"",""1-4-5"",""1-5-2"",""1-5-4"",""4-5-1"",""5-1-2""]"
トリプルタイム,08月30日（日）,06,3,"[""2-3-5"",""3-1-2"",""3-1-4"",""3-1-5"",""3-2-1"",""3-2-4"",""3-4-5"",""3-5-1"",""3-5-2"",""3-5-4""]"
トリプルタイム,08月30日（日）,06,4,"[""1-2-3"",""1-2-5"",""1-2-6"",""1-3-2"",""1-3-6"",""1-5-2"",""1-5-3"",""1-5-6"",""1-6-3"",""5-1-3""]"
トリプルタイム,08月30日（日）,13,1,"[""1-2-3"",""1-2-4"",""1-2-5"",""1-2-6"",""1-3-4"",""1-4-2"",""1-4-5"",""2-3-4"",""2-4-5"",""4-1-2""]"
トリプルタイム,08月30日（日）,16,1,"[""1-2-6"",""1-3-4"",""1-3-5"",""1-3-6"",""1-6-2"",""2-1-3"",""2-1-4"",""2-1-5"",""2-1-6"",""2-3-1""]"
トリプルタイム,08月29日（土）,11,5,"[""1-2-3"",""1-2-4"",""1-2-5"",""1-3-2"",""1-3-4"",""1-4-2"",""2-1-3"",""2-1-4"",""4-1-2"",""4-2-1""]"
トリプルタイム,08月29日（土）,03,4,"[""1-2-3"",""1-3-2"",""2-1-3"",""2-3-1"",""2-3-4"",""2-3-5"",""3-1-2"",""3-2-1"",""3-2-4"",""3-2-5""]"
トリプルタイム,08月29日（土）,03,1,"[""1-2-3"",""1-2-4"",""1-2-6"",""1-3-4"",""1-3-6"",""1-4-2"",""1-6-4"",""4-1-6"",""4-6-1"",""6-1-4""]"
トリプルタイム,08月29日（土）,03,1,"[""1-2-3"",""1-2-4"",""1-2-6"",""1-4-5"",""1-5-2"",""1-5-4"",""1-5-6"",""5-1-2"",""5-1-6"",""5-6-1""]"
トリプルタイム,08月28日（金）,16,5,"[""1-2-4"",""1-2-5"",""1-2-6"",""1-3-5"",""1-3-6"",""1-6-2"",""1-6-5"",""2-1-6"",""6-1-2"",""6-2-1""]"
トリプルタイム,08月28日（金）,05,4,"[""1-2-3"",""1-2-4"",""1-3-2"",""1-3-5"",""1-5-3"",""3-1-5"",""3-2-5"",""3-5-1"",""3-5-2"",""5-1-2""]"
トリプルタイム,08月28日（金）,06,1,"[""1-2-3"",""1-3-5"",""1-3-6"",""1-4-3"",""3-1-2"",""3-1-4"",""3-4-1"",""3-4-5"",""3-5-1"",""3-5-4""]"
トリプルタイム,08月28日（金）,06,1,"[""1-2-5"",""1-2-6"",""1-4-5"",""1-5-2"",""1-5-4"",""1-5-6"",""2-1-5"",""2-4-5"",""5-1-2"",""5-1-6""]"
トリプルタイム,08月27日（木）,05,4,"[""1-2-3"",""1-2-4"",""1-2-5"",""1-2-6"",""1-6-2"",""2-1-5"",""2-1-6"",""2-5-1"",""2-6-1"",""6-1-2""]"
トリプルタイム,08月27日（木）,17,5,"[""1-3-4"",""1-3-5"",""1-4-2"",""1-4-3"",""1-4-6"",""1-5-2"",""1-5-3"",""1-5-6"",""4-1-5"",""5-1-4""]"
トリプルタイム,08月26日（水）,16,5,"[""1-2-3"",""1-2-5"",""1-2-6"",""1-3-2"",""1-3-5"",""1-3-6"",""2-3-5"",""3-1-2"",""3-1-6"",""3-5-6""]"
トリプルタイム,08月26日（水）,17,5,"[""1-3-4"",""1-3-6"",""1-4-3"",""1-4-5"",""1-4-6"",""1-5-3"",""1-5-6"",""3-1-5"",""4-1-5"",""4-5-1""]"
トリプルタイム,08月26日（水）,05,1,"[""1-2-3"",""1-2-5"",""1-2-6"",""1-3-2"",""1-3-5"",""1-3-6"",""1-6-2"",""1-6-3"",""6-1-3"",""6-3-1""]"
トリプルタイム,08月26日（水）,05,1,"[""1-2-4"",""1-2-5"",""1-3-2"",""1-3-4"",""1-3-5"",""1-4-3"",""1-5-2"",""2-1-3"",""2-1-6"",""5-1-2""]"
トリプルタイム,08月25日（火）,13,5,"[""1-3-2"",""1-3-4"",""1-4-2"",""1-4-3"",""1-4-5"",""1-5-4"",""1-6-4"",""4-1-5"",""4-1-6"",""5-1-4""]"
トリプルタイム,08月25日（火）,09,6,"[""1-2-5"",""1-3-4"",""1-3-5"",""1-4-2"",""1-4-5"",""3-4-5"",""4-3-1"",""4-3-5"",""4-5-1"",""4-5-3""]"
トリプルタイム,08月25日（火）,14,9,"[""1-2-3"",""1-2-6"",""1-3-2"",""1-3-6"",""1-4-6"",""2-1-3"",""2-3-4"",""2-3-6"",""3-2-5"",""3-6-2""]"
トリプルタイム,08月25日（火）,14,1,"[""1-2-3"",""1-2-4"",""1-2-5"",""1-3-2"",""1-3-5"",""1-5-2"",""1-5-3"",""2-1-3"",""2-3-5"",""3-1-2""]"
トリプルタイム,08月24日（月）,12,3,"[""1-2-4"",""1-2-5"",""1-3-2"",""2-1-3"",""2-1-4"",""2-1-5"",""2-3-1"",""2-3-4"",""2-3-5"",""2-4-5""]"
トリプルタイム,08月24日（月）,12,4,"[""1-2-3"",""1-3-2"",""1-3-4"",""1-6-3"",""2-3-4"",""2-3-6"",""2-4-3"",""3-1-6"",""3-2-4"",""3-2-6""]"
トリプルタイム,08月24日（月）,14,2,"[""1-2-3"",""1-3-2"",""1-3-4"",""1-3-5"",""1-5-3"",""2-4-5"",""2-5-4"",""3-1-5"",""3-4-5"",""3-5-1""]"
トリプルタイム,08月24日（月）,02,5,"[""1-2-5"",""1-3-2"",""1-3-5"",""3-1-5"",""3-1-6"",""3-5-1"",""3-5-6"",""3-6-5"",""5-1-3"",""5-6-3""]"
トリプルタイム,08月23日（日）,14,2,"[""1-2-3"",""1-2-4"",""1-3-2"",""1-3-4"",""1-4-2"",""1-5-3"",""3-1-2"",""3-1-4"",""3-1-5"",""3-4-1""]"
トリプルタイム,08月23日（日）,13,5,"[""1-2-3"",""1-2-5"",""2-1-3"",""2-1-5"",""2-3-1"",""2-3-5"",""2-5-1"",""2-5-3"",""5-2-3"",""5-3-2""]"
トリプルタイム,08月23日（日）,12,3,"[""1-2-3"",""1-2-4"",""1-2-6"",""1-3-2"",""1-3-6"",""1-4-2"",""1-4-6"",""1-6-2"",""1-6-3"",""2-1-4""]"
トリプルタイム,08月23日（日）,12,4,"[""2-1-3"",""2-3-1"",""2-3-6"",""2-4-3"",""3-2-1"",""3-2-4"",""3-4-2"",""3-4-6"",""4-2-3"",""4-3-2""]"
トリプルタイム,08月22日（土）,13,5,"[""1-2-3"",""1-2-5"",""1-3-2"",""2-1-3"",""2-1-4"",""2-1-5"",""2-3-1"",""2-3-5"",""2-4-5"",""2-5-1""]"
トリプルタイム,08月22日（土）,02,5,"[""1-2-4"",""1-2-5"",""1-4-2"",""1-5-2"",""2-1-4"",""2-1-5"",""3-2-5"",""4-2-5"",""4-5-1"",""4-5-2""]"
トリプルタイム,08月22日（土）,20,3,"[""1-2-3"",""1-3-2"",""1-5-2"",""1-5-6"",""5-1-2"",""5-1-6"",""5-2-6"",""5-6-1"",""5-6-2"",""5-6-3""]"
トリプルタイム,08月22日（土）,20,4,"[""1-2-4"",""1-3-4"",""2-1-6"",""2-3-6"",""2-4-3"",""2-5-6"",""2-6-1"",""2-6-3"",""2-6-5"",""6-2-4""]"
トリプルタイム,08月21日（金）,14,2,"[""1-2-3"",""1-2-6"",""1-3-2"",""1-3-6"",""1-4-6"",""1-6-2"",""1-6-3"",""1-6-4"",""6-1-2"",""6-1-3""]"
トリプルタイム,08月21日（金）,13,5,"[""1-2-5"",""1-3-2"",""1-3-4"",""1-3-5"",""1-5-2"",""1-5-3"",""3-1-5"",""3-5-1"",""5-1-3"",""5-3-1""]"
トリプルタイム,08月21日（金）,07,3,"[""1-2-3"",""1-2-4"",""1-2-5"",""1-2-6"",""1-3-6"",""1-4-2"",""1-6-2"",""1-6-4"",""2-1-3"",""2-1-6""]"
トリプルタイム,08月21日（金）,07,4,"[""1-2-4"",""1-3-2"",""2-1-3"",""2-1-4"",""2-3-1"",""2-4-1"",""2-4-3"",""3-1-2"",""3-2-1"",""3-2-4""]"
トリプルタイム,08月20日（木）,16,5,"[""1-2-4"",""1-2-6"",""1-4-2"",""1-4-6"",""1-6-2"",""1-6-4"",""2-1-4"",""4-1-2"",""4-1-6"",""4-6-1""]"
トリプルタイム,08月20日（木）,05,4,"[""1-2-3"",""1-2-5"",""1-2-6"",""1-3-2"",""2-1-5"",""2-1-6"",""2-5-6"",""5-2-6"",""5-6-1"",""5-6-2""]"
トリプルタイム,08月20日（木）,19,3,"[""1-2-5"",""1-3-2"",""1-3-4"",""1-3-5"",""1-4-5"",""1-5-2"",""1-5-3"",""2-1-3"",""2-1-5"",""2-3-1""]"
トリプルタイム,08月20日（木）,19,4,"[""1-2-4"",""1-2-6"",""1-3-4"",""1-4-2"",""1-4-3"",""1-4-6"",""2-4-6"",""4-1-2"",""4-2-6"",""4-6-2""]"
トリプルタイム,08月19日（水）,05,4,"[""1-2-3"",""1-3-2"",""2-1-3"",""2-1-4"",""2-3-1"",""2-3-4"",""2-3-5"",""2-4-3"",""3-2-4"",""3-2-5""]"
トリプルタイム,08月19日（水）,16,5,"[""1-2-3"",""1-2-4"",""1-3-2"",""1-3-4"",""1-3-5"",""1-4-3"",""3-1-2"",""3-1-4"",""4-1-2"",""4-1-3""]"
トリプルタイム,08月19日（水）,15,3,"[""1-2-3"",""1-2-5"",""1-2-6"",""1-3-5"",""1-3-6"",""3-1-2"",""3-1-5"",""3-1-6"",""3-5-1"",""3-5-6""]"
トリプルタイム,08月19日（水）,15,4,"[""1-2-6"",""1-3-2"",""1-3-6"",""1-6-2"",""1-6-3"",""1-6-4"",""2-1-6"",""3-1-2"",""3-1-6"",""6-1-2""]"
トリプルタイム,08月18日（火）,05,4,"[""1-2-3"",""1-3-2"",""2-1-3"",""2-3-1"",""2-4-3"",""2-6-3"",""3-1-2"",""3-2-4"",""3-2-5"",""3-2-6""]"
トリプルタイム,08月18日（火）,04,2,"[""1-2-3"",""1-3-2"",""2-1-3"",""2-1-6"",""2-3-1"",""2-3-4"",""2-3-5"",""3-2-1"",""3-4-5"",""4-1-2""]"
トリプルタイム,08月18日（火）,24,3,"[""1-2-5"",""1-3-2"",""1-3-5"",""1-5-2"",""1-5-3"",""1-5-6"",""2-1-3"",""2-1-5"",""2-5-1"",""5-1-2""]"
トリプルタイム,08月18日（火）,24,4,"[""1-2-4"",""1-2-6"",""1-3-2"",""2-1-3"",""2-1-4"",""2-1-5"",""2-1-6"",""2-4-1"",""2-4-6"",""2-6-1""]"
トリプルタイム,08月17日（月）,05,4,"[""1-2-3"",""1-2-6"",""1-3-6"",""1-6-3"",""3-1-6"",""3-2-6"",""3-4-6"",""3-6-1"",""6-1-3"",""6-3-1""]"
トリプルタイム,08月17日（月）,09,6,"[""2-3-1"",""3-1-4"",""3-1-5"",""3-2-4"",""3-2-5"",""3-2-6"",""3-4-5"",""3-5-2"",""3-5-6"",""4-3-5""]"
トリプルタイム,08月17日（月）,15,3,"[""1-2-4"",""1-2-5"",""1-4-5"",""2-4-6"",""4-2-5"",""4-2-6"",""4-5-6"",""4-6-1"",""4-6-2"",""4-6-5""]"
トリプルタイム,08月17日（月）,15,4,"[""1-2-4"",""1-2-5"",""2-1-4"",""4-2-5"",""4-2-6"",""4-5-2"",""4-5-6"",""4-6-1"",""4-6-2"",""4-6-5""]"
トリプルタイム,08月16日（日）,16,5,"[""1-2-3"",""1-2-6"",""1-3-2"",""1-3-6"",""3-1-6"",""3-2-4"",""3-6-1"",""6-1-2"",""6-1-3"",""6-3-1""]"
トリプルタイム,08月16日（日）,03,4,"[""1-2-3"",""1-3-2"",""1-3-4"",""1-3-6"",""2-1-3"",""2-3-1"",""3-1-2"",""3-1-4"",""3-2-1"",""3-2-4""]"
トリプルタイム,08月16日（日）,01,3,"[""1-2-5"",""1-2-6"",""2-3-6"",""3-1-2"",""3-1-6"",""3-2-1"",""3-2-5"",""3-2-6"",""3-6-1"",""3-6-2""]"
トリプルタイム,08月16日（日）,01,4,"[""1-3-5"",""1-5-2"",""2-4-3"",""4-1-2"",""4-1-3"",""4-2-3"",""4-2-5"",""4-3-1"",""4-3-2"",""4-3-5""]"
トリプルタイム,08月15日（土）,22,2,"[""1-3-2"",""1-3-5"",""2-1-3"",""2-3-1"",""3-1-2"",""3-1-5"",""3-1-6"",""3-2-1"",""3-2-5"",""3-2-6""]"
トリプルタイム,08月15日（土）,03,4,"[""1-2-3"",""1-3-2"",""1-3-4"",""1-3-5"",""1-3-6"",""1-6-3"",""3-1-4"",""3-1-6"",""3-5-1"",""3-5-6""]"
トリプルタイム,08月15日（土）,15,3,"[""1-2-6"",""1-4-5"",""4-5-1"",""4-5-6"",""4-6-5"",""5-4-6"",""5-6-4"",""6-4-2"",""6-4-5"",""6-5-4""]"
トリプルタイム,08月15日（土）,15,4,"[""1-3-2"",""1-3-5"",""3-1-2"",""3-1-5"",""3-1-6"",""3-2-5"",""3-5-1"",""3-5-6"",""3-6-2"",""3-6-5""]"
トリプルタイム,08月14日（金）,22,2,"[""1-2-3"",""1-2-5"",""1-3-2"",""1-5-2"",""2-1-3"",""2-3-5"",""2-5-1"",""2-5-3"",""2-5-6"",""3-2-5""]"
トリプルタイム,08月14日（金）,02,5,"[""1-2-4"",""1-4-2"",""2-1-4"",""2-4-1"",""2-4-3"",""4-1-2"",""4-1-3"",""4-2-1"",""4-2-3"",""4-2-5""]"
トリプルタイム,08月14日（金）,20,3,"[""1-2-4"",""1-3-2"",""1-3-4"",""1-4-2"",""2-1-4"",""2-4-1"",""2-4-3"",""4-2-1"",""4-2-3"",""4-2-5""]"
トリプルタイム,08月14日（金）,20,4,"[""1-4-6"",""2-4-6"",""2-6-4"",""4-1-6"",""4-2-6"",""4-3-6"",""4-6-2"",""4-6-3"",""4-6-5"",""6-4-2""]"
トリプルタイム,08月13日（木）,22,2,"[""1-2-4"",""1-4-2"",""1-4-5"",""2-4-1"",""2-4-5"",""4-1-2"",""4-1-5"",""4-2-5"",""4-5-1"",""4-5-2""]"
トリプルタイム,08月13日（木）,22,3,"[""1-2-6"",""1-6-2"",""1-6-4"",""2-4-1"",""2-6-1"",""6-1-2"",""6-1-4"",""6-2-4"",""6-4-1"",""6-4-2""]"
トリプルタイム,08月13日（木）,20,3,"[""1-3-4"",""1-3-5"",""1-5-3"",""3-1-4"",""3-1-5"",""3-4-1"",""3-5-1"",""3-5-4"",""5-1-3"",""5-3-1""]"
トリプルタイム,08月13日（木）,20,4,"[""3-2-5"",""5-2-1"",""5-2-3"",""5-2-4"",""5-2-6"",""5-3-2"",""5-3-6"",""5-6-1"",""5-6-2"",""5-6-3""]"
トリプルタイム,08月12日（水）,23,9,"[""3-2-5"",""3-4-5"",""3-5-2"",""3-5-4"",""3-5-6"",""4-5-3"",""5-3-2"",""5-3-4"",""5-3-6"",""5-4-3""]"
トリプルタイム,08月12日（水）,11,6,"[""1-4-2"",""1-4-6"",""4-1-3"",""4-1-5"",""4-1-6"",""4-2-1"",""4-2-3"",""4-2-5"",""4-2-6"",""4-5-1""]"
トリプルタイム,08月12日（水）,20,3,"[""1-2-5"",""1-5-4"",""1-5-6"",""5-1-2"",""5-1-3"",""5-1-4"",""5-1-6"",""5-2-1"",""5-2-3"",""5-3-1""]"
トリプルタイム,08月12日（水）,20,4,"[""1-4-6"",""1-6-4"",""4-1-6"",""4-2-6"",""4-3-6"",""4-6-1"",""4-6-2"",""4-6-3"",""4-6-5"",""6-4-2""]"
トリプルタイム,08月11日（火）,22,2,"[""3-4-2"",""3-4-6"",""4-1-6"",""4-2-6"",""4-3-5"",""4-3-6"",""4-5-6"",""4-6-2"",""4-6-3"",""4-6-5""]"
トリプルタイム,08月11日（火）,22,3,"[""1-3-4"",""1-3-6"",""1-4-3"",""1-4-6"",""1-6-3"",""1-6-4"",""3-1-4"",""3-1-6"",""6-1-3"",""6-1-4""]"
トリプルタイム,08月11日（火）,20,3,"[""1-2-5"",""1-5-3"",""5-1-2"",""5-1-3"",""5-1-4"",""5-1-6"",""5-2-1"",""5-2-3"",""5-2-6"",""5-3-2""]"
トリプルタイム,08月11日（火）,20,4,"[""1-3-6"",""1-6-2"",""1-6-3"",""1-6-4"",""1-6-5"",""3-1-6"",""6-1-2"",""6-1-5"",""6-3-1"",""6-3-5""]"
トリプルタイム,08月09日（日）,05,5,"[""1-2-3"",""1-2-4"",""1-3-2"",""1-3-4"",""2-1-3"",""2-1-4"",""2-3-1"",""2-3-4"",""4-1-2"",""4-2-1""]"
トリプルタイム,08月09日（日）,05,6,"[""1-3-2"",""1-3-4"",""1-3-6"",""1-4-2"",""1-4-3"",""1-4-6"",""3-1-2"",""3-1-4"",""3-1-6"",""6-1-3""]"
トリプルタイム,08月09日（日）,01,3,"[""1-2-4"",""1-3-2"",""1-3-4"",""1-4-2"",""1-4-3"",""2-1-4"",""3-1-4"",""4-1-2"",""4-1-3"",""4-1-5""]"
トリプルタイム,08月09日（日）,01,4,"[""1-2-4"",""1-2-5"",""1-3-2"",""1-3-5"",""1-5-2"",""2-1-5"",""2-5-1"",""4-1-5"",""5-1-2"",""5-1-6""]"
トリプルタイム,08月08日（土）,04,2,"[""1-2-3"",""1-3-2"",""1-3-6"",""2-1-3"",""2-1-6"",""2-3-6"",""2-6-3"",""3-1-2"",""3-2-1"",""3-2-6""]"
トリプルタイム,08月08日（土）,21,9,"[""1-2-3"",""1-2-5"",""1-3-5"",""2-1-5"",""2-3-5"",""2-5-1"",""2-5-3"",""3-5-4"",""5-1-2"",""5-2-3""]"
トリプルタイム,08月08日（土）,19,3,"[""1-2-5"",""1-2-6"",""1-3-2"",""1-4-2"",""1-4-6"",""1-5-3"",""2-1-4"",""2-1-5"",""2-4-6"",""4-1-5""]"
トリプルタイム,08月08日（土）,19,4,"[""1-2-3"",""1-2-5"",""1-4-5"",""1-5-2"",""1-5-4"",""3-1-5"",""4-5-1"",""5-1-2"",""5-1-4"",""5-4-1""]"
トリプルタイム,08月07日（金）,07,3,"[""1-2-3"",""1-3-2"",""1-4-6"",""4-1-6"",""4-3-6"",""4-5-6"",""4-6-1"",""4-6-3"",""4-6-5"",""6-4-1""]"
トリプルタイム,08月07日（金）,07,4,"[""1-2-3"",""1-3-2"",""2-1-3"",""2-1-4"",""2-3-1"",""2-3-4"",""2-4-6"",""3-1-2"",""3-2-4"",""3-2-6""]"
トリプルタイム,08月07日（金）,05,5,"[""1-2-4"",""1-2-5"",""1-2-6"",""1-3-2"",""1-4-2"",""1-6-2"",""2-1-3"",""2-1-6"",""3-1-2"",""6-1-2""]"
トリプルタイム,08月07日（金）,05,6,"[""1-2-3"",""1-2-5"",""1-3-2"",""1-3-5"",""1-5-3"",""3-1-2"",""3-1-4"",""3-1-5"",""3-5-1"",""3-5-2""]"
トリプルタイム,08月06日（木）,05,5,"[""1-2-4"",""1-2-5"",""1-2-6"",""1-4-2"",""2-1-3"",""2-1-4"",""2-4-1"",""3-4-1"",""4-1-2"",""4-1-3""]"
トリプルタイム,08月06日（木）,05,6,"[""1-2-3"",""1-2-4"",""1-2-5"",""1-2-6"",""1-3-4"",""1-4-2"",""1-4-3"",""1-4-5"",""2-1-3"",""2-1-4""]"
トリプルタイム,08月06日（木）,01,3,"[""1-2-3"",""1-3-2"",""2-1-3"",""2-3-1"",""2-3-4"",""3-1-2"",""3-1-5"",""3-2-1"",""3-2-4"",""3-2-5""]"
トリプルタイム,08月06日（木）,01,4,"[""1-3-5"",""3-1-5"",""3-4-5"",""3-4-6"",""3-5-1"",""3-5-4"",""3-5-6"",""4-5-3"",""4-5-6"",""5-1-3""]"
トリプルタイム,08月05日（水）,05,5,"[""1-2-3"",""1-2-5"",""1-3-4"",""1-3-5"",""1-5-3"",""3-1-5"",""3-4-5"",""3-5-1"",""3-5-4"",""4-1-5""]"
トリプルタイム,08月05日（水）,05,6,"[""1-2-3"",""1-2-6"",""1-3-2"",""1-3-4"",""1-4-2"",""1-4-6"",""1-6-2"",""2-1-3"",""2-1-4"",""2-1-6""]"
トリプルタイム,08月05日（水）,07,3,"[""1-2-4"",""1-4-2"",""1-4-5"",""1-4-6"",""4-1-2"",""4-1-5"",""4-1-6"",""4-2-1"",""4-2-6"",""4-5-6""]"
トリプルタイム,08月05日（水）,07,4,"[""1-2-4"",""1-2-6"",""1-4-2"",""1-4-6"",""1-6-2"",""2-1-4"",""2-1-6"",""2-4-1"",""2-4-6"",""2-6-4""]"
トリプルタイム,08月04日（火）,18,8,"[""1-2-6"",""2-1-3"",""2-1-4"",""2-4-6"",""2-5-6"",""2-6-1"",""2-6-3"",""2-6-4"",""2-6-5"",""6-2-4""]"
トリプルタイム,08月04日（火）,11,5,"[""1-2-4"",""1-2-6"",""1-4-2"",""2-1-3"",""2-1-4"",""2-1-6"",""2-3-4"",""2-4-1"",""4-2-6"",""4-6-2""]"
トリプルタイム,08月04日（火）,19,3,"[""1-2-3"",""1-2-6"",""1-3-2"",""1-3-6"",""2-1-3"",""3-1-2"",""3-1-4"",""3-1-6"",""3-2-6""]"
トリプルタイム,08月04日（火）,19,4,"[""1-2-3"",""1-2-4"",""1-2-6"",""1-3-2"",""1-4-2"",""1-4-3"",""2-1-3"",""2-1-4"",""2-4-3"",""3-2-4""]"
トリプルタイム,08月02日（日）,11,5,"[""1-2-4"",""1-2-5"",""1-3-4"",""1-3-5"",""1-4-2"",""1-4-3"",""1-5-2"",""1-5-4"",""4-1-5"",""4-5-1""]"
トリプルタイム,08月02日（日）,11,6,"[""1-3-4"",""1-4-2"",""1-4-3"",""1-4-6"",""3-1-4"",""3-4-1"",""4-1-2"",""4-1-3"",""4-1-6"",""4-3-1""]"
トリプルタイム,08月02日（日）,15,3,"[""1-3-5"",""1-5-6"",""1-6-5"",""5-1-6"",""5-3-6"",""5-6-1"",""5-6-3"",""5-6-4"",""6-1-5"",""6-5-1""]"
トリプルタイム,08月02日（日）,15,4,"[""1-4-5"",""1-5-3"",""1-5-4"",""3-2-4"",""3-2-5"",""5-1-3"",""5-1-4"",""5-2-3"",""5-3-4"",""5-4-1""]"
トリプルタイム,08月01日（土）,22,2,"[""1-2-5"",""1-3-2"",""1-3-5"",""3-1-2"",""3-1-5"",""3-2-5"",""3-4-5"",""3-5-1"",""3-5-2"",""3-5-4""]"
トリプルタイム,08月01日（土）,11,5,"[""1-2-4"",""1-2-6"",""1-3-6"",""1-4-6"",""2-1-6"",""2-4-1"",""2-4-6"",""2-6-4"",""4-6-2"",""6-2-4""]"
トリプルタイム,08月01日（土）,15,3,"[""1-2-6"",""1-5-6"",""1-6-2"",""1-6-3"",""1-6-5"",""6-1-4"",""6-2-1"",""6-2-5"",""6-5-1"",""6-5-2""]"
トリプルタイム,08月01日（土）,15,4,"[""1-2-6"",""1-4-6"",""1-6-2"",""1-6-4"",""1-6-5"",""4-1-6"",""4-5-6"",""4-6-1"",""4-6-5"",""6-1-4""]"
トリプルタイム,07月31日（金）,11,5,"[""1-2-3"",""1-2-5"",""1-2-6"",""1-3-2"",""1-3-6"",""1-6-2"",""1-6-3"",""3-1-6"",""3-6-1"",""6-1-2""]"
トリプルタイム,07月31日（金）,11,6,"[""1-2-5"",""1-3-5"",""1-5-2"",""1-5-3"",""1-5-6"",""2-5-1"",""5-1-2"",""5-1-3"",""5-1-6"",""5-6-1""]"
トリプルタイム,07月31日（金）,24,4,"[""1-2-3"",""1-2-4"",""1-3-2"",""1-3-4"",""2-1-3"",""2-1-4"",""2-3-4"",""2-4-1"",""2-4-3"",""3-2-4""]"
トリプルタイム,07月31日（金）,12,3,"[""1-2-3"",""1-2-6"",""2-3-6"",""2-6-1"",""2-6-3"",""2-6-4"",""2-6-5"",""6-2-1"",""6-2-3"",""6-2-5""]"
トリプルタイム,07月30日（木）,19,3,"[""1-2-6"",""1-3-2"",""1-3-4"",""2-3-4"",""3-2-4"",""3-2-6"",""3-4-2"",""3-4-6"",""3-6-2"",""3-6-4""]"
トリプルタイム,07月30日（木）,12,3,"[""1-2-4"",""1-3-4"",""1-4-2"",""1-4-5"",""2-1-5"",""2-4-5"",""4-1-5"",""4-5-1"",""4-5-2"",""5-1-4""]"
トリプルタイム,07月30日（木）,11,5,"[""1-2-3"",""1-2-4"",""1-2-5"",""1-3-2"",""1-3-5"",""2-1-3"",""2-3-1"",""2-3-5"",""3-1-2"",""3-1-5""]"
トリプルタイム,07月30日（木）,11,6,"[""1-2-3"",""1-2-4"",""1-2-6"",""1-3-2"",""1-3-6"",""1-6-2"",""1-6-3"",""2-1-6"",""3-1-6"",""6-1-2""]"
トリプルタイム,07月29日（水）,04,2,"[""2-1-4"",""2-4-3"",""2-4-5"",""2-5-3"",""3-2-4"",""3-2-5"",""4-2-3"",""4-2-5"",""4-2-6"",""4-5-2""]"
トリプルタイム,07月29日（水）,09,6,"[""1-2-3"",""1-2-6"",""1-3-6"",""1-6-2"",""1-6-3"",""2-1-6"",""6-1-2"",""6-1-3"",""6-2-1"",""6-2-3""]"
トリプルタイム,07月29日（水）,19,3,"[""1-2-6"",""1-3-6"",""1-6-3"",""2-1-3"",""2-3-1"",""2-3-6"",""3-1-6"",""3-2-6"",""3-6-1"",""3-6-2""]"
トリプルタイム,07月29日（水）,07,3,"[""1-2-3"",""1-2-5"",""1-3-5"",""1-5-2"",""1-5-3"",""3-1-5"",""3-2-5"",""3-5-2"",""5-1-2"",""5-3-2""]"
トリプルタイム,07月28日（火）,04,2,"[""1-3-4"",""1-3-5"",""1-3-6"",""1-4-3"",""1-5-3"",""3-1-4"",""3-1-5"",""3-1-6"",""3-2-5"",""3-5-4""]"
トリプルタイム,07月28日（火）,09,6,"[""1-2-3"",""1-2-6"",""1-3-2"",""1-3-5"",""2-1-3"",""2-1-4"",""2-1-6"",""2-3-1"",""2-5-1"",""2-6-1""]"
トリプルタイム,07月28日（火）,07,3,"[""1-2-3"",""1-3-2"",""1-3-4"",""1-3-5"",""1-3-6"",""3-1-4"",""3-4-1"",""3-4-6"",""3-6-4""]"
トリプルタイム,07月28日（火）,07,4,"[""1-2-3"",""1-3-2"",""1-3-5"",""1-5-3"",""1-5-4"",""2-1-3"",""2-1-5"",""5-1-2"",""5-1-3"",""5-2-1""]"
トリプルタイム,07月27日（月）,20,3,"[""1-2-3"",""1-2-5"",""1-3-2"",""1-3-4"",""1-3-5"",""1-3-6"",""1-5-3"",""2-1-3"",""3-1-5"",""3-5-1""]"
トリプルタイム,07月27日（月）,20,4,"[""1-2-5"",""1-2-6"",""1-3-6"",""1-5-2"",""1-5-6"",""1-6-5"",""2-1-5"",""2-1-6"",""5-1-2"",""5-1-6""]"
トリプルタイム,07月27日（月）,05,4,"[""1-2-3"",""1-3-2"",""1-3-4"",""1-3-5"",""1-4-3"",""3-1-4"",""3-1-5"",""3-4-1"",""3-5-1"",""3-5-4""]"
トリプルタイム,07月27日（月）,05,5,"[""1-2-3"",""1-3-2"",""1-3-4"",""1-3-6"",""1-6-3"",""2-1-3"",""3-1-2"",""3-1-6"",""3-2-1"",""3-6-1""]"
トリプルタイム,07月26日（日）,14,5,"[""1-2-3"",""1-2-5"",""1-2-6"",""1-3-2"",""1-3-4"",""1-4-2"",""1-4-3"",""1-4-5"",""1-4-6"",""1-5-2""]"
トリプルタイム,07月26日（日）,02,5,"[""1-2-3"",""1-2-4"",""1-2-5"",""1-4-2"",""2-1-4"",""2-4-1"",""2-4-3"",""2-4-5"",""3-2-4"",""4-2-3""]"
トリプルタイム,07月26日（日）,20,3,"[""1-2-3"",""1-2-4"",""1-3-4"",""2-1-3"",""2-1-4"",""2-3-1"",""2-3-4"",""2-4-1"",""2-4-3"",""3-2-4""]"
トリプルタイム,07月26日（日）,20,4,"[""1-3-4"",""2-3-4"",""2-3-6"",""2-4-3"",""3-2-4"",""3-2-5"",""3-4-2"",""3-4-6"",""4-3-6"",""5-4-6""]"
トリプルタイム,07月25日（土）,13,5,"[""1-2-3"",""1-2-5"",""1-3-2"",""1-3-5"",""1-5-2"",""1-5-3"",""3-1-5"",""5-1-2"",""5-1-3"",""5-3-1""]"
トリプルタイム,07月25日（土）,02,5,"[""1-3-2"",""1-3-5"",""1-3-6"",""3-1-2"",""3-1-5"",""3-1-6"",""3-2-5"",""3-5-1"",""3-5-2"",""3-5-6""]"
トリプルタイム,07月24日（金）,01,3,"[""1-3-5"",""2-3-5"",""2-3-6"",""3-1-5"",""3-1-6"",""3-2-5"",""3-2-6"",""3-5-2"",""3-5-6"",""3-6-2""]"
トリプルタイム,07月24日（金）,01,4,"[""1-2-3"",""1-2-4"",""1-2-5"",""1-2-6"",""1-3-4"",""1-3-5"",""1-4-2"",""1-4-5"",""4-1-5"",""4-5-2""]"
トリプルタイム,07月24日（金）,14,5,"[""1-2-4"",""1-3-4"",""1-4-2"",""1-4-3"",""1-4-6"",""1-5-4"",""4-1-5"",""4-5-1"",""4-5-6"",""5-1-4""]"
トリプルタイム,07月24日（金）,02,5,"[""1-2-5"",""1-5-2"",""1-5-6"",""1-6-5"",""5-1-2"",""5-1-6"",""5-6-1"",""5-6-2"",""6-1-5"",""6-5-1""]"
トリプルタイム,07月23日（木）,14,5,"[""1-2-3"",""1-2-5"",""1-3-5"",""1-5-2"",""1-5-3"",""1-5-6"",""5-1-2"",""5-1-3"",""5-1-6"",""5-6-1""]"
トリプルタイム,07月23日（木）,02,5,"[""1-2-3"",""1-5-3"",""2-1-5"",""2-3-5"",""2-5-3"",""3-1-2"",""3-1-5"",""3-1-6"",""3-2-5"",""3-2-6""]"
トリプルタイム,07月23日（木）,01,3,"[""1-2-4"",""1-2-6"",""1-4-6"",""2-4-5"",""2-4-6"",""2-6-4"",""2-6-5"",""4-5-6"",""4-6-2"",""4-6-5""]"
トリプルタイム,07月23日（木）,01,4,"[""1-2-3"",""1-2-5"",""1-2-6"",""1-3-5"",""1-5-6"",""1-6-2"",""2-1-6"",""5-1-6"",""5-6-1"",""5-6-2""]"
トリプルタイム,07月22日（水）,05,4,"[""1-2-3"",""1-2-4"",""1-2-5"",""1-2-6"",""1-3-2"",""1-5-2"",""1-5-6"",""2-1-3"",""2-1-5"",""2-5-1""]"
トリプルタイム,07月22日（水）,14,5,"[""1-2-3"",""1-2-4"",""1-2-5"",""1-3-2"",""1-3-5"",""1-5-2"",""2-1-3"",""2-3-4"",""2-3-5"",""2-5-3""]"
トリプルタイム,07月22日（水）,07,3,"[""1-2-3"",""1-2-4"",""1-4-2"",""1-4-3"",""1-4-5"",""2-1-4"",""3-4-6"",""4-1-2"",""4-1-3"",""4-1-5""]"
トリプルタイム,07月22日（水）,07,4,"[""1-2-3"",""1-5-3"",""1-5-6"",""2-1-5"",""2-5-1"",""5-1-2"",""5-1-3"",""5-1-6"",""5-2-1"",""5-2-3""]"
トリプルタイム,07月21日（火）,03,4,"[""1-2-3"",""1-2-5"",""1-3-5"",""1-5-2"",""2-1-3"",""2-1-5"",""2-3-5"",""2-5-3"",""3-2-5"",""3-5-2""]"
トリプルタイム,07月21日（火）,14,5,"[""1-2-3"",""1-2-4"",""1-2-5"",""1-3-2"",""1-3-4"",""1-3-5"",""1-4-2"",""1-4-3"",""1-4-5"",""3-1-4""]"
トリプルタイム,07月21日（火）,12,3,"[""1-3-2"",""1-3-4"",""1-4-3"",""3-1-2"",""3-1-4"",""3-2-1"",""3-2-4"",""3-4-1"",""3-4-2"",""4-3-1""]"
トリプルタイム,07月21日（火）,12,4,"[""2-1-3"",""2-1-4"",""2-1-5"",""2-3-4"",""2-4-1"",""2-4-3"",""2-4-5"",""4-2-1"",""4-2-3"",""4-2-5""]"
トリプルタイム,07月19日（日）,05,4,"[""1-2-3"",""1-2-4"",""1-4-2"",""2-1-4"",""2-1-3"",""2-3-1"",""2-4-1"",""3-1-2"",""4-1-2"",""4-2-1""]"
トリプルタイム,07月19日（日）,05,5,"[""1-4-5"",""1-5-4"",""3-4-5"",""3-5-4"",""4-1-5"",""4-3-5"",""4-5-1"",""4-5-3"",""5-1-4"",""5-4-1""]"
トリプルタイム,07月19日（日）,07,3,"[""1-2-3"",""1-3-2"",""2-3-4"",""2-3-5"",""2-3-5"",""2-5-3"",""3-2-5"",""3-5-2"",""5-2-3"",""5-3-2""]"
トリプルタイム,07月19日（日）,07,4,"[""1-6-4"",""4-1-2"",""4-1-3"",""4-1-5"",""4-6-1"",""4-6-2"",""4-6-3"",""4-6-5"",""6-1-4"",""6-4-1""]"
トリプルタイム,07月18日（土）,03,4,"[""1-2-5"",""1-2-6"",""2-1-3"",""2-1-4"",""2-1-5"",""2-1-6"",""2-3-5"",""2-5-1"",""2-5-3"",""3-2-5""]"
トリプルタイム,07月18日（土）,02,5,"[""1-2-6"",""1-4-6"",""1-6-2"",""1-6-4"",""2-1-5"",""4-1-5"",""4-1-6"",""4-5-1"",""4-6-1"",""6-4-1""]"
トリプルタイム,07月18日（土）,07,3,"[""1-3-4"",""1-3-5"",""1-5-3"",""3-1-5"",""3-4-5"",""3-5-4"",""4-1-5"",""4-5-1"",""5-1-4"",""5-4-1""]"
トリプルタイム,07月18日（土）,07,4,"[""1-2-3"",""1-2-4"",""2-1-4"",""2-3-1"",""2-3-4"",""2-3-6"",""2-4-3"",""2-4-6"",""3-2-4"",""3-2-6""]"
トリプルタイム,07月17日（金）,23,9,"[""1-2-4"",""1-2-5"",""1-3-2"",""1-3-4"",""1-3-5"",""2-1-3"",""2-1-4"",""2-1-5"",""2-1-6"",""3-1-2""]"
トリプルタイム,07月17日（金）,21,9,"[""1-2-3"",""1-2-4"",""1-2-5"",""1-2-6"",""1-3-2"",""1-3-4"",""1-4-2"",""1-4-3"",""1-4-5"",""1-4-6""]"
トリプルタイム,07月17日（金）,01,3,"[""1-2-3"",""1-2-4"",""1-2-5"",""1-3-2"",""2-1-3"",""2-1-4"",""2-1-5"",""2-3-1"",""2-3-5"",""2-5-1""]"
トリプルタイム,07月17日（金）,01,4,"[""1-2-3"",""1-2-5"",""1-2-6"",""1-6-2"",""2-1-3"",""2-1-5"",""2-3-5"",""2-5-1"",""2-5-3"",""2-5-4""]"
トリプルタイム,07月16日（木）,01,3,"[""1-3-4"",""1-3-5"",""1-4-5"",""1-5-4"",""4-1-5"",""4-3-5"",""4-5-1"",""4-5-3"",""5-1-4"",""5-3-4""]"
トリプルタイム,07月16日（木）,01,4,"[""1-2-3"",""1-2-4"",""1-4-2"",""1-4-3"",""1-4-5"",""2-1-4"",""2-4-1"",""2-4-3"",""4-1-2"",""4-1-3""]"
トリプルタイム,07月16日（木）,13,5,"[""1-2-4"",""1-3-2"",""1-3-4"",""1-3-5"",""1-3-6"",""1-4-2"",""1-4-3"",""1-4-5"",""1-4-6"",""1-6-4""]"
トリプルタイム,07月16日（木）,21,9,"[""1-2-4"",""1-3-2"",""1-3-4"",""1-4-2"",""2-3-4"",""2-4-3"",""3-1-4"",""3-2-4"",""3-2-5"",""4-2-5""]"
トリプルタイム,07月15日（水）,13,5,"[""1-2-3"",""1-2-4"",""1-2-6"",""1-3-6"",""1-4-2"",""1-4-6"",""1-6-2"",""2-4-6"",""2-6-4"",""6-1-2""]"
トリプルタイム,07月15日（水）,04,2,"[""1-2-3"",""1-2-4"",""1-2-6"",""1-3-4"",""1-3-6"",""1-4-3"",""1-4-6"",""1-6-2"",""1-6-3"",""1-6-4""]"
トリプルタイム,07月15日（水）,07,3,"[""1-2-4"",""1-2-6"",""1-6-2"",""2-1-3"",""2-1-4"",""2-1-6"",""2-4-1"",""2-4-6"",""2-6-1"",""6-1-2""]"
トリプルタイム,07月15日（水）,19,3,"[""1-2-4"",""1-4-2"",""1-4-3"",""1-4-6"",""2-4-1"",""4-1-2"",""4-1-3"",""4-1-6"",""4-2-6"",""4-6-1""]"
トリプルタイム,07月14日（火）,04,2,"[""1-3-5"",""3-1-4"",""3-1-5"",""3-2-5"",""3-4-1"",""3-4-5"",""3-5-1"",""3-5-2"",""3-5-4"",""5-3-4""]"
トリプルタイム,07月14日（火）,16,5,"[""1-3-2"",""1-3-6"",""3-4-6"",""3-6-2"",""3-6-4"",""6-1-2"",""6-1-3"",""6-1-4"",""6-3-1"",""6-3-4""]"
トリプルタイム,07月14日（火）,20,3,"[""1-3-2"",""1-3-4"",""1-3-5"",""1-5-2"",""1-5-3"",""1-5-4"",""3-1-4"",""3-1-5"",""5-1-3"",""5-1-4""]"
トリプルタイム,07月14日（火）,07,3,"[""1-3-5"",""1-5-3"",""3-5-1"",""3-5-2"",""3-5-4"",""3-5-6"",""5-3-1"",""5-3-2"",""5-3-4"",""5-3-6""]"
トリプルタイム,07月12日（日）,02,5,"[""1-3-5"",""1-3-6"",""1-5-3"",""1-6-3"",""3-1-5"",""3-1-6"",""3-5-1"",""3-6-1"",""5-1-3"",""5-3-1""]"
トリプルタイム,07月12日（日）,02,6,"[""1-2-3"",""1-3-2"",""2-1-3"",""2-3-1"",""2-3-5"",""2-3-6"",""3-1-2"",""3-2-1"",""3-2-5"",""3-2-6""]"
トリプルタイム,07月12日（日）,07,3,"[""1-2-3"",""1-3-2"",""2-1-3"",""2-3-1"",""2-3-5"",""2-5-3"",""3-1-2"",""3-2-1"",""3-2-5"",""3-5-2""]"
トリプルタイム,07月12日（日）,07,4,"[""1-2-3"",""1-2-4"",""1-2-5"",""1-2-6"",""1-3-2"",""2-1-3"",""2-3-1"",""2-3-5"",""3-1-2"",""3-2-1""]"
トリプルタイム,07月11日（土）,04,2,"[""1-2-3"",""1-3-2"",""1-3-4"",""2-1-3"",""2-3-4"",""3-1-2"",""3-1-4"",""3-4-1"",""3-4-2"",""4-3-1""]"
トリプルタイム,07月11日（土）,02,5,"[""1-2-3"",""1-3-2"",""1-3-6"",""1-6-2"",""1-6-3"",""3-1-2"",""3-1-6"",""3-2-1"",""3-2-6"",""3-6-1""]"
トリプルタイム,07月11日（土）,07,3,"[""2-1-3"",""2-3-1"",""2-3-6"",""2-6-3"",""3-1-2"",""3-2-1"",""3-2-6"",""3-6-2"",""6-2-3"",""6-3-2""]"
トリプルタイム,07月11日（土）,07,4,"[""2-3-1"",""2-3-4"",""2-3-5"",""2-6-3"",""3-2-4"",""3-2-5"",""3-2-6"",""3-6-2"",""6-2-3"",""6-3-2""]"
トリプルタイム,07月10日（金）,02,5,"[""1-2-5"",""1-5-2"",""1-5-4"",""2-1-5"",""2-5-1"",""2-5-4"",""2-5-6"",""5-1-2"",""5-2-1"",""5-2-6""]"
トリプルタイム,07月10日（金）,09,6,"[""1-2-6"",""1-6-2"",""1-6-3"",""2-6-3"",""3-1-6"",""3-6-1"",""3-6-2"",""6-1-3"",""6-3-1"",""6-3-2""]"
トリプルタイム,07月10日（金）,15,3,"[""1-2-4"",""1-2-5"",""1-4-2"",""2-1-4"",""4-1-2"",""4-1-5"",""4-2-1"",""4-2-5"",""4-5-1"",""4-5-2""]"
トリプルタイム,07月10日（金）,12,3,"[""1-2-5"",""2-1-5"",""2-5-3"",""3-2-5"",""3-5-1"",""3-5-2"",""5-1-3"",""5-2-1"",""5-2-3"",""5-3-2""]"
トリプルタイム,07月09日（木）,10,5,"[""1-2-6"",""1-3-6"",""1-6-2"",""3-6-1"",""6-1-2"",""6-1-3"",""6-1-4"",""6-1-5"",""6-3-1"",""6-5-1""]"
トリプルタイム,07月09日（木）,02,5,"[""1-4-6"",""1-6-4"",""3-1-6"",""3-4-6"",""4-1-6"",""4-6-1"",""4-6-3"",""6-1-3"",""6-1-4"",""6-4-1""]"
トリプルタイム,07月09日（木）,01,3,"[""2-1-4"",""2-3-4"",""2-4-1"",""2-4-5"",""3-4-2"",""4-2-1"",""4-2-5"",""4-2-6"",""4-3-2"",""4-5-2""]"
トリプルタイム,07月09日（木）,15,4,"[""1-3-5"",""2-3-5"",""2-5-3"",""3-1-5"",""3-4-5"",""3-5-1"",""3-5-2"",""3-5-4"",""3-5-6"",""5-3-2""]"
トリプルタイム,07月08日（水）,05,4,"[""1-2-3"",""1-2-4"",""1-2-5"",""1-3-4"",""1-4-2"",""2-1-4"",""2-4-1"",""4-1-2"",""4-1-3"",""4-2-1""]"
トリプルタイム,07月08日（水）,02,5,"[""1-2-6"",""1-3-4"",""1-4-6"",""1-6-4"",""3-4-6"",""3-6-4"",""4-1-6"",""4-6-1"",""6-1-4"",""6-4-1""]"
トリプルタイム,07月08日（水）,19,3,"[""1-2-3"",""1-3-2"",""2-3-4"",""2-4-3"",""2-4-5"",""2-5-3"",""2-5-4"",""3-2-4"",""3-5-2"",""3-5-4""]"
トリプルタイム,07月08日（水）,01,3,"[""1-3-4"",""1-3-6"",""1-4-3"",""3-1-4"",""3-1-6"",""3-4-1"",""3-4-6"",""3-6-1"",""3-6-4"",""4-3-1""]"
トリプルタイム,07月07日（火）,05,4,"[""1-2-5"",""1-5-2"",""2-1-5"",""2-5-1"",""2-5-3"",""2-5-4"",""5-1-2"",""5-2-1"",""5-2-3"",""5-2-4""]"
トリプルタイム,07月07日（火）,05,5,"[""1-2-3"",""1-2-4"",""1-2-5"",""1-2-6"",""1-6-2"",""2-1-3"",""2-1-6"",""2-6-1"",""6-1-2"",""6-2-1""]"
トリプルタイム,07月07日（火）,07,3,"[""1-2-3"",""1-3-2"",""1-3-5"",""1-5-3"",""2-3-1"",""3-1-2"",""3-1-5"",""3-2-1"",""5-1-3"",""5-3-1""]"
トリプルタイム,07月07日（火）,07,4,"[""1-2-3"",""1-3-2"",""2-1-3"",""2-3-1"",""2-3-4"",""3-1-2"",""3-2-1"",""3-2-4"",""3-4-2"",""4-2-3""]"
トリプルタイム,07月05日（日）,24,3,"[""1-2-3"",""1-2-4"",""1-2-5"",""1-5-2"",""2-1-5"",""2-5-1"",""2-5-3"",""2-5-4"",""5-1-2"",""5-2-1""]"
トリプルタイム,07月05日（日）,19,4,"[""1-2-6"",""1-6-2"",""2-1-6"",""2-6-1"",""2-6-4"",""4-2-6"",""6-1-2"",""6-2-1"",""6-2-4"",""6-4-2""]"
トリプルタイム,07月05日（日）,03,3,"[""1-4-6"",""1-6-4"",""4-1-6"",""4-5-6"",""4-6-1"",""4-6-5"",""5-4-6"",""5-6-4"",""6-4-5"",""6-5-4""]"
トリプルタイム,07月05日（日）,03,4,"[""1-2-3"",""1-2-6"",""1-3-2"",""1-6-2"",""2-1-3"",""2-1-6"",""2-6-1"",""3-1-2"",""6-1-2"",""6-2-1""]"
トリプルタイム,07月04日（土）,16,5,"[""1-2-4"",""1-4-2"",""1-4-6"",""1-6-4"",""2-1-4"",""2-4-1"",""4-1-2"",""4-1-6"",""4-2-1"",""4-6-1""]"
トリプルタイム,07月04日（土）,16,6,"[""1-2-4"",""1-3-4"",""1-3-5"",""1-3-6"",""2-1-3"",""2-3-1"",""3-1-2"",""3-1-4"",""3-1-5"",""3-2-1""]"
トリプルタイム,07月04日（土）,07,3,"[""2-1-3"",""2-3-1"",""2-3-6"",""2-6-3"",""3-1-2"",""3-2-1"",""3-2-6"",""3-6-2"",""6-2-3"",""6-3-2""]"
トリプルタイム,07月04日（土）,07,4,"[""2-3-1"",""2-3-4"",""2-3-5"",""2-6-3"",""3-2-4"",""3-2-5"",""3-2-6"",""3-6-2"",""6-2-3"",""6-3-2""]"
トリプルタイム,07月03日（金）,04,2,"[""1-3-2"",""1-3-5"",""1-3-6"",""1-4-6"",""1-5-3"",""2-3-5"",""3-1-5"",""3-2-5"",""3-5-6"",""3-6-2""]"
トリプルタイム,07月03日（金）,03,5,"[""1-2-3"",""1-3-5"",""1-6-2"",""1-6-3"",""2-1-3"",""2-1-6"",""2-3-5"",""2-3-6"",""3-1-5"",""3-2-5""]"
トリプルタイム,07月03日（金）,12,3,"[""2-1-3"",""2-4-5"",""3-4-5"",""4-1-3"",""4-1-5"",""4-2-5"",""4-3-5"",""4-5-2"",""5-4-2"",""5-4-3""]"
トリプルタイム,07月03日（金）,12,4,"[""2-3-4"",""2-4-3"",""3-2-4"",""3-4-2"",""3-4-5"",""3-4-6"",""4-2-3"",""4-2-5"",""4-3-2"",""4-5-3""]"
トリプルタイム,07月02日（木）,20,3,"[""1-3-5"",""3-1-5"",""3-4-5"",""3-5-1"",""3-5-2"",""3-5-4"",""4-3-5"",""4-5-3"",""5-3-4"",""5-4-3""]"
トリプルタイム,07月02日（木）,20,4,"[""1-3-2"",""1-3-4"",""2-3-4"",""2-4-3"",""3-2-4"",""3-4-1"",""3-4-2"",""3-4-6"",""4-2-3"",""4-3-2""]"
トリプルタイム,07月02日（木）,05,4,"[""1-2-4"",""1-2-5"",""1-2-6"",""1-3-2"",""2-1-3"",""2-1-4"",""2-3-1"",""2-4-1"",""4-1-2"",""4-2-1""]"
トリプルタイム,07月02日（木）,05,5,"[""1-2-5"",""1-5-2"",""2-1-5"",""2-4-5"",""2-5-1"",""2-5-4"",""4-2-5"",""4-5-2"",""5-2-4"",""5-4-2""]"
トリプルタイム,07月01日（水）,05,4,"[""1-2-5"",""1-3-2"",""2-1-3"",""2-1-5"",""2-5-1"",""2-5-3"",""5-1-2"",""5-1-3"",""5-2-1"",""5-2-3""]"
トリプルタイム,07月01日（水）,05,5,"[""1-3-4"",""1-3-5"",""1-5-3"",""1-5-4"",""3-4-5"",""3-5-4"",""4-3-5"",""4-5-3"",""5-3-4"",""5-4-3""]"
トリプルタイム,07月01日（水）,12,3,"[""1-3-5"",""1-5-3"",""3-1-4"",""3-1-5"",""3-1-6"",""3-4-5"",""3-5-1"",""3-5-4"",""5-1-3"",""5-3-1""]"
トリプルタイム,07月01日（水）,12,4,"[""1-2-3"",""1-3-2"",""2-1-3"",""2-3-1"",""2-3-5"",""2-3-6"",""3-1-2"",""3-2-1"",""3-2-5"",""3-2-6""]"
トリプルタイム,06月30日（火）,05,4,"[""1-3-4"",""1-3-5"",""1-5-3"",""1-5-4"",""3-1-4"",""3-1-5"",""3-5-1"",""5-1-3"",""5-1-4"",""5-3-1""]"
トリプルタイム,06月30日（火）,05,5,"[""1-2-3"",""1-2-4"",""1-3-2"",""1-3-4"",""1-4-2"",""1-4-3"",""2-1-4"",""2-3-4"",""2-4-1"",""2-4-3""]"
トリプルタイム,06月30日（火）,20,3,"[""1-2-3"",""1-3-2"",""1-3-6"",""2-1-3"",""2-1-6"",""2-3-1"",""2-3-6"",""3-1-2"",""3-1-6"",""3-2-6""]"
トリプルタイム,06月30日（火）,20,4,"[""1-2-3"",""1-2-4"",""1-2-6"",""1-3-2"",""1-4-2"",""2-1-3"",""2-1-4"",""2-1-6"",""3-2-4"",""3-4-2""]"
トリプルタイム,06月28日（日）,06,3,"[""1-2-3"",""1-3-2"",""1-3-5"",""1-5-3"",""3-1-2"",""3-1-5"",""3-2-1"",""3-5-1"",""5-1-3"",""5-3-1""]"
トリプルタイム,06月28日（日）,06,4,"[""1-3-2"",""1-3-4"",""1-3-5"",""1-3-6"",""1-5-3"",""1-6-5"",""5-1-6"",""5-6-1"",""6-1-5"",""6-5-1""]"
トリプルタイム,06月28日（日）,24,3,"[""1-2-3"",""1-3-2"",""2-1-3"",""2-1-4"",""2-1-5"",""2-1-6"",""2-3-1"",""2-5-4"",""3-1-2"",""3-2-1""]"
トリプルタイム,06月28日（日）,24,4,"[""1-3-6"",""1-6-3"",""3-1-6"",""3-6-1"",""3-6-2"",""3-6-4"",""3-6-5"",""6-1-3"",""6-3-1"",""6-3-5""]"
トリプルタイム,06月27日（土）,06,3,"[""2-1-4"",""2-4-1"",""2-4-3"",""2-4-5"",""2-4-6"",""2-6-4"",""4-2-6"",""4-6-2"",""6-2-4"",""6-4-2""]"
トリプルタイム,06月27日（土）,06,4,"[""1-2-3"",""1-5-6"",""1-6-5"",""2-1-3"",""2-3-1"",""3-1-2"",""3-2-1"",""5-1-6"",""5-6-1"",""6-1-5""]"
トリプルタイム,06月27日（土）,01,3,"[""1-3-2"",""1-3-4"",""1-4-2"",""1-4-3"",""2-1-4"",""3-2-4"",""3-4-1"",""3-4-2"",""4-1-3"",""4-3-2""]"
トリプルタイム,06月27日（土）,01,4,"[""1-3-6"",""1-6-3"",""2-3-6"",""3-1-6"",""3-6-1"",""3-6-2"",""3-6-4"",""3-6-5"",""6-1-3"",""6-3-1""]"
トリプルタイム,06月26日（金）,07,4,"[""1-5-2"",""1-5-3"",""1-5-4"",""1-5-6"",""3-4-5"",""3-5-4"",""4-3-5"",""4-5-3"",""5-3-4"",""5-4-3""]"
トリプルタイム,06月26日（金）,02,5,"[""1-2-4"",""1-3-4"",""1-4-2"",""1-4-3"",""2-1-4"",""2-4-1"",""3-1-4"",""4-1-2"",""4-1-3"",""4-3-1""]"
トリプルタイム,06月26日（金）,02,6,"[""1-3-6"",""1-6-3"",""3-1-6"",""3-4-6"",""3-6-1"",""3-6-2"",""3-6-4"",""3-6-5"",""6-1-3"",""6-3-1""]"
トリプルタイム,06月26日（金）,07,3,"[""1-2-5"",""1-5-2"",""2-1-5"",""2-3-5"",""2-5-1"",""2-5-3"",""5-1-2"",""5-2-1"",""5-2-3"",""5-3-2""]"
トリプルタイム,06月25日（木）,02,5,"[""1-2-6"",""1-6-2"",""2-1-6"",""2-6-1"",""2-6-3"",""2-6-5"",""6-1-2"",""6-2-1"",""6-2-3"",""6-2-5""]"
トリプルタイム,06月25日（木）,02,6,"[""2-4-5"",""2-5-3"",""2-5-4"",""2-5-6"",""3-2-4"",""3-2-5"",""4-2-5"",""4-5-2"",""5-2-4"",""5-4-2""]"
トリプルタイム,06月25日（木）,15,3,"[""1-3-2"",""1-3-4"",""1-3-5"",""1-5-3"",""3-1-2"",""3-1-4"",""3-1-5"",""3-5-1"",""5-1-3"",""5-3-1""]"
トリプルタイム,06月25日（木）,15,4,"[""1-2-5"",""1-2-6"",""1-5-2"",""1-6-2"",""2-1-5"",""2-1-6"",""2-5-1"",""2-6-1"",""5-1-2"",""5-2-1""]"
トリプルタイム,06月24日（水）,14,1,"[""1-2-4"",""1-3-2"",""1-3-4"",""1-3-5"",""1-4-2"",""1-4-3"",""1-4-5"",""1-5-2"",""1-5-3"",""1-5-4""]"
トリプルタイム,06月24日（水）,14,2,"[""1-3-4"",""1-4-3"",""1-4-6"",""1-6-4"",""3-1-4"",""3-4-1"",""4-1-3"",""4-1-6"",""4-3-1"",""4-6-1""]"
トリプルタイム,06月24日（水）,07,3,"[""1-2-3"",""1-5-2"",""1-5-3"",""2-1-3"",""2-3-5"",""2-3-6"",""2-5-3"",""2-5-6"",""3-1-5"",""3-2-6""]"
トリプルタイム,06月24日（水）,07,4,"[""1-2-3"",""1-3-2"",""1-3-4"",""1-4-2"",""1-5-2"",""2-1-3"",""2-1-4"",""2-3-1"",""2-3-5"",""3-1-4""]"
トリプルタイム,06月23日（火）,04,2,"[""3-4-1"",""3-4-6"",""4-3-6"",""4-5-1"",""4-5-3"",""4-5-6"",""4-6-1"",""4-6-3"",""4-6-5"",""6-4-1""]"
トリプルタイム,06月23日（火）,04,3,"[""1-3-2"",""1-3-5"",""1-3-6"",""1-6-2"",""1-6-3"",""1-6-5"",""3-1-2"",""3-1-5"",""3-1-6"",""3-6-1""]"
トリプルタイム,06月23日（火）,15,3,"[""1-4-6"",""1-6-4"",""4-1-2"",""4-1-3"",""4-1-6"",""4-2-6"",""4-3-6"",""4-6-1"",""6-1-4"",""6-4-1""]"
トリプルタイム,06月23日（火）,15,4,"[""1-2-3"",""1-2-4"",""1-2-6"",""1-3-2"",""1-3-4"",""1-4-2"",""1-4-3"",""1-4-6"",""1-6-2"",""4-1-3""]"
トリプルタイム,06月22日（月）,04,2,"[""1-3-2"",""1-3-4"",""1-3-5"",""1-4-3"",""3-1-2"",""3-1-4"",""3-1-5"",""3-4-1"",""4-1-3"",""4-3-1""]"
トリプルタイム,06月22日（月）,04,3,"[""1-2-3"",""1-3-2"",""1-3-4"",""1-3-5"",""1-5-3"",""3-1-5"",""3-5-1"",""5-1-2"",""5-1-3"",""5-3-1""]"
トリプルタイム,06月22日（月）,20,3,"[""1-3-5"",""1-5-3"",""3-1-5"",""3-5-1"",""4-5-6"",""5-1-3"",""5-3-1"",""5-3-2"",""5-3-4"",""5-6-4""]"
トリプルタイム,06月22日（月）,20,4,"[""1-3-4"",""1-4-3"",""3-1-4"",""3-4-1"",""3-4-5"",""3-5-4"",""4-3-5"",""4-5-3"",""5-3-4"",""5-4-3""]"
トリプルタイム,06月21日（日）,08,4,"[""1-4-3"",""1-4-6"",""1-6-4"",""3-1-4"",""4-1-3"",""4-1-6"",""4-3-1"",""4-6-1"",""6-1-4"",""6-4-1""]"
トリプルタイム,06月21日（日）,08,5,"[""1-2-4"",""1-2-5"",""1-3-2"",""1-3-6"",""1-6-3"",""2-1-3"",""2-3-1"",""3-1-2"",""3-1-6"",""3-2-1""]"
トリプルタイム,06月21日（日）,15,3,"[""1-2-3"",""1-3-2"",""2-1-3"",""2-3-1"",""3-1-2"",""3-1-4"",""3-1-5"",""3-1-6"",""3-2-1"",""3-4-5""]"
トリプルタイム,06月21日（日）,15,4,"[""1-2-4"",""1-4-2"",""2-1-4"",""2-4-1"",""4-1-2"",""4-2-1"",""4-6-1"",""4-6-2"",""4-6-3"",""4-6-5""]"
トリプルタイム,06月20日（土）,09,6,"[""1-2-4"",""1-3-4"",""1-4-2"",""1-6-2"",""1-6-3"",""1-6-4"",""1-6-5"",""4-1-2"",""4-1-6"",""4-6-1""]"
トリプルタイム,06月20日（土）,10,9,"[""1-4-5"",""1-5-4"",""4-1-5"",""4-5-1"",""4-5-2"",""4-5-3"",""4-5-6"",""5-1-4"",""5-4-1"",""5-4-6""]"
トリプルタイム,06月20日（土）,15,3,"[""1-3-4"",""1-3-5"",""3-1-5"",""3-5-1"",""5-1-2"",""5-1-3"",""5-1-4"",""5-3-1"",""5-3-2"",""5-3-4""]"
トリプルタイム,06月20日（土）,15,4,"[""1-4-5"",""1-5-4"",""4-1-5"",""4-5-6"",""5-1-4"",""5-4-1"",""5-4-6"",""5-6-4"",""6-4-5"",""6-5-4""]"
トリプルタイム,06月19日（金）,05,4,"[""1-2-3"",""1-3-2"",""1-3-5"",""1-3-6"",""3-1-2"",""3-1-5"",""3-1-6"",""3-2-5"",""3-2-6"",""3-5-1""]"
トリプルタイム,06月19日（金）,02,5,"[""1-2-4"",""1-4-5"",""1-4-6"",""1-5-4"",""4-1-5"",""4-1-6"",""4-2-6"",""4-6-1"",""4-6-2"",""4-6-5""]"
トリプルタイム,06月19日（金）,12,3,"[""1-2-3"",""1-3-2"",""2-3-1"",""2-3-4"",""2-3-5"",""2-3-6"",""3-2-1"",""3-2-4"",""3-2-5"",""3-2-6""]"
トリプルタイム,06月19日（金）,12,4,"[""1-2-4"",""1-2-6"",""1-4-2"",""1-4-6"",""1-6-2"",""1-6-4"",""4-1-2"",""4-1-6"",""4-6-1"",""4-6-2""]"
トリプルタイム,06月18日（木）,09,6,"[""1-2-5"",""1-5-2"",""2-1-5"",""2-5-1"",""2-4-5"",""2-5-4"",""4-5-2"",""5-2-1"",""5-2-4"",""5-4-2""]"
トリプルタイム,06月18日（木）,09,7,"[""1-3-2"",""1-3-5"",""2-3-5"",""2-5-3"",""3-2-4"",""3-2-5"",""3-2-6"",""3-5-2"",""3-5-4"",""3-5-6""]"
トリプルタイム,06月18日（木）,19,3,"[""1-2-3"",""2-3-1"",""2-3-4"",""2-3-5"",""2-3-6"",""2-4-3"",""3-2-4"",""3-4-2"",""4-2-3"",""4-3-2""]"
トリプルタイム,06月18日（木）,19,4,"[""2-3-1"",""2-3-5"",""2-3-6"",""2-4-3"",""3-2-1"",""3-2-5"",""3-2-6"",""3-4-2"",""4-2-3"",""4-3-2""]"
トリプルタイム,06月16日（火）,02,5,"[""1-4-5"",""1-5-4"",""3-4-5"",""3-5-4"",""4-1-5"",""4-3-5"",""4-5-1"",""4-5-3"",""5-1-4"",""5-4-1""]"
トリプルタイム,06月16日（火）,22,3,"[""1-2-5"",""1-3-2"",""1-3-4"",""1-4-5"",""1-5-4"",""2-1-4"",""3-2-4"",""4-5-1"",""4-5-2"",""4-5-3""]"
トリプルタイム,06月16日（火）,19,3,"[""1-3-4"",""1-4-3"",""3-4-1"",""3-4-2"",""3-4-5"",""3-4-6"",""3-5-4"",""4-3-1"",""4-3-5"",""4-5-3""]"
トリプルタイム,06月16日（火）,19,4,"[""2-3-1"",""2-3-4"",""2-3-5"",""2-5-3"",""3-2-1"",""3-2-4"",""3-2-5"",""3-5-2"",""5-2-3"",""5-3-2""]"
トリプルタイム,06月15日（月）,08,4,"[""1-2-3"",""1-3-2"",""1-3-6"",""1-6-3"",""2-1-3"",""2-3-1"",""3-1-2"",""3-1-6"",""3-2-1"",""3-6-1""]"
トリプルタイム,06月15日（月）,08,5,"[""1-2-3"",""1-3-2"",""2-1-3"",""2-3-1"",""3-1-2"",""3-2-1"",""3-4-6"",""3-6-4"",""4-3-6"",""4-6-3""]"
トリプルタイム,06月15日（月）,20,3,"[""1-2-3"",""1-3-2"",""2-1-3"",""3-1-2"",""3-1-4"",""3-1-5"",""3-1-6"",""3-2-1"",""3-2-4"",""3-2-5""]"
トリプルタイム,06月15日（月）,20,4,"[""1-2-3"",""1-3-2"",""2-3-1"",""2-3-4"",""2-3-5"",""2-3-6"",""3-1-2"",""3-2-1"",""3-2-5"",""3-5-2""]"
トリプルタイム,06月14日（日）,02,5,"[""1-2-3"",""1-2-4"",""1-2-6"",""1-4-2"",""2-1-3"",""2-1-4"",""2-1-6"",""2-4-1"",""4-1-2"",""4-2-1""]"
トリプルタイム,06月14日（日）,02,6,"[""3-4-1"",""3-4-2"",""3-4-5"",""3-4-6"",""3-6-4"",""4-3-5"",""4-3-6"",""4-6-3"",""6-3-4"",""6-4-3""]"
トリプルタイム,06月14日（日）,02,5,"[""1-2-3"",""1-2-4"",""1-2-6"",""1-4-2"",""2-1-3"",""2-1-4"",""2-1-6"",""2-4-1"",""4-1-2"",""4-2-1""]"
トリプルタイム,06月14日（日）,02,6,"[""3-4-1"",""3-4-2"",""3-4-5"",""3-4-6"",""3-6-4"",""4-3-5"",""4-3-6"",""4-6-3"",""6-3-4"",""6-4-3""]"
トリプルタイム,06月13日（土）,08,4,"[""2-3-4"",""2-3-5"",""2-3-6"",""2-4-3"",""2-4-6"",""2-6-3"",""3-2-4"",""3-2-5"",""3-2-6"",""3-4-6""]"
トリプルタイム,06月13日（土）,08,5,"[""1-3-2"",""1-3-4"",""1-3-5"",""1-5-2"",""1-5-3"",""1-5-4"",""3-1-5"",""3-5-1"",""5-1-3"",""5-3-1""]"
トリプルタイム,06月13日（土）,15,3,"[""1-3-4"",""1-4-3"",""3-1-4"",""3-1-5"",""3-4-1"",""3-4-5"",""4-1-3"",""4-1-5"",""4-3-1"",""4-3-5""]"
トリプルタイム,06月13日（土）,15,4,"[""1-3-4"",""1-3-6"",""1-4-3"",""1-4-6"",""3-1-4"",""3-1-6"",""3-4-6"",""4-1-3"",""4-1-6"",""4-3-6""]"
トリプルタイム,06月12日（金）,08,4,"[""2-3-6"",""2-5-6"",""2-6-1"",""2-6-3"",""2-6-4"",""2-6-5"",""3-2-6"",""3-6-2"",""6-2-3"",""6-3-2""]"
トリプルタイム,06月12日（金）,08,5,"[""1-2-4"",""1-4-2"",""1-4-6"",""1-6-4"",""2-1-4"",""2-4-1"",""4-1-2"",""4-1-6"",""4-2-6"",""4-6-1""]"
トリプルタイム,06月12日（金）,15,3,"[""1-3-2"",""1-3-5"",""1-5-3"",""3-1-2"",""3-1-5"",""3-5-1"",""3-5-2"",""3-5-4"",""5-1-3"",""5-3-1""]"
トリプルタイム,06月12日（金）,15,4,"[""2-4-5"",""2-4-6"",""2-5-4"",""2-6-4"",""4-2-5"",""4-2-6"",""4-5-2"",""4-6-2"",""6-2-4"",""6-4-2""]"
トリプルタイム,06月11日（木）,05,4,"[""2-3-5"",""2-5-3"",""3-2-5"",""3-5-1"",""3-5-2"",""3-5-4"",""5-2-3"",""5-3-1"",""5-3-2"",""5-3-4""]"
トリプルタイム,06月11日（木）,05,5,"[""1-4-6"",""1-6-2"",""1-6-3"",""1-6-4"",""1-6-5"",""4-1-6"",""4-6-1"",""6-1-4"",""6-3-4"",""6-4-1""]"
トリプルタイム,06月11日（木）,15,3,"[""1-3-4"",""1-4-3"",""3-4-1"",""3-6-4"",""4-1-3"",""4-3-1"",""4-3-6"",""4-6-3"",""6-3-4"",""6-4-3""]"
トリプルタイム,06月11日（木）,15,4,"[""1-3-5"",""1-5-3"",""3-1-5"",""3-5-1"",""5-1-3"",""5-3-1"",""3-4-5"",""3-5-4"",""5-3-4"",""5-4-3""]"
トリプルタイム,06月10日（水）,14,1,"[""1-2-3"",""1-2-4"",""1-3-2"",""1-3-4"",""1-4-2"",""1-4-3"",""2-1-4"",""2-4-1"",""4-1-2"",""4-2-1""]"
トリプルタイム,06月10日（水）,14,6,"[""1-2-3"",""1-2-4"",""1-3-2"",""1-4-2"",""2-1-3"",""2-1-4"",""2-3-1"",""3-1-2"",""3-1-4"",""3-2-1""]"
トリプルタイム,06月10日（水）,12,3,"[""1-2-4"",""1-3-2"",""1-3-4"",""1-4-2"",""1-4-3"",""2-1-4"",""2-3-1"",""2-3-4"",""3-1-4"",""3-2-4""]"
トリプルタイム,06月10日（水）,12,4,"[""1-2-3"",""1-2-4"",""1-2-5"",""2-1-3"",""2-1-4"",""2-1-5"",""2-3-5"",""2-4-5"",""2-5-3"",""2-5-4""]"
トリプルタイム,06月09日（火）,14,5,"[""1-2-3"",""1-2-4"",""1-2-5"",""1-3-2"",""1-3-4"",""1-4-2"",""1-4-3"",""1-5-2"",""3-1-4"",""4-1-3""]"
トリプルタイム,06月09日（火）,19,3,"[""1-2-5"",""1-2-6"",""1-3-2"",""1-3-5"",""1-3-6"",""1-5-3"",""1-6-3"",""2-1-3"",""2-1-5"",""3-2-4""]"
トリプルタイム,06月09日（火）,19,4,"[""1-2-3"",""1-3-2"",""2-1-3"",""2-3-1"",""2-3-5"",""2-3-6"",""2-5-3"",""2-6-3"",""3-2-4"",""3-2-6""]"
トリプルタイム,06月08日（月）,14,5,"[""1-2-3"",""1-3-2"",""1-3-4"",""1-3-5"",""1-3-6"",""3-1-4"",""3-1-5"",""3-1-6"",""3-5-1"",""5-1-3""]"
トリプルタイム,06月08日（月）,14,6,"[""1-2-3"",""1-2-4"",""1-2-5"",""1-4-2"",""1-4-5"",""2-1-4"",""2-4-1"",""2-4-5"",""4-1-2"",""4-2-1""]"
トリプルタイム,06月08日（月）,01,3,"[""1-5-2"",""1-5-3"",""1-5-4"",""3-2-5"",""3-4-5"",""3-5-4"",""4-3-5"",""4-5-3"",""5-3-4"",""5-4-3""]"
トリプルタイム,06月08日（月）,01,4,"[""1-4-2"",""1-4-3"",""1-4-5"",""1-4-6"",""3-4-5"",""3-5-4"",""4-3-5"",""4-5-3"",""5-3-4"",""5-4-3""]"
トリプルタイム,06月07日（日）,14,5,"[""1-2-3"",""1-2-4"",""1-2-6"",""1-3-2"",""1-4-2"",""1-6-2"",""1-6-3"",""1-6-4"",""2-1-6"",""2-6-1""]"
トリプルタイム,06月07日（日）,14,6,"[""1-2-3"",""1-2-4"",""1-2-5"",""1-4-2"",""1-5-2"",""2-1-4"",""2-1-5"",""2-4-5"",""2-5-1"",""2-5-4""]"
トリプルタイム,06月07日（日）,22,1,"[""1-2-4"",""1-2-6"",""1-3-2"",""1-3-4"",""1-4-3"",""2-1-3"",""2-3-6"",""3-1-4"",""3-2-5"",""4-1-2""]"
トリプルタイム,06月07日（日）,22,1,"[""1-2-4"",""1-2-5"",""1-3-2"",""1-3-4"",""1-4-2"",""1-5-2"",""2-1-3"",""2-1-4"",""2-4-1"",""3-2-5""]"
トリプルタイム,06月06日（土）,14,5,"[""1-3-2"",""1-3-4"",""1-3-5"",""1-5-3"",""3-1-5"",""3-5-1"",""3-5-2"",""3-5-4"",""5-1-3"",""5-3-1""]"
トリプルタイム,06月06日（土）,14,6,"[""1-4-2"",""1-4-3"",""1-4-5"",""1-5-2"",""1-5-3"",""1-5-4"",""4-1-5"",""4-5-1"",""5-1-4"",""5-4-1""]"
トリプルタイム,06月06日（土）,24,4,"[""1-2-3"",""1-3-2"",""1-3-5"",""1-5-2"",""1-5-3"",""1-5-4"",""1-5-6"",""2-1-3"",""3-1-5"",""3-5-1""]"
トリプルタイム,06月06日（土）,24,5,"[""1-2-3"",""1-3-5"",""1-5-2"",""1-5-3"",""1-5-4"",""1-5-6"",""4-1-5"",""4-5-1"",""5-1-4"",""5-4-1""]"
トリプルタイム,06月05日（金）,22,2,"[""1-2-3"",""1-3-2"",""1-3-4"",""1-4-3"",""3-2-4"",""3-4-1"",""3-4-5"",""3-4-6"",""4-3-5"",""4-3-6""]"
トリプルタイム,06月05日（金）,03,4,"[""1-2-3"",""1-3-2"",""1-5-2"",""1-5-3"",""2-5-1"",""2-5-3"",""3-5-1"",""3-5-2"",""5-3-2"",""5-3-6""]"
トリプルタイム,06月05日（金）,24,4,"[""1-2-4"",""1-2-5"",""1-3-2"",""1-4-2"",""1-4-3"",""1-4-5"",""1-4-6"",""1-5-2"",""1-6-2"",""2-1-4""]"
トリプルタイム,06月05日（金）,24,5,"[""1-2-3"",""1-2-4"",""1-2-5"",""1-3-2"",""1-3-4"",""1-3-5"",""1-4-2"",""1-4-3"",""2-1-3"",""2-3-1""]"
トリプルタイム,06月04日（木）,24,4,"[""1-2-3"",""1-2-4"",""1-2-6"",""1-3-4"",""1-3-6"",""1-6-2"",""1-6-3"",""2-1-3"",""3-1-4"",""3-1-6""]"
トリプルタイム,06月04日（木）,24,5,"[""1-3-6"",""1-6-3"",""2-5-6"",""2-6-5"",""3-1-6"",""3-6-1"",""6-1-3"",""6-2-5"",""6-3-1"",""6-5-2""]"
トリプルタイム,06月04日（木）,05,4,"[""1-4-2"",""1-4-3"",""1-4-5"",""1-4-6"",""1-5-4"",""4-1-2"",""4-1-5"",""4-5-1"",""5-1-4"",""5-4-1""]"
トリプルタイム,06月04日（木）,05,5,"[""1-5-2"",""1-5-3"",""1-5-4"",""1-5-6"",""2-1-5"",""2-5-1"",""2-5-3"",""5-1-2"",""5-1-3"",""5-2-1""]"
トリプルタイム,06月03日（水）,22,2,"[""1-2-3"",""1-3-2"",""1-3-5"",""1-5-3"",""2-1-3"",""2-3-1"",""3-1-2"",""3-1-5"",""3-2-1"",""3-5-1""]"
トリプルタイム,06月03日（水）,22,3,"[""1-3-2"",""1-4-6"",""1-6-4"",""4-1-6"",""4-6-1"",""4-6-2"",""4-6-3"",""4-6-5"",""6-1-4"",""6-4-1""]"
トリプルタイム,06月03日（水）,01,3,"[""1-3-4"",""3-4-1"",""3-4-2"",""3-4-5"",""3-4-6"",""3-5-4"",""4-3-5"",""4-5-3"",""5-3-4"",""5-4-3""]"
トリプルタイム,06月03日（水）,01,4,"[""1-2-3"",""1-3-2"",""2-1-3"",""2-3-1"",""2-3-4"",""2-3-5"",""2-3-6"",""3-1-2"",""3-2-1"",""3-2-5""]"
トリプルタイム,06月02日（火）,05,4,"[""1-2-3"",""1-2-4"",""1-3-2"",""1-3-4"",""1-4-2"",""2-1-3"",""2-1-4"",""2-3-1"",""2-4-1"",""4-1-2""]"
トリプルタイム,06月02日（火）,02,5,"[""1-2-3"",""1-4-6"",""1-6-2"",""2-4-1"",""2-4-6"",""3-4-5"",""4-1-2"",""4-1-5"",""4-1-6"",""4-6-5""]"
トリプルタイム,06月02日（火）,20,3,"[""1-2-3"",""1-2-6"",""1-3-2"",""1-3-4"",""1-3-6"",""1-4-3"",""3-1-2"",""3-1-6"",""3-5-6"",""3-6-1""]"
トリプルタイム,06月02日（火）,20,4,"[""1-2-3"",""1-2-5"",""1-2-6"",""1-3-2"",""1-3-6"",""1-5-2"",""1-5-3"",""2-1-3"",""2-1-5"",""2-5-6""]"
トリプルタイム,05月31日（日）,14,1,"[""1-3-2"",""1-3-4"",""1-3-6"",""1-5-2"",""1-5-4"",""1-5-6"",""3-1-5"",""3-5-1"",""5-1-3"",""5-3-1""]"
トリプルタイム,05月31日（日）,14,2,"[""1-2-3"",""1-2-4"",""1-2-5"",""1-6-2"",""2-1-4"",""2-1-5"",""2-1-6"",""2-6-1"",""6-1-2"",""6-2-1""]"
トリプルタイム,05月30日（土）,02,5,"[""1-4-5"",""1-5-4"",""4-1-5"",""4-5-1"",""4-6-5"",""5-1-4"",""5-4-6"",""5-6-4"",""6-4-5"",""6-5-4""]"
トリプルタイム,05月30日（土）,06,4,"[""1-3-2"",""1-3-4"",""1-5-3"",""3-1-2"",""3-1-4"",""3-1-5"",""3-1-6"",""3-5-1"",""5-1-3"",""5-3-1""]"
トリプルタイム,05月29日（金）,08,4,"[""1-2-3"",""1-3-4"",""1-3-6"",""1-4-2"",""1-4-3"",""1-4-6"",""1-6-4"",""4-1-6"",""4-3-6"",""4-6-3""]"
トリプルタイム,05月29日（金）,08,5,"[""1-3-2"",""1-3-4"",""1-3-6"",""1-4-2"",""1-4-3"",""1-4-6"",""2-1-3"",""2-1-4"",""2-3-4"",""2-3-6""]"
トリプルタイム,05月29日（金）,01,3,"[""1-2-4"",""1-4-2"",""2-1-4"",""2-4-1"",""2-4-5"",""4-1-2"",""4-1-5"",""4-2-5"",""4-5-1"",""5-4-1""]"
トリプルタイム,05月29日（金）,01,4,"[""1-2-4"",""1-2-6"",""1-4-2"",""1-4-6"",""1-5-2"",""1-6-2"",""2-1-4"",""2-1-6"",""3-2-4"",""3-2-5""]"
トリプルタイム,05月28日（木）,05,4,"[""1-3-5"",""1-5-2"",""1-5-3"",""1-5-4"",""1-5-6"",""3-1-5"",""3-2-5"",""3-5-1"",""5-1-3"",""5-3-1""]"
トリプルタイム,05月28日（木）,05,5,"[""2-1-4"",""2-4-1"",""2-4-3"",""2-4-5"",""2-4-6"",""2-6-4"",""4-2-6"",""4-6-2"",""6-2-4"",""6-4-2""]"
トリプルタイム,05月28日（木）,01,3,"[""2-4-1"",""2-4-3"",""2-4-6"",""2-6-4"",""4-2-1"",""4-2-3"",""4-2-6"",""4-6-2"",""6-2-4"",""6-4-2""]"
トリプルタイム,05月28日（木）,01,4,"[""2-1-3"",""2-1-4"",""3-4-6"",""3-6-4"",""4-5-6"",""4-6-5"",""5-4-6"",""5-6-4"",""6-4-5"",""6-5-4""]"
トリプルタイム,05月27日（水）,05,4,"[""1-2-4"",""1-3-4"",""1-3-6"",""1-4-2"",""1-4-3"",""1-4-5"",""1-6-3"",""1-6-4"",""4-1-6"",""4-6-1""]"
トリプルタイム,05月27日（水）,05,5,"[""1-3-4"",""1-3-5"",""1-4-3"",""1-5-3"",""3-1-4"",""3-4-1"",""3-4-5"",""3-5-1"",""3-5-4"",""5-1-3""]"
トリプルタイム,05月27日（水）,19,3,"[""1-3-4"",""1-4-3"",""1-4-6"",""3-1-4"",""3-4-1"",""3-4-2"",""3-4-5"",""3-4-6"",""4-1-3"",""4-3-1""]"
トリプルタイム,05月27日（水）,19,4,"[""1-4-2"",""1-4-3"",""1-4-5"",""1-4-6"",""1-6-4"",""4-1-3"",""4-1-6"",""4-6-1"",""6-1-4"",""6-4-1""]"
トリプルタイム,05月25日（月）,02,5,"[""1-2-3"",""1-3-2"",""1-3-4"",""1-3-5"",""2-3-1"",""3-1-2"",""3-2-1"",""3-4-1"",""3-4-2"",""3-4-5""]"
トリプルタイム,05月25日（月）,05,5,"[""2-3-4"",""2-4-3"",""3-2-4"",""3-4-1"",""3-4-2"",""3-4-5"",""4-2-3"",""4-3-1"",""4-3-2"",""4-3-5""]"
トリプルタイム,05月25日（月）,19,3,"[""1-3-4"",""1-4-3"",""3-1-4"",""3-4-1"",""3-4-2"",""3-4-5"",""3-4-6"",""4-1-3"",""4-3-1"",""4-3-6""]"
トリプルタイム,05月25日（月）,19,4,"[""1-3-4"",""1-4-3"",""3-1-4"",""3-4-1"",""3-4-6"",""4-1-3"",""4-1-6"",""4-3-1"",""4-3-6"",""4-6-3""]"
トリプルタイム,05月24日（日）,02,5,"[""1-2-4"",""1-2-6"",""1-4-2"",""1-4-6"",""2-4-1"",""4-1-2"",""4-1-5"",""4-1-6"",""4-2-1"",""4-6-1""]"
トリプルタイム,05月24日（日）,05,5,"[""1-2-3"",""1-3-2"",""1-3-6"",""1-5-2"",""1-5-3"",""3-1-2"",""3-5-1"",""3-5-2"",""5-1-3"",""5-3-1""]"
トリプルタイム,05月23日（土）,15,4,"[""1-2-3"",""1-2-4"",""1-3-2"",""1-3-5"",""1-3-6"",""1-4-2"",""1-4-3"",""1-4-6"",""1-5-3"",""1-5-4""]"
トリプルタイム,05月23日（土）,15,5,"[""1-2-3"",""1-3-4"",""1-3-6"",""1-4-2"",""1-4-5"",""1-4-6"",""1-5-6"",""1-6-2"",""1-6-4"",""1-6-5""]"
トリプルタイム,05月23日（土）,22,2,"[""3-1-4"",""3-1-5"",""3-1-6"",""3-5-1"",""3-5-6"",""3-6-1"",""5-1-3"",""5-1-6"",""5-3-1"",""5-3-6""]"
トリプルタイム,05月23日（土）,22,3,"[""3-1-2"",""3-1-4"",""3-1-5"",""3-2-1"",""3-4-1"",""3-4-5"",""3-5-1"",""4-1-3"",""4-3-1"",""4-3-2""]"
トリプルタイム,05月22日（金）,15,4,"[""1-2-4"",""1-2-5"",""1-3-2"",""1-3-4"",""1-4-2"",""1-4-5"",""1-5-3"",""1-5-4"",""2-1-4"",""4-1-2""]"
トリプルタイム,05月22日（金）,15,5,"[""1-2-3"",""1-2-4"",""1-3-2"",""1-3-4"",""1-3-5"",""1-4-3"",""1-5-3"",""1-6-2"",""3-1-4"",""3-1-5""]"
トリプルタイム,05月21日（木）,04,2,"[""1-2-3"",""1-3-2"",""2-1-3"",""2-3-1"",""2-3-4"",""2-3-5"",""2-4-3"",""2-6-3"",""3-1-2"",""3-6-2""]"
トリプルタイム,05月21日（木）,04,3,"[""1-2-3"",""1-2-4"",""1-2-6"",""1-3-2"",""1-3-5"",""1-4-2"",""1-4-3"",""1-5-3"",""1-5-6"",""1-6-5""]"
トリプルタイム,05月21日（木）,15,4,"[""1-2-3"",""1-2-4"",""1-3-2"",""1-3-4"",""1-4-3"",""1-5-3"",""1-6-2"",""2-1-3"",""2-1-4"",""3-1-4""]"
トリプルタイム,05月21日（木）,15,5,"[""1-2-4"",""1-3-4"",""1-4-2"",""1-5-3"",""1-5-4"",""1-6-2"",""2-1-4"",""3-1-4"",""3-2-4"",""4-1-5""]"
トリプルタイム,05月19日（火）,04,2,"[""1-3-4"",""1-4-2"",""1-4-3"",""1-4-5"",""3-1-4"",""3-4-1"",""4-1-2"",""4-1-3"",""4-1-5"",""4-3-1""]"
トリプルタイム,05月19日（火）,04,3,"[""1-3-5"",""1-4-5"",""1-5-3"",""1-5-4"",""1-5-6"",""4-1-5"",""4-5-1"",""5-1-3"",""5-1-4"",""5-4-1""]"
トリプルタイム,05月19日（火）,15,4,"[""1-2-3"",""1-3-2"",""1-3-5"",""1-3-6"",""1-5-3"",""2-1-3"",""2-3-1"",""3-1-2"",""3-1-5"",""3-2-1""]"
トリプルタイム,05月19日（火）,15,5,"[""1-2-3"",""1-2-4"",""1-2-5"",""1-2-6"",""1-6-2"",""2-1-3"",""2-1-4"",""2-1-6"",""2-6-1"",""6-1-2""]"
トリプルタイム,05月18日（月）,18,5,"[""1-2-3"",""1-2-4"",""1-2-6"",""1-3-2"",""1-4-2"",""1-6-2"",""2-1-3"",""2-1-4"",""2-1-6"",""2-6-1""]"
トリプルタイム,05月18日（月）,18,6,"[""1-2-4"",""1-2-5"",""1-2-6"",""1-4-2"",""1-4-5"",""1-4-6"",""2-1-4"",""2-1-5"",""2-1-6"",""2-4-1""]"
トリプルタイム,05月18日（月）,12,3,"[""1-3-2"",""2-4-6"",""2-6-4"",""4-2-6"",""4-6-1"",""4-6-2"",""4-6-3"",""4-6-5"",""6-2-4"",""6-4-2""]"
トリプルタイム,05月18日（月）,12,4,"[""1-3-2"",""1-3-4"",""1-3-5"",""1-3-6"",""1-6-3"",""3-1-6"",""3-6-1"",""4-2-1"",""6-1-3"",""6-3-1""]"
トリプルタイム,05月17日（日）,18,5,"[""1-2-3"",""1-2-5"",""1-3-5"",""1-4-3"",""1-5-2"",""1-5-3"",""3-1-5"",""3-5-1"",""5-1-3"",""5-3-1""]"
トリプルタイム,05月17日（日）,18,6,"[""1-2-3"",""1-2-4"",""1-2-5"",""1-3-4"",""1-3-5"",""1-4-2"",""2-1-4"",""2-4-1"",""4-1-2"",""4-2-1""]"
トリプルタイム,05月16日（土）,18,5,"[""1-4-6"",""1-6-4"",""2-4-6"",""2-6-4"",""4-1-6"",""4-2-6"",""4-6-1"",""4-6-2"",""6-1-4"",""6-4-1""]"
トリプルタイム,05月16日（土）,18,6,"[""1-2-3"",""1-2-4"",""1-2-5"",""1-2-6"",""1-3-4"",""1-4-3"",""3-1-4"",""3-4-1"",""4-1-3"",""4-3-1""]"
トリプルタイム,05月16日（土）,01,3,"[""1-2-3"",""1-2-4"",""1-2-5"",""1-2-6"",""1-5-2"",""2-1-5"",""2-5-1"",""4-1-2"",""5-1-2"",""5-2-1""]"
トリプルタイム,05月16日（土）,01,4,"[""1-2-5"",""1-5-2"",""1-6-2"",""2-1-3"",""2-1-4"",""2-1-5"",""2-1-6"",""2-5-1"",""5-1-2"",""5-2-1""]"
トリプルタイム,05月15日（金）,22,2,"[""1-2-3"",""1-2-6"",""1-3-4"",""1-6-2"",""1-6-3"",""3-1-2"",""3-1-4"",""3-1-6"",""3-2-6"",""3-6-1""]"
トリプルタイム,05月15日（金）,02,5,"[""1-2-4"",""1-4-2"",""2-1-4"",""2-4-1"",""4-1-2"",""4-1-3"",""4-1-5"",""4-1-6"",""4-2-1"",""4-6-1""]"
トリプルタイム,05月15日（金）,19,3,"[""1-2-3"",""1-2-6"",""1-3-4"",""1-6-2"",""2-1-3"",""2-1-6"",""2-3-1"",""2-3-6"",""2-6-1"",""2-6-3""]"
トリプルタイム,05月15日（金）,19,4,"[""1-2-3"",""1-2-5"",""1-5-2"",""1-6-2"",""2-1-3"",""2-1-5"",""2-3-5"",""2-3-6"",""2-5-1"",""2-5-6""]"
トリプルタイム,05月14日（木）,21,5,"[""1-2-3"",""1-2-4"",""1-4-2"",""1-4-3"",""1-4-5"",""1-4-6"",""3-1-4"",""3-4-1"",""4-1-3"",""4-3-1""]"
トリプルタイム,05月14日（木）,21,6,"[""1-3-2"",""1-3-6"",""1-4-3"",""3-1-2"",""3-1-4"",""3-1-5"",""3-1-6"",""3-4-1"",""4-1-3"",""4-3-1""]"
トリプルタイム,05月14日（木）,19,3,"[""1-2-4"",""1-4-2"",""2-1-4"",""2-4-1"",""2-4-6"",""2-6-4"",""4-1-2"",""4-2-1"",""4-2-6"",""4-6-2""]"
トリプルタイム,05月14日（木）,20,4,"[""1-4-6"",""1-6-4"",""3-4-6"",""3-6-4"",""4-1-6"",""4-6-1"",""4-6-3"",""6-4-3"",""6-1-4"",""6-4-1""]"
トリプルタイム,05月12日（火）,21,5,"[""1-2-4"",""1-2-6"",""1-4-2"",""1-4-3"",""1-4-6"",""2-1-3"",""2-1-4"",""2-4-1"",""4-1-2"",""4-1-6""]"
トリプルタイム,05月12日（火）,21,6,"[""1-2-6"",""1-4-6"",""1-6-2"",""1-6-3"",""1-6-4"",""4-6-1"",""4-6-2"",""6-1-2"",""6-1-4"",""6-4-1""]"
トリプルタイム,05月12日（火）,01,3,"[""1-2-4"",""1-2-6"",""1-3-2"",""1-3-4"",""1-3-6"",""3-1-2"",""3-1-4"",""3-4-1"",""4-1-2"",""4-1-3""]"
トリプルタイム,05月12日（火）,01,4,"[""1-2-3"",""1-2-4"",""1-2-5"",""2-1-3"",""2-3-1"",""2-4-1"",""2-4-3"",""2-4-5"",""2-5-4"",""4-2-5""]"
トリプルタイム,05月11日（月）,21,5,"[""1-2-4"",""1-4-2"",""1-4-6"",""1-6-4"",""2-1-4"",""2-4-1"",""4-2-1"",""4-6-1"",""6-1-4"",""6-4-1""]"
トリプルタイム,05月11日（月）,21,1,"[""1-3-2"",""1-3-4"",""1-3-5"",""1-5-6"",""1-6-3"",""3-1-6"",""3-6-1"",""5-1-6"",""6-1-3"",""6-3-1""]"
トリプルタイム,05月11日（月）,21,1,"[""1-2-5"",""1-2-6"",""1-3-5"",""1-3-6"",""1-4-2"",""1-4-3"",""1-4-5"",""1-4-6"",""2-1-4"",""2-1-5""]"
トリプルタイム,05月10日（日）,21,5,"[""1-3-5"",""1-5-2"",""1-5-3"",""3-1-5"",""3-5-1"",""5-1-2"",""5-1-3"",""5-1-4"",""5-1-6"",""5-3-1""]"
トリプルタイム,05月10日（日）,21,6,"[""1-2-3"",""1-2-4"",""1-2-5"",""1-2-6"",""1-4-2"",""1-4-3"",""3-1-4"",""3-4-1"",""4-1-3"",""4-3-1""]"
トリプルタイム,05月10日（日）,20,3,"[""1-3-4"",""1-3-5"",""1-4-3"",""1-5-3"",""3-1-4"",""3-4-1"",""4-1-3"",""4-3-1"",""5-1-3"",""5-3-1""]"
トリプルタイム,05月10日（日）,20,4,"[""1-3-4"",""1-4-3"",""3-1-2"",""3-1-4"",""3-1-5"",""3-1-6"",""3-4-1"",""3-5-4"",""4-1-3"",""4-3-1""]"
トリプルタイム,05月09日（土）,05,4,"[""1-3-2"",""1-3-4"",""1-3-5"",""1-3-6"",""1-6-3"",""3-1-5"",""3-1-6"",""3-6-1"",""6-1-3"",""6-3-1""]"
トリプルタイム,05月09日（土）,02,5,"[""1-2-6"",""1-6-2"",""2-1-3"",""2-1-4"",""2-1-5"",""2-1-6"",""2-6-1"",""2-6-5"",""6-1-2"",""6-2-1""]"
トリプルタイム,05月09日（土）,19,3,"[""1-2-4"",""1-3-2"",""1-4-2"",""2-1-3"",""2-1-4"",""2-3-1"",""2-4-1"",""3-1-2"",""3-2-1"",""4-2-1""]"
トリプルタイム,05月09日（土）,19,4,"[""1-4-2"",""2-1-4"",""2-4-1"",""4-1-2"",""4-1-3"",""4-1-6"",""4-2-1"",""4-2-3"",""4-2-5"",""4-2-6""]"
トリプルタイム,05月08日（金）,04,2,"[""1-2-5"",""1-2-6"",""1-4-5"",""1-4-6"",""1-5-4"",""1-5-6"",""1-6-5"",""5-1-4"",""5-1-6"",""5-4-6""]"
トリプルタイム,05月08日（金）,14,2,"[""1-2-5"",""1-3-2"",""1-3-5"",""1-5-2"",""1-5-3"",""2-1-3"",""3-1-5"",""3-2-5"",""5-1-2"",""5-1-3""]"
トリプルタイム,05月07日（木）,16,5,"[""1-2-4"",""1-3-4"",""1-4-3"",""1-4-6"",""1-5-2"",""3-1-2"",""3-1-4"",""3-4-1"",""4-1-2"",""4-3-1""]"
トリプルタイム,05月07日（木）,14,2,"[""1-4-6"",""1-6-2"",""3-1-6"",""3-6-1"",""4-1-6"",""4-6-1"",""6-1-2"",""6-1-3"",""6-1-4"",""6-4-1""]"
トリプルタイム,05月07日（木）,24,3,"[""1-3-4"",""1-3-6"",""1-4-3"",""1-6-3"",""3-1-4"",""3-4-1"",""4-1-3"",""4-3-1"",""6-1-3"",""6-3-1""]"
トリプルタイム,05月07日（木）,24,4,"[""1-2-3"",""1-3-2"",""2-1-3"",""2-1-5"",""2-3-1"",""2-5-1"",""3-1-2"",""3-2-1"",""5-1-2"",""5-2-1""]"
トリプルタイム,05月06日（水）,03,4,"[""1-2-4"",""1-4-2"",""2-4-3"",""2-4-5"",""2-4-6"",""4-1-2"",""4-2-1"",""4-2-3"",""4-2-5"",""4-2-6""]"
トリプルタイム,05月06日（水）,04,2,"[""1-2-3"",""1-3-2"",""2-1-3"",""2-3-1"",""2-3-4"",""2-4-3"",""3-2-"",""3-4-2"",""4-2-3"",""4-3-2""]"
トリプルタイム,05月06日（水）,01,3,"[""1-3-4"",""1-4-2"",""1-4-3"",""1-4-5"",""1-4-6"",""1-6-4"",""3-1-4"",""3-4-1"",""4-1-3"",""4-3-1""]"
トリプルタイム,05月06日（水）,01,4,"[""1-2-4"",""1-2-6"",""1-3-2"",""2-1-3"",""2-1-4"",""2-1-5"",""2-1-6"",""2-3-1"",""3-1-2"",""3-2-1""]"
トリプルタイム,05月05日（火）,16,5,"[""1-2-4"",""1-2-6"",""1-4-2"",""1-4-6"",""1-6-2"",""1-6-4"",""4-1-6"",""4-6-1"",""6-1-2"",""6-1-4""]"
トリプルタイム,05月05日（火）,02,5,"[""1-2-4"",""1-4-2"",""2-1-4"",""2-4-1"",""3-1-4"",""3-1-5"",""4-1-2"",""4-1-5"",""4-2-1"",""4-5-1""]"
トリプルタイム,05月05日（火）,20,3,"[""1-3-2"",""1-3-4"",""1-3-5"",""1-3-6"",""1-4-3"",""1-4-6"",""1-5-3"",""1-6-3"",""3-1-4"",""3-1-5""]"
トリプルタイム,05月05日（火）,20,4,"[""1-2-4"",""1-2-5"",""1-3-2"",""1-3-4"",""1-3-5"",""1-4-2"",""1-4-3"",""1-4-5"",""1-5-2"",""1-5-3""]"
トリプルタイム,05月04日（月）,22,2,"[""2-4-5"",""2-5-1"",""2-5-3"",""2-5-4"",""2-5-6"",""4-2-5"",""4-5-2"",""5-2-1"",""5-2-4"",""5-4-2""]"
トリプルタイム,05月04日（月）,02,5,"[""4-5-2"",""4-5-6"",""4-6-5"",""5-4-1"",""5-4-2"",""5-4-3"",""5-4-6"",""5-6-4"",""6-4-5"",""6-5-4""]"
トリプルタイム,05月04日（月）,20,3,"[""1-3-4"",""1-4-3"",""3-1-4"",""3-4-1"",""3-4-5"",""3-5-4"",""4-1-3"",""4-3-1"",""4-3-5"",""4-5-3""]"
トリプルタイム,05月04日（月）,20,4,"[""1-5-2"",""2-3-1"",""2-3-4"",""2-3-5"",""2-3-6"",""2-5-3"",""3-2-5"",""3-5-2"",""5-2-3"",""5-3-2""]"
トリプルタイム,05月03日（日）,04,2,"[""1-3-4"",""1-4-2"",""1-4-3"",""2-1-3"",""3-4-2"",""4-1-2"",""4-1-3"",""4-2-1"",""4-3-2"",""4-3-5""]"
トリプルタイム,05月03日（日）,23,9,"[""1-2-3"",""1-2-4"",""1-2-5"",""1-3-2"",""1-3-4"",""1-3-5"",""1-2-5"",""3-1-5"",""3-1-2"",""3-2-4""]"
トリプルタイム,05月03日（日）,12,3,"[""1-5-6"",""1-6-2"",""1-6-5"",""5-1-6"",""5-6-1"",""6-1-2"",""6-1-3"",""6-1-4"",""6-1-5"",""6-5-1""]"
トリプルタイム,05月03日（日）,12,4,"[""2-3-4"",""2-4-3"",""3-1-2"",""3-1-4"",""3-1-5"",""3-1-6"",""3-2-4"",""3-4-2"",""4-2-3"",""4-3-2""]"
トリプルタイム,05月02日（土）,05,4,"[""1-3-2"",""1-3-4"",""1-3-5"",""1-3-6"",""1-6-3"",""3-1-2"",""3-1-6"",""3-6-1"",""6-1-3"",""6-3-1""]"
トリプルタイム,05月02日（土）,09,6,"[""1-6-4"",""1-6-5"",""4-6-1"",""4-6-5"",""6-1-3"",""6-1-5"",""6-4-3"",""6-4-5"",""6-5-1"",""6-5-4""]"
トリプルタイム,05月02日（土）,12,3,"[""1-2-3"",""1-2-5"",""1-5-2"",""2-1-5"",""2-5-1"",""2-5-3"",""2-5-4"",""2-5-6"",""5-1-2"",""5-2-1""]"
トリプルタイム,05月02日（土）,12,4,"[""1-2-4"",""1-2-5"",""2-4-1"",""2-4-3"",""2-4-6"",""2-5-4"",""4-2-5"",""4-5-2"",""5-2-4"",""5-4-2""]"
トリプルタイム,05月01日（金）,05,4,"[""1-2-3"",""1-3-6"",""1-4-5"",""1-4-6"",""1-6-3"",""1-6-4"",""3-1-4"",""3-1-6"",""3-4-1"",""4-1-3""]"
トリプルタイム,05月01日（金）,02,5,"[""1-3-6"",""1-6-3"",""3-1-2"",""3-1-5"",""3-1-6"",""3-2-5"",""3-5-1"",""3-6-2"",""3-6-5"",""6-1-2""]"
トリプルタイム,05月01日（金）,12,3,"[""1-2-5"",""1-5-2"",""2-3-1"",""2-3-5"",""2-5-1"",""2-5-3"",""3-2-1"",""3-2-5"",""5-2-1"",""5-2-3""]"
トリプルタイム,05月01日（金）,12,4,"[""1-2-6"",""1-3-4"",""1-4-3"",""1-6-2"",""2-1-4"",""2-1-6"",""2-6-1"",""3-1-4"",""3-4-1"",""4-1-3""]"
トリプルタイム,04月30日（木）,05,4,"[""1-2-3"",""1-2-5"",""1-3-2"",""1-5-2"",""2-1-3"",""2-1-5"",""3-1-5"",""3-2-5"",""5-1-2"",""5-1-3""]"
トリプルタイム,04月30日（木）,05,5,"[""1-4-2"",""1-4-5"",""4-1-2"",""4-1-5"",""4-2-5"",""4-3-2"",""4-3-5"",""4-5-1"",""4-5-2"",""4-5-3""]"
トリプルタイム,04月30日（木）,15,3,"[""1-3-4"",""1-3-5"",""1-4-3"",""1-5-3"",""3-1-4"",""3-1-5"",""3-4-1"",""3-5-1"",""4-1-3"",""4-3-1""]"
トリプルタイム,04月30日（木）,15,4,"[""1-4-5"",""1-5-4"",""4-1-5"",""4-2-5"",""4-5-1"",""4-5-2"",""4-5-3"",""4-5-6"",""5-1-4"",""5-4-1""]"
トリプルタイム,04月29日（水）,23,8,"[""1-4-2"",""1-4-3"",""4-2-1"",""4-2-5"",""4-2-6"",""4-3-1"",""4-3-2"",""4-3-5"",""4-5-1"",""4-5-2""]"
トリプルタイム,04月29日（水）,23,9,"[""1-3-2"",""1-3-4"",""1-3-6"",""3-1-5"",""3-1-6"",""3-2-4"",""3-2-5"",""3-5-1"",""3-5-2"",""3-5-6""]"
トリプルタイム,04月29日（水）,07,3,"[""1-2-3"",""1-3-2"",""1-3-4"",""1-3-5"",""1-3-6"",""2-1-3"",""2-3-1"",""3-1-2"",""3-2-1"",""3-2-5""]"
トリプルタイム,04月29日（水）,07,4,"[""1-2-3"",""1-3-2"",""1-3-4"",""1-3-5"",""2-1-3"",""2-1-4"",""2-1-5"",""2-3-1"",""3-1-2"",""3-2-1""]"
トリプルタイム,04月28日（火）,04,4,"[""1-2-3"",""1-3-2"",""1-3-4"",""1-3-5"",""1-4-3"",""3-1-4"",""3-1-5"",""3-2-6"",""3-4-1"",""3-5-4""]"
トリプルタイム,04月28日（火）,04,5,"[""1-2-5"",""1-2-6"",""1-3-2"",""1-4-5"",""1-4-6"",""1-5-2"",""2-1-5"",""2-3-5"",""4-1-5"",""4-5-1""]"
トリプルタイム,04月28日（火）,19,3,"[""1-2-4"",""1-2-5"",""1-5-2"",""2-1-5"",""2-4-1"",""4-1-3"",""4-5-1"",""4-5-2"",""5-1-2"",""5-2-1""]"
トリプルタイム,04月28日（火）,19,4,"[""1-2-3"",""1-4-6"",""2-1-4"",""2-4-3"",""2-6-3"",""2-6-4"",""4-2-1"",""4-2-3"",""4-6-1"",""4-6-3""]"
トリプルタイム,04月26日（日）,22,2,"[""1-2-4"",""1-2-5"",""1-3-2"",""1-5-2"",""2-1-3"",""2-1-5"",""2-3-1"",""2-3-5"",""2-5-1"",""3-2-5""]"
トリプルタイム,04月26日（日）,22,3,"[""1-2-3"",""3-1-2"",""3-1-4"",""3-1-6"",""3-2-6"",""3-4-1"",""3-6-2"",""3-6-4"",""4-3-2"",""4-3-6""]"
トリプルタイム,04月26日（日）,20,2,"[""1-2-6"",""2-4-6"",""2-6-4"",""4-2-6"",""4-6-2"",""6-2-1"",""6-2-3"",""6-2-4"",""6-2-5"",""6-4-2""]"
トリプルタイム,04月26日（日）,20,4,"[""1-2-3"",""1-3-2"",""3-1-2"",""3-2-1"",""3-5-6"",""3-6-5"",""5-3-6"",""5-6-3"",""6-3-5"",""6-5-3""]"
トリプルタイム,04月25日（土）,09,5,"[""1-2-3"",""1-2-4"",""1-2-5"",""1-2-6"",""1-3-4"",""1-4-3"",""3-1-4"",""4-1-3"",""4-1-5"",""4-3-1""]"
トリプルタイム,04月25日（土）,09,6,"[""1-2-3"",""1-2-4"",""1-2-5"",""1-2-6"",""1-3-2"",""2-1-3"",""3-1-2"",""3-1-4"",""3-1-6"",""3-2-1""]"
トリプルタイム,04月25日（土）,20,3,"[""1-4-2"",""1-4-3"",""1-4-6"",""4-5-6"",""4-6-2"",""4-6-5"",""5-4-6"",""5-6-4"",""6-4-5"",""6-5-4""]"
トリプルタイム,04月25日（土）,20,4,"[""1-2-3"",""2-3-1"",""2-3-4"",""2-3-5"",""2-3-6"",""2-6-3"",""3-2-6"",""3-6-2"",""6-2-3"",""6-3-2""]"
トリプルタイム,04月24日（金）,09,5,"[""1-2-4"",""1-2-5"",""1-2-6"",""1-4-6"",""1-5-2"",""1-5-6"",""1-6-5"",""5-1-2"",""5-1-6"",""5-6-1""]"
トリプルタイム,04月24日（金）,09,6,"[""1-2-4"",""1-3-4"",""1-4-2"",""1-4-3"",""1-4-5"",""1-4-6"",""4-1-2"",""4-1-5"",""4-2-5"",""4-5-1""]"
トリプルタイム,04月24日（金）,20,3,"[""1-2-4"",""1-2-5"",""1-4-2"",""1-4-5"",""1-5-2"",""1-5-3"",""1-5-4"",""1-5-6"",""5-1-2"",""5-1-4""]"
トリプルタイム,04月24日（金）,20,4,"[""1-2-4"",""1-4-2"",""2-1-4"",""2-4-1"",""2-4-5"",""2-5-4"",""4-2-1"",""4-2-3"",""4-2-5"",""4-5-2""]"
トリプルタイム,04月23日（木）,09,5,"[""1-2-3"",""1-2-5"",""1-2-6"",""1-3-2"",""1-5-2"",""2-1-3"",""2-1-4"",""2-1-5"",""2-1-6"",""2-3-1""]"
トリプルタイム,04月23日（木）,09,6,"[""1-2-4"",""1-3-2"",""1-3-4"",""1-3-5"",""1-4-3"",""1-4-5"",""3-1-4"",""3-1-5"",""3-4-1"",""4-1-3""]"
トリプルタイム,04月23日（木）,20,3,"[""1-2-3"",""1-2-6"",""1-3-2"",""1-3-6"",""2-1-3"",""2-3-1"",""2-3-6"",""3-1-2"",""3-2-4"",""3-2-6""]"
トリプルタイム,04月23日（木）,20,4,"[""1-2-6"",""1-3-2"",""1-6-2"",""2-1-3"",""2-1-4"",""2-1-5"",""2-1-6"",""2-3-1"",""2-3-6"",""2-6-3""]"
トリプルタイム,04月22日（水）,09,5,"[""1-2-4"",""1-2-6"",""1-3-2"",""1-4-2"",""1-4-6"",""1-5-2"",""1-6-2"",""1-6-4"",""2-1-3"",""2-1-4""]"
トリプルタイム,04月22日（水）,09,6,"[""1-2-4"",""1-3-2"",""1-3-4"",""1-4-2"",""1-4-3"",""3-1-4"",""3-4-1"",""4-1-2"",""4-1-3"",""4-3-1""]"
トリプルタイム,04月22日（水）,15,3,"[""1-2-4"",""1-2-5"",""1-2-6"",""1-3-2"",""1-4-2"",""1-5-2"",""1-6-2"",""2-1-4"",""2-1-6"",""6-1-2""]"
トリプルタイム,04月22日（水）,15,4,"[""1-2-3"",""1-2-4"",""1-2-6"",""1-3-6"",""1-6-2"",""1-6-3"",""3-1-2"",""3-1-6"",""3-6-1"",""6-1-2""]"
トリプルタイム,04月21日（火）,20,3,"[""1-2-4"",""1-4-6"",""1-6-4"",""4-1-2"",""4-1-6"",""4-6-1"",""6-1-2"",""6-1-4"",""6-4-1"",""6-4-2""]"
トリプルタイム,04月21日（火）,20,4,"[""1-2-3"",""1-2-4"",""1-4-2"",""2-3-1"",""2-3-4"",""2-3-6"",""3-2-6"",""3-4-1"",""3-4-2"",""3-4-6""]"
トリプルタイム,04月21日（火）,09,5,"[""1-2-4"",""1-2-5"",""1-2-6"",""1-3-2"",""1-3-5"",""1-5-2"",""1-5-3"",""2-1-3"",""2-1-4"",""2-1-5""]"
トリプルタイム,04月21日（火）,09,6,"[""1-2-5"",""1-3-2"",""1-3-4"",""1-4-2"",""1-5-2"",""1-6-2"",""2-1-3"",""2-1-4"",""2-1-5"",""2-4-1""]"
トリプルタイム,04月19日（日）,22,2,"[""1-3-4"",""2-3-1"",""2-3-4"",""2-3-5"",""2-3-6"",""2-4-3"",""3-2-4"",""3-4-2"",""4-2-3"",""4-3-2""]"
トリプルタイム,04月19日（日）,22,3,"[""1-2-5"",""1-4-5"",""1-5-2"",""1-5-4"",""2-1-5"",""2-5-1"",""5-1-2"",""5-1-4"",""5-2-1"",""5-4-1""]"
トリプルタイム,04月19日（日）,15,3,"[""1-4-2"",""1-4-3"",""1-4-5"",""1-4-6"",""4-5-1"",""4-5-3"",""4-5-6"",""4-6-5"",""5-4-6"",""5-6-4""]"
トリプルタイム,04月19日（日）,15,4,"[""1-3-4"",""2-3-5"",""2-5-3"",""3-2-5"",""3-5-1"",""3-5-2"",""3-5-4"",""3-5-6"",""5-2-3"",""5-3-2""]"
トリプルタイム,04月18日（土）,22,2,"[""1-3-4"",""1-4-3"",""2-1-3"",""2-1-4"",""3-1-4"",""3-2-4"",""3-4-1"",""3-4-2"",""4-1-3"",""4-3-1""]"
トリプルタイム,04月18日（土）,22,3,"[""1-2-4"",""1-2-5"",""1-3-2"",""1-3-5"",""1-4-2"",""2-1-3"",""2-1-5"",""3-1-2"",""3-1-4"",""3-1-5""]"
トリプルタイム,04月17日（金）,22,2,"[""1-2-3"",""1-2-4"",""1-3-2"",""1-3-4"",""2-3-4"",""2-3-5"",""2-5-3"",""3-2-1"",""3-2-4"",""3-2-5""]"
トリプルタイム,04月17日（金）,22,3,"[""1-2-6"",""1-3-6"",""1-6-2"",""1-6-3"",""2-1-6"",""2-3-6"",""2-6-1"",""2-6-3"",""6-2-3"",""6-3-2""]"
トリプルタイム,04月17日（金）,15,4,"[""1-3-5"",""1-5-3"",""3-4-5"",""3-4-6"",""3-5-1"",""3-5-4"",""4-3-6"",""5-1-3"",""5-1-4"",""5-1-6""]"
トリプルタイム,04月17日（金）,15,5,"[""1-2-3"",""1-2-5"",""1-2-6"",""1-3-2"",""1-3-5"",""1-5-2"",""2-1-3"",""2-1-6"",""2-3-5"",""2-5-3""]"
トリプルタイム,04月16日（木）,22,2,"[""1-2-3"",""1-2-5"",""1-3-2"",""1-3-5"",""3-1-2"",""3-1-5"",""3-2-4"",""3-2-5"",""3-4-2"",""3-5-2""]"
トリプルタイム,04月16日（木）,22,3,"[""1-6-3"",""1-6-4"",""2-1-6"",""2-6-1"",""6-1-2"",""6-1-3"",""6-1-4"",""6-2-1"",""6-2-3"",""6-3-1""]"
トリプルタイム,04月16日（木）,19,3,"[""1-2-3"",""1-2-4"",""1-2-6"",""2-1-3"",""2-1-4"",""2-1-6"",""2-3-1"",""2-3-6"",""2-4-1"",""2-4-6""]"
トリプルタイム,04月16日（木）,19,4,"[""1-2-4"",""1-3-4"",""1-4-2"",""1-4-3"",""1-4-6"",""2-1-4"",""2-1-6"",""2-6-1"",""4-2-6"",""6-1-2""]"
トリプルタイム,04月15日（水）,19,3,"[""1-2-4"",""1-4-2"",""1-4-3"",""1-4-6"",""2-1-4"",""2-4-1"",""2-4-6"",""4-1-2"",""4-2-1"",""4-2-6""]"
トリプルタイム,04月15日（水）,19,4,"[""1-2-3"",""1-2-4"",""1-3-2"",""1-3-4"",""1-3-6"",""1-4-3"",""3-1-2"",""3-1-4"",""3-2-4"",""3-2-6""]"
トリプルタイム,04月15日（水）,22,2,"[""1-2-3"",""1-3-4"",""1-3-6"",""2-1-3"",""2-1-6"",""3-1-2"",""3-1-6"",""3-2-4"",""3-2-6"",""3-4-2""]"
トリプルタイム,04月15日（水）,22,3,"[""1-2-3"",""1-2-4"",""1-3-2"",""1-3-4"",""1-4-2"",""2-3-1"",""2-3-4"",""2-4-1"",""2-4-3"",""2-4-5""]"
トリプルタイム,04月14日（火）,05,5,"[""1-2-4"",""1-2-6"",""1-3-4"",""1-3-6"",""1-4-3"",""1-4-6"",""3-1-4"",""3-1-6"",""4-1-3"",""4-1-6""]"
トリプルタイム,04月14日（火）,05,6,"[""1-2-3"",""1-2-4"",""1-3-2"",""1-3-4"",""1-3-5"",""2-1-3"",""2-3-1"",""3-1-2"",""3-1-4"",""3-1-5""]"
トリプルタイム,04月14日（火）,07,4,"[""1-2-3"",""1-2-4"",""1-3-4"",""1-3-5"",""2-1-3"",""2-1-4"",""2-3-1"",""3-1-2"",""3-1-4"",""3-2-1""]"
トリプルタイム,04月14日（火）,07,5,"[""1-3-4"",""1-3-5"",""1-4-2"",""1-4-3"",""1-4-5"",""1-4-6"",""3-1-4"",""3-4-1"",""4-1-2"",""4-1-3""]"
トリプルタイム,04月12日（日）,20,3,"[""1-3-2"",""1-3-4"",""1-4-2"",""1-4-3"",""3-1-2"",""3-1-4"",""3-4-1"",""4-1-2"",""4-1-3"",""4-3-1""]"
トリプルタイム,04月12日（日）,20,4,"[""1-3-4"",""1-3-5"",""1-4-2"",""1-4-3"",""1-4-5"",""3-1-4"",""4-1-3"",""4-1-5"",""4-3-1"",""4-5-1""]"
トリプルタイム,04月12日（日）,05,5,"[""1-2-4"",""1-3-4"",""1-4-2"",""1-4-3"",""1-4-6"",""1-4-6"",""4-1-2"",""4-1-3"",""4-1-5"",""4-1-6""]"
トリプルタイム,04月12日（日）,05,6,"[""1-2-4"",""1-2-5"",""1-3-4"",""1-4-2"",""1-4-3"",""1-4-5"",""1-5-3"",""4-1-3"",""4-1-5"",""5-1-3""]"
トリプルタイム,04月11日（土）,05,5,"[""1-2-3"",""1-2-4"",""1-2-6"",""1-3-2"",""1-4-2"",""1-4-6"",""1-6-2"",""2-1-3"",""2-1-6"",""2-6-1""]"
トリプルタイム,04月11日（土）,05,6,"[""1-2-4"",""1-2-5"",""1-3-2"",""1-3-5"",""1-4-5"",""1-5-2"",""1-5-3"",""2-1-3"",""2-1-5"",""5-1-3""]"
トリプルタイム,04月11日（土）,20,3,"[""1-2-6"",""1-3-6"",""1-4-6"",""1-5-6"",""1-6-3"",""1-6-4"",""1-6-5"",""3-1-6"",""3-6-1"",""5-6-3""]"
トリプルタイム,04月11日（土）,20,4,"[""1-6-5"",""2-1-4"",""2-1-6"",""3-1-5"",""3-2-4"",""3-2-5"",""3-5-1"",""3-5-6"",""3-6-5"",""5-1-6""]"
トリプルタイム,04月10日（金）,04,4,"[""1-2-4"",""1-2-5"",""1-4-5"",""1-5-2"",""2-1-5"",""2-5-4"",""4-2-5"",""4-5-2"",""5-1-2"",""5-2-1""]"
トリプルタイム,04月10日（金）,22,2,"[""1-2-3"",""1-2-4"",""1-3-4"",""1-4-2"",""1-4-6"",""2-1-4"",""2-4-1"",""4-1-2"",""4-2-1"",""4-2-6""]"
トリプルタイム,04月10日（金）,20,3,"[""1-2-4"",""1-4-2"",""1-4-6"",""1-6-4"",""2-1-4"",""2-4-1"",""4-1-2"",""4-1-6"",""4-6-1"",""4-6-2""]"
トリプルタイム,04月10日（金）,20,4,"[""1-2-3"",""1-2-6"",""1-3-2"",""1-6-2"",""2-1-3"",""2-1-4"",""2-1-6"",""2-3-1"",""2-3-6"",""2-6-3""]"
トリプルタイム,04月09日（木）,18,8,"[""1-2-4"",""1-2-6"",""1-4-2"",""1-4-6"",""1-6-2"",""1-6-4"",""2-1-4"",""2-1-6"",""4-1-2"",""4-1-6""]"
トリプルタイム,04月09日（木）,22,2,"[""1-3-5"",""1-5-4"",""3-5-1"",""3-5-4"",""5-1-3"",""5-1-4"",""5-1-6"",""5-3-1"",""5-3-4"",""5-4-3""]"
トリプルタイム,04月09日（木）,20,3,"[""1-2-4"",""1-3-2"",""1-4-2"",""1-4-3"",""2-1-3"",""2-3-1"",""2-3-4"",""2-4-1"",""2-4-3"",""3-2-4""]"
トリプルタイム,04月09日（木）,20,4,"[""1-2-3"",""1-3-2"",""1-3-4"",""1-3-5"",""1-5-3"",""3-1-2"",""3-1-5"",""3-2-5"",""3-5-1"",""3-5-2""]"
トリプルタイム,04月08日（水）,22,2,"[""1-2-3"",""1-3-2"",""1-3-6"",""1-6-3"",""2-1-3"",""3-1-6"",""3-6-1"",""3-2-1"",""6-1-3"",""6-3-1""]"
トリプルタイム,04月08日（水）,09,6,"[""2-5-6"",""2-6-3"",""2-6-4"",""2-6-5"",""5-2-6"",""5-6-2"",""6-2-3"",""6-2-4"",""6-2-5"",""6-5-2""]"
トリプルタイム,04月08日（水）,19,4,"[""1-2-3"",""1-2-4"",""1-3-2"",""1-4-2"",""1-5-2"",""2-1-3"",""2-1-4"",""2-4-1"",""4-1-2"",""4-2-1""]"
トリプルタイム,04月08日（水）,19,5,"[""1-2-3"",""1-3-2"",""1-3-6"",""1-6-3"",""2-1-3"",""2-3-1"",""3-1-2"",""3-1-6"",""3-2-1"",""3-6-1""]"
トリプルタイム,04月07日（火）,22,2,"[""1-3-5"",""1-5-3"",""3-1-2"",""3-1-4"",""3-2-1"",""3-2-5"",""3-5-1"",""3-5-2"",""5-1-3"",""5-3-1""]"
トリプルタイム,04月07日（火）,02,5,"[""1-2-4"",""1-2-5"",""1-4-2"",""1-5-2"",""2-1-5"",""2-5-1"",""5-1-2"",""5-1-4"",""5-2-1"",""5-2-6""]"
トリプルタイム,04月07日（火）,07,3,"[""1-2-3"",""1-2-5"",""1-3-2"",""1-4-3"",""1-4-5"",""1-4-6"",""2-1-4"",""2-4-1"",""4-1-2"",""4-1-5""]"
トリプルタイム,04月07日（火）,07,4,"[""1-2-4"",""1-2-5"",""1-2-6"",""1-4-2"",""1-5-2"",""1-6-2"",""2-1-4"",""2-1-6"",""4-1-2"",""4-1-6""]"
