競艇魂,10月03日（土）,17,8,"[""1-2-3"",""1-2-4"",""1-2-6"",""1-3-2"",""1-3-4"",""1-3-6"",""1-4-2"",""1-4-3""]"
競艇魂,10月03日（土）,05,9,"[""1-2-3"",""1-2-5"",""1-3-2"",""1-3-5"",""1-5-2"",""1-5-3"",""3-1-5"",""5-1-3""]"
競艇魂,10月03日（土）,06,1,"[""1-2-3"",""1-2-5"",""1-2-6"",""1-3-2"",""1-3-5"",""1-3-6"",""1-6-2"",""1-6-3""]"
競艇魂,10月03日（土）,06,1,"[""1-2-4"",""1-2-5"",""1-4-2"",""1-4-5"",""1-5-2"",""1-5-3"",""1-5-4"",""1-5-6""]"
競艇魂,10月02日（金）,02,7,"[""1-2-4"",""1-2-6"",""1-4-2"",""1-4-6"",""1-6-2"",""1-6-4"",""4-1-6"",""6-1-4""]"
競艇魂,10月02日（金）,21,1,"[""1-2-3"",""1-2-4"",""1-2-5"",""1-3-2"",""1-3-4"",""1-3-5"",""1-4-2"",""1-4-3""]"
競艇魂,10月02日（金）,06,1,"[""1-2-3"",""1-2-4"",""1-3-2"",""1-3-4"",""1-3-5"",""1-4-2"",""1-4-3"",""1-4-5""]"
競艇魂,10月02日（金）,15,6,"[""1-2-3"",""1-2-4"",""1-3-2"",""1-3-4"",""1-4-2"",""1-4-3"",""4-1-2"",""4-1-3""]"
競艇魂,10月01日（木）,17,7,"[""1-3-4"",""1-3-5"",""1-3-6"",""1-4-3"",""1-4-5"",""1-4-6"",""3-1-4"",""4-1-3""]"
競艇魂,10月01日（木）,05,9,"[""1-4-2"",""1-4-3"",""1-4-6"",""1-2-3"",""1-2-4"",""1-2-6"",""1-3-2"",""1-3-4""]"
競艇魂,10月01日（木）,22,1,"[""1-2-3"",""1-2-5"",""1-2-6"",""1-5-2"",""1-5-3"",""1-5-6"",""5-1-2"",""5-1-6""]"
競艇魂,10月01日（木）,20,4,"[""4-1-5"",""4-1-6"",""4-5-1"",""4-5-6"",""4-6-1"",""4-6-5"",""1-4-5"",""1-4-6""]"
競艇魂,10月01日（木）,07,6,"[""6-2-4"",""6-2-5"",""6-4-2"",""6-4-5"",""6-5-2"",""6-5-4"",""4-6-2"",""4-6-5""]"
競艇魂,09月30日（水）,22,8,"[""1-3-2"",""1-3-4"",""1-3-5"",""1-3-6"",""1-2-3"",""1-2-4"",""1-4-2"",""1-4-3""]"
競艇魂,09月30日（水）,22,1,"[""1-4-2"",""1-4-3"",""1-4-5"",""1-4-6"",""1-2-3"",""1-2-4"",""1-3-2"",""1-3-4""]"
競艇魂,09月30日（水）,11,1,"[""1-2-3"",""1-2-4"",""1-2-5"",""1-3-2"",""1-3-4"",""1-3-5"",""1-5-2"",""1-5-3""]"
競艇魂,09月30日（水）,12,5,"[""1-2-3"",""1-2-4"",""1-2-6"",""1-4-2"",""1-4-6"",""1-6-2"",""1-6-3"",""1-6-4""]"
競艇魂,09月29日（火）,03,7,"[""1-2-3"",""1-2-5"",""1-3-2"",""1-3-4"",""1-3-5"",""1-3-6"",""1-5-2"",""1-5-3""]"
競艇魂,09月29日（火）,11,9,"[""1-2-3"",""1-2-4"",""1-2-5"",""1-3-2"",""1-3-4"",""1-3-5"",""1-5-2"",""1-5-3""]"
競艇魂,09月29日（火）,24,3,"[""1-2-3"",""1-2-4"",""1-2-5"",""1-2-6"",""1-4-2"",""1-4-3"",""1-4-5"",""1-4-6""]"
競艇魂,09月29日（火）,01,6,"[""1-2-3"",""1-2-5"",""1-3-2"",""1-3-5"",""1-5-2"",""1-5-3"",""1-5-6"",""5-1-2""]"
競艇魂,09月28日（月）,06,8,"[""3-1-5"",""3-5-1"",""3-5-4"",""3-4-5"",""5-3-1"",""5-1-3"",""1-3-5"",""1-5-3""]"
競艇魂,09月28日（月）,23,1,"[""1-2-3"",""1-2-4"",""1-4-2"",""1-4-3"",""1-3-2"",""1-3-4"",""2-1-4"",""4-1-2""]"
競艇魂,09月28日（月）,20,2,"[""3-1-2"",""3-1-5"",""3-2-1"",""3-2-5"",""3-5-1"",""3-5-2"",""1-3-2"",""1-3-5""]"
競艇魂,09月28日（月）,09,1,"[""1-2-3"",""1-2-4"",""1-2-6"",""1-4-2"",""1-6-2"",""2-1-4"",""2-1-6"",""4-1-2""]"
競艇魂,09月28日（月）,08,1,"[""1-3-2"",""1-3-4"",""1-2-3"",""1-2-4"",""1-4-2"",""1-4-3"",""3-1-2"",""3-1-4""]"
競艇魂,09月27日（日）,17,8,"[""1-2-3"",""1-2-4"",""1-2-5"",""1-2-6"",""1-3-2"",""1-3-4"",""1-4-2"",""1-4-3""]"
競艇魂,09月27日（日）,03,9,"[""1-2-3"",""1-2-4"",""1-2-5"",""1-2-6"",""2-1-4"",""2-1-6"",""1-4-2"",""1-6-2""]"
競艇魂,09月27日（日）,09,1,"[""1-3-2"",""1-3-4"",""1-3-5"",""1-3-6"",""1-4-3"",""3-1-4"",""4-1-3"",""3-1-6""]"
競艇魂,09月27日（日）,20,5,"[""1-2-3"",""1-2-4"",""1-2-5"",""1-4-2"",""1-4-3"",""1-4-5"",""2-1-4"",""4-1-2""]"
競艇魂,09月26日（土）,17,8,"[""1-2-3"",""1-2-4"",""1-2-5"",""1-3-2"",""1-3-4"",""1-3-5"",""1-4-2"",""1-4-3""]"
競艇魂,09月26日（土）,24,1,"[""1-2-3"",""1-2-4"",""1-2-6"",""1-3-2"",""1-3-4"",""1-4-2"",""1-4-3"",""2-1-3""]"
競艇魂,09月26日（土）,06,1,"[""1-2-4"",""1-4-2"",""1-4-3"",""1-4-5"",""1-4-6"",""1-5-4"",""4-1-2"",""4-1-5""]"
競艇魂,09月26日（土）,24,5,"[""1-2-3"",""1-3-2"",""1-3-4"",""1-3-5"",""1-4-3"",""1-5-2"",""1-5-3"",""1-5-4""]"
競艇魂,09月25日（金）,22,1,"[""1-2-3"",""1-2-5"",""1-3-2"",""1-3-5"",""1-5-2"",""1-5-3"",""1-5-4"",""1-5-6""]"
競艇魂,09月25日（金）,24,5,"[""1-6-2"",""1-6-3"",""1-6-4"",""1-6-5"",""1-3-6"",""1-4-6"",""1-5-6"",""6-1-4""]"
競艇魂,09月25日（金）,03,7,"[""1-2-3"",""1-2-5"",""1-2-6"",""1-5-2"",""1-5-3"",""1-5-6"",""1-3-2"",""1-3-5""]"
競艇魂,09月25日（金）,04,9,"[""1-4-5"",""1-4-6"",""1-5-4"",""1-5-6"",""1-6-4"",""1-6-5"",""4-1-5"",""4-1-6""]"
競艇魂,09月24日（木）,14,1,"[""4-1-2"",""4-1-3"",""4-1-5"",""4-1-6"",""1-4-2"",""1-4-3"",""1-4-5"",""1-3-4""]"
競艇魂,09月24日（木）,22,8,"[""1-2-3"",""1-2-4"",""1-2-5"",""1-3-2"",""1-3-4"",""1-3-5"",""2-1-3"",""3-1-2""]"
競艇魂,09月24日（木）,22,1,"[""1-2-3"",""1-2-5"",""1-2-6"",""1-5-2"",""1-5-3"",""1-5-6"",""1-3-2"",""1-3-5""]"
競艇魂,09月24日（木）,05,1,"[""1-3-2"",""1-3-4"",""1-3-5"",""1-3-6"",""1-4-2"",""1-4-3"",""1-4-5"",""1-4-6""]"
競艇魂,09月23日（水）,17,8,"[""4-1-2"",""4-1-3"",""4-1-5"",""1-4-2"",""1-4-3"",""1-4-5"",""2-1-4"",""2-4-1""]"
競艇魂,09月23日（水）,23,1,"[""1-2-3"",""1-2-4"",""1-2-5"",""1-2-6"",""1-3-2"",""1-3-4"",""1-3-5"",""1-4-2""]"
競艇魂,09月23日（水）,19,3,"[""2-1-3"",""2-1-6"",""2-3-1"",""1-2-3"",""1-2-6"",""1-3-2"",""3-1-2"",""3-2-1""]"
競艇魂,09月23日（水）,22,1,"[""1-4-2"",""1-4-3"",""1-4-5"",""4-1-2"",""4-1-3"",""4-1-5"",""1-3-4"",""1-5-4""]"
競艇魂,09月22日（火）,08,6,"[""1-2-3"",""1-2-4"",""1-2-6"",""1-3-2"",""1-3-4"",""1-3-6"",""1-4-2"",""1-4-3""]"
競艇魂,09月22日（火）,08,9,"[""1-2-3"",""1-2-4"",""1-3-2"",""1-3-4"",""1-4-2"",""1-4-3"",""4-1-2"",""4-1-3""]"
競艇魂,09月22日（火）,22,9,"[""1-3-2"",""1-3-4"",""1-3-5"",""1-3-6"",""1-4-3"",""1-4-5"",""1-4-6"",""3-1-4""]"
競艇魂,09月22日（火）,19,5,"[""1-2-4"",""1-3-4"",""1-4-2"",""1-4-3"",""1-4-5"",""4-1-2"",""4-1-3"",""4-1-5""]"
競艇魂,09月21日（月）,06,5,"[""1-2-5"",""1-2-6"",""1-5-2"",""1-5-6"",""1-6-2"",""1-6-5"",""6-1-2"",""6-1-5""]"
競艇魂,09月21日（月）,09,1,"[""1-2-3"",""1-2-4"",""1-2-5"",""1-3-2"",""1-3-4"",""1-4-2"",""2-1-3"",""2-1-4""]"
競艇魂,09月21日（月）,05,1,"[""1-2-3"",""1-2-4"",""1-2-5"",""1-2-6"",""1-3-2"",""1-3-6"",""1-6-2"",""1-6-3""]"
競艇魂,09月21日（月）,08,1,"[""1-2-3"",""1-2-4"",""1-2-5"",""1-2-6"",""1-3-2"",""1-4-2"",""2-1-4"",""4-1-2""]"
競艇魂,09月20日（日）,05,8,"[""1-2-3"",""1-2-4"",""1-3-2"",""1-3-4"",""1-4-2"",""1-4-3"",""1-4-5"",""1-4-6""]"
競艇魂,09月20日（日）,08,9,"[""1-2-3"",""1-2-5"",""1-3-2"",""1-3-5"",""1-5-2"",""1-5-3"",""1-5-6"",""2-1-5""]"
競艇魂,09月20日（日）,08,1,"[""1-2-4"",""1-4-2"",""1-4-5"",""4-1-2"",""4-1-3"",""4-1-5"",""4-2-1"",""4-5-1""]"
競艇魂,09月20日（日）,08,1,"[""1-2-3"",""1-2-4"",""1-3-2"",""1-3-4"",""1-4-2"",""1-4-3"",""3-1-4"",""4-1-3""]"
競艇魂,09月19日（土）,06,7,"[""1-2-4"",""1-2-5"",""1-4-2"",""1-4-3"",""1-4-5"",""1-4-6"",""1-5-4"",""1-3-4""]"
競艇魂,09月19日（土）,09,1,"[""1-2-3"",""1-2-4"",""1-2-5"",""1-2-6"",""1-3-2"",""1-3-4"",""1-4-2"",""1-4-3""]"
競艇魂,09月19日（土）,16,1,"[""1-2-3"",""1-2-4"",""1-2-5"",""1-2-6"",""1-3-2"",""1-3-4"",""1-4-2"",""1-4-3""]"
競艇魂,09月19日（土）,01,6,"[""1-2-3"",""1-2-4"",""1-2-5"",""1-4-2"",""1-4-3"",""1-4-5"",""1-5-2"",""1-5-4""]"
競艇魂,09月18日（金）,02,7,"[""1-3-4"",""1-3-5"",""1-4-3"",""1-4-5"",""1-5-3"",""1-5-4"",""4-1-3"",""4-1-5""]"
競艇魂,09月18日（金）,09,1,"[""1-3-2"",""1-3-4"",""1-3-5"",""1-3-6"",""3-1-4"",""3-4-1"",""1-2-3"",""1-4-3""]"
競艇魂,09月18日（金）,09,1,"[""1-2-3"",""1-2-4"",""1-3-2"",""1-3-4"",""1-3-5"",""1-3-6"",""1-4-2"",""1-4-3""]"
競艇魂,09月18日（金）,16,1,"[""1-2-3"",""1-2-5"",""1-3-2"",""1-3-5"",""1-5-2"",""1-5-3"",""1-5-4"",""1-5-6""]"
競艇魂,09月17日（木）,09,8,"[""2-1-5"",""2-1-6"",""2-5-1"",""2-5-6"",""2-6-1"",""2-6-5"",""1-2-5"",""1-2-6""]"
競艇魂,09月17日（木）,16,8,"[""3-1-2"",""3-1-6"",""3-2-1"",""3-2-6"",""3-6-1"",""3-6-2"",""1-3-2"",""1-3-6""]"
競艇魂,09月17日（木）,09,1,"[""1-5-2"",""1-5-4"",""1-2-4"",""1-2-5"",""1-4-2"",""1-4-5"",""5-1-2"",""5-1-4""]"
競艇魂,09月17日（木）,19,5,"[""1-4-2"",""1-4-3"",""1-4-5"",""1-5-3"",""1-5-4"",""1-3-4"",""1-3-5"",""1-2-3""]"
競艇魂,09月16日（水）,18,1,"[""1-2-3"",""1-2-4"",""1-3-2"",""1-3-4"",""1-4-2"",""1-4-3"",""2-1-4"",""4-1-2""]"
競艇魂,09月16日（水）,08,9,"[""1-2-3"",""1-2-6"",""1-3-2"",""1-3-4"",""1-3-5"",""1-3-6"",""1-6-2"",""1-6-3""]"
競艇魂,09月16日（水）,08,1,"[""1-2-3"",""1-2-4"",""1-3-2"",""1-3-4"",""1-4-2"",""1-4-3"",""4-1-2"",""4-1-3""]"
競艇魂,09月16日（水）,24,4,"[""1-3-2"",""1-3-4"",""1-3-6"",""1-2-3"",""1-2-6"",""1-6-2"",""1-6-3"",""1-4-3""]"
競艇魂,09月15日（火）,08,7,"[""1-2-3"",""1-2-4"",""1-2-5"",""1-2-6"",""1-4-2"",""1-4-3"",""1-4-5"",""1-4-6""]"
競艇魂,09月15日（火）,03,9,"[""1-2-3"",""1-2-4"",""1-2-5"",""1-3-2"",""1-3-5"",""1-5-2"",""1-5-3"",""5-1-2""]"
競艇魂,09月15日（火）,03,1,"[""1-2-3"",""1-2-5"",""1-2-6"",""1-3-2"",""1-3-5"",""1-5-2"",""1-5-3"",""1-5-6""]"
競艇魂,09月15日（火）,12,5,"[""1-2-6"",""1-3-6"",""1-4-6"",""1-5-6"",""1-6-2"",""1-6-3"",""1-6-4"",""1-6-5""]"
競艇魂,09月14日（月）,23,1,"[""1-2-3"",""1-2-4"",""1-2-5"",""1-3-2"",""1-3-5"",""1-5-2"",""1-5-3"",""2-1-5""]"
競艇魂,09月14日（月）,12,1,"[""1-2-3"",""1-3-2"",""1-3-5"",""1-3-6"",""1-5-3"",""1-5-6"",""1-6-3"",""1-6-5""]"
競艇魂,09月14日（月）,03,1,"[""1-2-3"",""1-2-4"",""1-2-5"",""1-2-6"",""2-1-3"",""2-1-4"",""2-1-5"",""1-4-2""]"
競艇魂,09月14日（月）,22,1,"[""1-2-3"",""1-2-4"",""1-2-5"",""1-2-6"",""1-3-2"",""1-3-5"",""1-5-2"",""1-5-3""]"
競艇魂,09月13日（日）,05,7,"[""1-3-4"",""1-3-5"",""1-4-3"",""1-4-5"",""1-5-3"",""1-5-4"",""4-1-5"",""5-1-4""]"
競艇魂,09月13日（日）,18,1,"[""1-2-3"",""1-2-4"",""1-3-2"",""1-3-4"",""1-3-5"",""1-3-6"",""1-4-2"",""1-4-3""]"
競艇魂,09月13日（日）,03,1,"[""1-2-3"",""1-2-5"",""1-2-6"",""1-3-2"",""1-3-5"",""1-5-2"",""1-5-3"",""1-5-6""]"
競艇魂,09月13日（日）,01,6,"[""1-3-2"",""1-3-4"",""1-3-6"",""1-4-2"",""1-4-3"",""1-4-6"",""1-6-2"",""1-6-4""]"
競艇魂,09月12日（土）,03,7,"[""1-4-2"",""1-4-3"",""1-4-6"",""1-2-3"",""1-2-4"",""1-2-6"",""1-3-2"",""1-3-4""]"
競艇魂,09月12日（土）,08,8,"[""1-3-2"",""1-3-4"",""1-3-5"",""1-5-3"",""3-1-2"",""3-1-4"",""3-1-5"",""3-5-1""]"
競艇魂,09月12日（土）,22,9,"[""1-2-3"",""1-2-4"",""1-2-6"",""1-3-2"",""1-3-4"",""1-4-2"",""1-4-3"",""4-1-2""]"
競艇魂,09月12日（土）,06,1,"[""1-2-3"",""1-2-6"",""1-3-2"",""1-3-6"",""2-1-3"",""2-3-1"",""3-1-2"",""3-2-1""]"
競艇魂,09月11日（金）,21,1,"[""1-2-3"",""1-2-4"",""1-3-2"",""1-3-4"",""1-3-6"",""1-4-2"",""1-4-3"",""3-1-2""]"
競艇魂,09月11日（金）,18,1,"[""1-2-3"",""1-2-4"",""1-2-5"",""1-2-6"",""1-3-2"",""1-4-2"",""1-5-2"",""1-6-2""]"
競艇魂,09月11日（金）,13,1,"[""1-2-3"",""1-2-4"",""1-2-5"",""1-3-2"",""1-3-4"",""1-4-2"",""1-4-3"",""1-4-5""]"
競艇魂,09月11日（金）,07,7,"[""1-3-4"",""1-3-5"",""1-4-2"",""1-4-3"",""1-4-5"",""1-5-3"",""1-5-4"",""4-1-5""]"
競艇魂,09月10日（木）,14,6,"[""1-2-3"",""1-2-4"",""1-2-5"",""1-5-2"",""1-5-3"",""1-5-4"",""2-1-5"",""1-3-2""]"
競艇魂,09月10日（木）,13,1,"[""1-2-3"",""1-2-4"",""1-2-5"",""1-2-6"",""1-4-2"",""1-4-6"",""1-6-2"",""1-6-4""]"
競艇魂,09月10日（木）,13,1,"[""1-3-2"",""1-3-4"",""1-3-5"",""1-3-6"",""1-4-3"",""1-4-6"",""1-6-3"",""3-1-4""]"
競艇魂,09月10日（木）,20,5,"[""1-2-3"",""1-2-4"",""1-2-5"",""1-3-2"",""1-3-4"",""1-4-2"",""1-4-3"",""1-4-5""]"
競艇魂,09月09日（水）,13,8,"[""1-2-3"",""1-2-4"",""1-2-6"",""1-4-2"",""1-4-3"",""1-4-6"",""1-6-2"",""1-6-4""]"
競艇魂,09月09日（水）,10,1,"[""1-2-3"",""1-2-4"",""1-3-2"",""1-3-4"",""1-4-2"",""1-4-3"",""1-6-3"",""1-6-4""]"
競艇魂,09月09日（水）,06,1,"[""1-3-2"",""1-3-5"",""1-5-2"",""1-5-3"",""3-1-5"",""3-5-1"",""5-1-3"",""5-3-1""]"
競艇魂,09月09日（水）,19,6,"[""5-2-1"",""5-2-3"",""5-2-4"",""5-2-6"",""5-6-2"",""2-5-1"",""2-5-4"",""2-5-6""]"
競艇魂,09月08日（火）,11,7,"[""1-2-3"",""1-2-4"",""1-2-5"",""1-3-2"",""1-3-4"",""1-3-5"",""1-4-2"",""1-4-3""]"
競艇魂,09月08日（火）,05,9,"[""1-2-3"",""1-2-4"",""1-2-5"",""1-3-2"",""1-3-5"",""1-5-2"",""1-5-3"",""1-5-6""]"
競艇魂,09月08日（火）,11,1,"[""1-2-3"",""1-2-4"",""1-3-2"",""1-3-4"",""1-4-2"",""1-4-3"",""2-1-3"",""2-1-4""]"
競艇魂,09月08日（火）,16,1,"[""1-2-3"",""1-2-5"",""1-3-2"",""1-3-5"",""1-5-2"",""1-5-3"",""1-5-4"",""1-5-6""]"
競艇魂,09月07日（月）,11,7,"[""1-2-3"",""1-2-4"",""1-4-2"",""1-4-3"",""4-1-2"",""4-1-3"",""4-2-1"",""1-3-4""]"
競艇魂,09月07日（月）,09,1,"[""1-2-3"",""1-2-4"",""1-3-2"",""1-3-4"",""1-3-5"",""1-3-6"",""3-1-2"",""3-1-4""]"
競艇魂,09月07日（月）,12,5,"[""1-2-3"",""1-2-4"",""1-2-5"",""1-2-6"",""1-3-2"",""1-3-4"",""2-1-3"",""2-3-1""]"
競艇魂,09月06日（日）,02,7,"[""1-2-3"",""1-2-4"",""1-3-2"",""1-3-4"",""1-4-2"",""1-4-3"",""2-1-4"",""4-1-2""]"
競艇魂,09月06日（日）,16,9,"[""1-2-4"",""1-2-5"",""1-4-2"",""1-4-3"",""1-4-5"",""4-1-2"",""4-1-5"",""4-2-1""]"
競艇魂,09月05日（土）,14,5,"[""2-1-3"",""2-1-4"",""2-1-6"",""2-4-1"",""2-6-1"",""1-2-3"",""1-2-4"",""1-2-6""]"
競艇魂,09月05日（土）,16,9,"[""1-4-2"",""1-4-3"",""1-4-5"",""1-3-4"",""4-1-3"",""4-1-5"",""3-1-4"",""3-4-1""]"
競艇魂,09月05日（土）,16,1,"[""1-3-2"",""1-3-4"",""1-2-3"",""1-2-4"",""1-4-2"",""1-4-3"",""2-1-3"",""3-1-2""]"
競艇魂,09月05日（土）,08,1,"[""1-2-3"",""1-2-4"",""1-2-5"",""1-2-6"",""1-3-2"",""1-4-2"",""2-1-3"",""2-1-4""]"
競艇魂,09月04日（金）,02,7,"[""1-2-3"",""1-2-4"",""1-2-6"",""1-3-2"",""1-3-6"",""1-6-2"",""1-6-3"",""6-1-2""]"
競艇魂,09月04日（金）,09,1,"[""1-2-3"",""1-2-4"",""1-2-6"",""1-3-2"",""1-3-4"",""1-4-2"",""1-4-3"",""2-1-4""]"
競艇魂,09月04日（金）,04,1,"[""1-2-3"",""1-2-5"",""1-3-2"",""1-3-4"",""1-3-5"",""1-5-2"",""1-5-3"",""3-1-5""]"
競艇魂,09月04日（金）,14,1,"[""1-2-3"",""1-2-4"",""1-2-5"",""1-2-6"",""1-4-2"",""1-4-5"",""1-5-2"",""1-5-4""]"
競艇魂,09月03日（木）,02,7,"[""1-2-3"",""1-2-4"",""1-2-6"",""1-4-2"",""1-4-6"",""1-6-2"",""1-6-4"",""1-3-2""]"
競艇魂,09月03日（木）,18,1,"[""1-2-3"",""1-2-5"",""1-3-2"",""1-3-5"",""1-5-2"",""1-5-3"",""1-5-4"",""1-5-6""]"
競艇魂,09月03日（木）,04,1,"[""1-2-3"",""1-2-4"",""1-3-2"",""1-3-4"",""1-4-2"",""1-4-3"",""3-1-4"",""4-1-3""]"
競艇魂,09月03日（木）,15,5,"[""1-4-5"",""1-4-6"",""1-5-4"",""1-5-6"",""1-6-4"",""1-6-5"",""4-1-5"",""1-2-4""]"
競艇魂,09月02日（水）,02,7,"[""1-3-4"",""1-3-5"",""1-4-2"",""1-4-3"",""1-4-5"",""1-5-3"",""1-5-4"",""4-1-5""]"
競艇魂,09月02日（水）,08,9,"[""1-2-3"",""1-2-4"",""1-2-6"",""2-1-3"",""2-1-4"",""2-1-6"",""1-4-2"",""2-4-1""]"
競艇魂,09月02日（水）,01,2,"[""1-3-5"",""1-4-5"",""1-4-6"",""1-5-3"",""1-5-4"",""1-5-6"",""1-6-4"",""1-6-5""]"
競艇魂,09月02日（水）,04,1,"[""1-2-5"",""1-2-6"",""1-5-2"",""1-5-6"",""1-6-2"",""1-6-5"",""5-1-6"",""6-1-5""]"
競艇魂,09月01日（火）,06,6,"[""1-2-6"",""1-4-6"",""1-6-2"",""1-6-4"",""4-1-6"",""4-6-1"",""6-1-4"",""6-4-1""]"
競艇魂,09月01日（火）,03,9,"[""1-2-3"",""1-3-2"",""1-3-4"",""1-3-5"",""1-4-3"",""1-4-5"",""1-5-3"",""1-5-4""]"
競艇魂,09月01日（火）,01,2,"[""1-2-5"",""1-2-6"",""1-5-2"",""1-5-6"",""1-6-2"",""1-6-5"",""5-1-6"",""6-1-5""]"
競艇魂,09月01日（火）,01,6,"[""1-2-3"",""1-2-4"",""1-2-5"",""1-3-2"",""1-3-4"",""1-3-5"",""1-4-2"",""1-4-3""]"
競艇魂,08月31日（月）,21,1,"[""1-2-3"",""1-2-4"",""1-2-5"",""1-2-6"",""1-3-2"",""1-3-4"",""1-4-2"",""1-4-3""]"
競艇魂,08月31日（月）,13,1,"[""1-3-4"",""1-3-5"",""1-4-3"",""1-4-5"",""1-5-2"",""1-5-3"",""1-5-4"",""1-5-6""]"
競艇魂,08月31日（月）,01,2,"[""1-2-3"",""1-2-4"",""1-2-5"",""1-2-6"",""1-3-2"",""1-3-6"",""1-6-2"",""1-6-3""]"
競艇魂,08月31日（月）,15,6,"[""1-2-3"",""1-2-4"",""1-3-2"",""1-3-4"",""1-4-2"",""1-4-3"",""3-1-2"",""3-1-4""]"
競艇魂,08月30日（日）,21,1,"[""1-2-3"",""1-2-4"",""1-2-5"",""1-2-6"",""1-3-2"",""1-4-2"",""2-1-3"",""2-1-4""]"
競艇魂,08月30日（日）,10,1,"[""1-2-3"",""1-2-4"",""1-3-2"",""1-4-2"",""2-1-3"",""2-1-4"",""3-1-2"",""4-1-2""]"
競艇魂,08月30日（日）,01,3,"[""2-3-6"",""2-6-3"",""2-6-5"",""6-2-3"",""6-2-5"",""6-3-2"",""3-2-6"",""3-6-2""]"
競艇魂,08月30日（日）,17,1,"[""1-2-3"",""1-2-4"",""1-2-5"",""1-4-2"",""1-4-3"",""1-4-5"",""1-3-2"",""1-3-4""]"
競艇魂,08月29日（土）,13,6,"[""1-2-3"",""1-2-6"",""1-3-2"",""1-3-6"",""1-6-2"",""1-6-3"",""6-1-2"",""6-1-3""]"
競艇魂,08月29日（土）,21,1,"[""1-3-2"",""1-3-4"",""1-3-4"",""1-3-5"",""1-4-3"",""1-4-5"",""1-5-3"",""1-5-4""]"
競艇魂,08月29日（土）,16,1,"[""1-2-3"",""1-2-4"",""1-2-5"",""1-2-6"",""1-3-2"",""1-3-4"",""1-4-2"",""1-4-3""]"
競艇魂,08月29日（土）,19,6,"[""1-4-2"",""1-4-3"",""1-4-5"",""1-2-3"",""1-2-4"",""1-2-5"",""1-3-2"",""1-3-4""]"
競艇魂,08月28日（金）,09,8,"[""1-2-3"",""1-2-4"",""1-2-5"",""1-3-2"",""1-3-4"",""1-3-5"",""1-5-2"",""1-5-3""]"
競艇魂,08月28日（金）,03,9,"[""1-2-3"",""1-2-5"",""1-3-2"",""1-3-5"",""1-5-2"",""1-5-3"",""1-5-6"",""3-1-5""]"
競艇魂,08月28日（金）,16,1,"[""1-2-3"",""1-2-5"",""1-2-6"",""1-3-2"",""1-3-5"",""1-5-2"",""1-5-3"",""1-5-6""]"
競艇魂,08月28日（金）,15,6,"[""1-2-3"",""1-2-4"",""1-2-6"",""1-3-2"",""1-3-4"",""1-4-2"",""1-4-3"",""1-4-6""]"
競艇魂,08月27日（木）,03,8,"[""1-2-3"",""1-2-4"",""1-2-5"",""1-2-6"",""1-4-2"",""1-4-5"",""1-5-2"",""1-5-4""]"
競艇魂,08月27日（木）,09,1,"[""1-2-3"",""1-2-4"",""1-3-2"",""1-3-4"",""1-4-2"",""1-4-3"",""2-1-3"",""2-1-4""]"
競艇魂,08月27日（木）,05,1,"[""1-2-3"",""1-2-4"",""1-2-5"",""1-2-6"",""1-4-2"",""1-4-5"",""1-5-2"",""1-5-4""]"
競艇魂,08月27日（木）,01,6,"[""1-2-3"",""1-3-2"",""1-3-4"",""1-3-5"",""1-4-3"",""1-4-5"",""1-5-3"",""1-5-4""]"
競艇魂,08月27日（木）,09,8,"[""1-2-3"",""1-3-2"",""1-3-4"",""1-3-5"",""3-1-2"",""3-1-4"",""3-1-5"",""3-2-1""]"
競艇魂,08月26日（水）,09,8,"[""2-3-4"",""2-3-5"",""2-3-6"",""2-4-3"",""2-4-5"",""2-4-6"",""2-6-3"",""2-6-4""]"
競艇魂,08月26日（水）,10,1,"[""2-1-3"",""2-1-4"",""2-1-5"",""2-1-6"",""2-3-1"",""2-4-1"",""3-1-2"",""3-2-1""]"
競艇魂,08月26日（水）,15,5,"[""3-1-2"",""3-1-4"",""3-1-5"",""3-5-1"",""3-5-2"",""1-3-2"",""1-3-4"",""1-3-5""]"
競艇魂,08月26日（水）,15,7,"[""1-2-3"",""1-2-6"",""1-6-2"",""2-1-3"",""2-1-6"",""2-6-1"",""6-1-2"",""6-2-1""]"
競艇魂,08月25日（火）,05,7,"[""1-2-3"",""1-3-2"",""1-3-4"",""1-3-6"",""1-4-3"",""1-6-3"",""1-6-4"",""3-1-6""]"
競艇魂,08月25日（火）,08,9,"[""1-3-4"",""1-3-6"",""1-4-3"",""1-4-6"",""1-6-3"",""1-6-4"",""3-1-6"",""6-1-3""]"
競艇魂,08月25日（火）,12,3,"[""1-2-3"",""1-2-5"",""1-3-2"",""1-3-5"",""1-5-2"",""1-5-3"",""5-1-2"",""5-1-3""]"
競艇魂,08月25日（火）,12,6,"[""1-3-4"",""1-3-5"",""1-4-3"",""1-4-5"",""1-5-3"",""1-5-4"",""5-1-3"",""5-1-4""]"
競艇魂,08月24日（月）,09,1,"[""1-2-3"",""1-2-4"",""1-2-5"",""1-2-6"",""1-3-2"",""1-3-4"",""2-1-3"",""3-1-2""]"
競艇魂,08月24日（月）,22,1,"[""1-2-3"",""1-3-2"",""1-3-4"",""1-3-6"",""1-6-3"",""1-6-4"",""1-4-3"",""1-4-6""]"
競艇魂,08月24日（月）,02,7,"[""1-2-3"",""1-2-5"",""1-3-2"",""1-3-5"",""1-5-2"",""1-5-3"",""2-1-3"",""3-1-2""]"
競艇魂,08月24日（月）,08,9,"[""1-4-2"",""1-4-3"",""1-4-6"",""1-6-2"",""1-6-3"",""1-6-4"",""1-2-4"",""1-2-6""]"
競艇魂,08月23日（日）,17,7,"[""1-4-2"",""1-4-3"",""1-4-5"",""1-4-6"",""1-2-4"",""1-3-4"",""1-6-4"",""4-1-6""]"
競艇魂,08月23日（日）,14,7,"[""1-2-3"",""1-2-5"",""1-3-2"",""1-3-4"",""1-3-5"",""1-5-2"",""1-5-3"",""3-1-2""]"
競艇魂,08月23日（日）,04,9,"[""1-2-3"",""1-2-5"",""1-3-2"",""1-3-5"",""1-5-2"",""1-5-3"",""5-1-2"",""5-1-3""]"
競艇魂,08月23日（日）,12,5,"[""1-2-3"",""1-2-6"",""1-3-2"",""1-3-4"",""1-3-6"",""1-6-2"",""1-6-3"",""1-6-4""]"
競艇魂,08月22日（土）,02,7,"[""1-2-3"",""1-2-5"",""1-3-2"",""1-3-5"",""1-5-2"",""1-5-3"",""3-1-5"",""5-1-3""]"
競艇魂,08月22日（土）,17,9,"[""1-3-2"",""1-3-4"",""1-3-5"",""1-3-6"",""1-2-3"",""1-4-2"",""1-4-3"",""3-1-4""]"
競艇魂,08月22日（土）,08,1,"[""1-2-3"",""1-2-4"",""1-2-5"",""1-2-6"",""1-4-2"",""1-4-6"",""1-6-2"",""1-6-4""]"
競艇魂,08月22日（土）,22,1,"[""1-2-3"",""1-2-4"",""1-2-5"",""1-4-2"",""1-4-5"",""1-5-2"",""1-5-4"",""4-1-2""]"
競艇魂,08月21日（金）,20,4,"[""3-1-2"",""3-1-6"",""3-2-1"",""3-2-6"",""3-6-1"",""3-6-2"",""1-3-2"",""1-3-6""]"
競艇魂,08月21日（金）,24,5,"[""1-2-3"",""1-2-4"",""1-3-2"",""1-3-4"",""1-4-2"",""1-4-3"",""3-1-4"",""4-1-3""]"
競艇魂,08月21日（金）,02,8,"[""1-2-5"",""1-4-5"",""1-5-2"",""1-5-3"",""1-5-4"",""1-5-6"",""5-1-2"",""5-1-4""]"
競艇魂,08月21日（金）,10,1,"[""1-2-3"",""1-2-4"",""1-2-5"",""1-2-6"",""1-3-2"",""1-3-4"",""1-3-5"",""1-3-6""]"
競艇魂,08月20日（木）,16,8,"[""1-2-4"",""1-2-6"",""1-4-2"",""1-4-6"",""1-6-2"",""1-6-3"",""1-6-4"",""1-6-5""]"
競艇魂,08月20日（木）,17,9,"[""1-3-2"",""1-3-4"",""1-3-5"",""1-3-6"",""3-1-2"",""3-1-5"",""1-2-3"",""1-5-3""]"
競艇魂,08月20日（木）,16,1,"[""1-2-3"",""1-2-4"",""1-3-2"",""1-3-4"",""1-4-2"",""1-4-3"",""3-1-2"",""3-1-4""]"
競艇魂,08月20日（木）,07,6,"[""1-3-2"",""1-3-4"",""1-3-6"",""1-6-2"",""1-6-3"",""1-6-4"",""3-1-6"",""6-1-3""]"
競艇魂,08月19日（水）,09,9,"[""1-2-3"",""1-2-4"",""1-2-5"",""1-3-2"",""1-3-4"",""1-3-5"",""1-4-2"",""1-4-3""]"
競艇魂,08月19日（水）,08,9,"[""1-2-3"",""1-2-4"",""1-3-2"",""1-3-4"",""2-1-3"",""2-3-1"",""3-1-2"",""3-2-1""]"
競艇魂,08月19日（水）,09,1,"[""1-2-3"",""1-2-4"",""1-3-2"",""1-3-4"",""1-4-2"",""1-4-3"",""1-4-5"",""4-1-2""]"
競艇魂,08月19日（水）,05,1,"[""1-2-3"",""1-2-4"",""1-3-2"",""1-3-4"",""1-4-2"",""1-4-3"",""1-4-5"",""1-4-6""]"
競艇魂,08月18日（火）,09,8,"[""3-1-2"",""3-1-4"",""3-1-6"",""3-6-1"",""3-6-2"",""3-6-4"",""1-3-2"",""1-3-6""]"
競艇魂,08月18日（火）,21,1,"[""1-2-3"",""1-2-4"",""1-3-2"",""1-3-4"",""2-1-3"",""2-3-1"",""3-1-2"",""3-2-1""]"
競艇魂,08月18日（火）,16,1,"[""1-2-3"",""1-2-4"",""1-3-2"",""1-3-4"",""1-4-2"",""1-4-3"",""4-1-2"",""4-1-3""]"
競艇魂,08月18日（火）,05,1,"[""1-2-5"",""1-4-5"",""1-5-2"",""1-5-4"",""4-1-2"",""4-1-5"",""5-1-2"",""5-1-4""]"
競艇魂,08月17日（月）,18,1,"[""1-2-3"",""1-2-4"",""1-2-5"",""1-2-6"",""1-3-2"",""1-3-4"",""1-4-2"",""1-4-3""]"
競艇魂,08月17日（月）,09,1,"[""1-2-4"",""1-2-6"",""1-4-2"",""1-4-5"",""1-4-6"",""1-6-2"",""1-6-4"",""4-1-6""]"
競艇魂,08月17日（月）,04,8,"[""1-3-5"",""1-3-6"",""1-5-3"",""1-5-6"",""1-6-3"",""1-6-5"",""5-1-3"",""5-1-6""]"
競艇魂,08月17日（月）,19,6,"[""1-2-3"",""1-2-6"",""1-3-2"",""1-3-6"",""1-6-2"",""1-6-3"",""3-1-6"",""6-1-3""]"
競艇魂,08月16日（日）,14,4,"[""1-2-3"",""1-2-6"",""1-3-2"",""1-3-6"",""1-6-2"",""1-6-3"",""1-6-4"",""1-6-5""]"
競艇魂,08月16日（日）,06,8,"[""1-2-3"",""1-2-5"",""1-2-6"",""1-5-2"",""1-5-6"",""1-6-2"",""1-6-5"",""5-1-6""]"
競艇魂,08月16日（日）,08,1,"[""1-2-3"",""1-2-4"",""1-2-5"",""1-2-6"",""1-3-2"",""1-3-5"",""1-5-2"",""1-5-3""]"
競艇魂,08月16日（日）,01,6,"[""1-2-3"",""1-2-5"",""1-3-2"",""1-3-5"",""1-5-2"",""1-5-3"",""3-1-2"",""3-2-1""]"
競艇魂,08月15日（土）,17,7,"[""1-2-4"",""1-2-5"",""1-4-2"",""1-4-5"",""1-5-2"",""1-5-4"",""2-1-4"",""4-1-2""]"
競艇魂,08月15日（土）,08,9,"[""1-2-3"",""1-3-2"",""1-3-4"",""1-3-5"",""1-4-3"",""1-5-3"",""3-1-4"",""3-1-5""]"
競艇魂,08月15日（土）,09,1,"[""1-2-3"",""1-2-4"",""1-2-5"",""1-2-6"",""1-3-2"",""1-3-4"",""1-3-5"",""1-5-2""]"
競艇魂,08月15日（土）,20,5,"[""1-2-3"",""1-2-4"",""1-2-6"",""1-4-2"",""1-4-3"",""1-4-5"",""1-4-6"",""4-1-2""]"
競艇魂,08月14日（金）,21,1,"[""1-2-3"",""1-2-4"",""1-3-2"",""1-3-4"",""1-3-5"",""1-3-6"",""1-4-2"",""1-4-3""]"
競艇魂,08月14日（金）,18,1,"[""1-2-3"",""1-2-4"",""1-2-5"",""1-3-2"",""1-3-4"",""1-4-2"",""1-4-3"",""1-4-5""]"
競艇魂,08月14日（金）,08,1,"[""1-3-4"",""1-3-6"",""1-4-3"",""1-4-6"",""1-6-3"",""1-6-4"",""3-1-4"",""4-1-3""]"
競艇魂,08月14日（金）,07,4,"[""1-3-2"",""1-3-4"",""1-3-5"",""1-3-6"",""1-2-3"",""1-5-3"",""3-1-5"",""3-1-6""]"
競艇魂,08月13日（木）,06,7,"[""1-2-4"",""1-3-4"",""1-4-2"",""1-4-3"",""1-4-5"",""1-4-6"",""4-1-2"",""4-1-3""]"
競艇魂,08月13日（木）,06,7,"[""1-2-3"",""1-2-4"",""1-3-2"",""1-3-4"",""1-4-2"",""1-4-3"",""2-1-4"",""4-1-2""]"
競艇魂,08月13日（木）,06,1,"[""1-2-4"",""1-2-6"",""1-4-2"",""1-4-6"",""1-6-2"",""1-6-4"",""4-1-2"",""4-1-6""]"
競艇魂,08月13日（木）,07,7,"[""1-2-4"",""1-3-4"",""1-3-5"",""1-4-3"",""1-4-5"",""1-5-3"",""1-5-4"",""4-1-5""]"
競艇魂,08月12日（水）,04,5,"[""1-2-3"",""1-2-5"",""1-3-2"",""1-3-5"",""1-5-2"",""1-5-3"",""2-1-5"",""5-1-2""]"
競艇魂,08月12日（水）,13,1,"[""1-2-3"",""1-2-4"",""1-2-6"",""1-3-2"",""1-3-4"",""1-3-6"",""1-4-2"",""1-4-3""]"
競艇魂,08月12日（水）,13,1,"[""1-2-3"",""1-2-4"",""1-2-6"",""1-3-2"",""1-3-4"",""1-3-6"",""1-6-2"",""1-6-3""]"
競艇魂,08月12日（水）,14,1,"[""1-2-3"",""1-2-4"",""1-2-5"",""1-2-6"",""1-3-2"",""1-4-2"",""2-1-4"",""2-1-6""]"
競艇魂,08月11日（火）,13,8,"[""1-2-3"",""1-3-2"",""2-1-3"",""2-3-1"",""2-3-5"",""3-1-2"",""3-2-1"",""3-2-5""]"
競艇魂,08月11日（火）,08,8,"[""1-2-6"",""1-3-6"",""1-6-2"",""1-6-3"",""6-1-2"",""6-1-3"",""6-2-1"",""6-3-1""]"
競艇魂,08月11日（火）,11,1,"[""1-2-3"",""1-2-4"",""1-2-5"",""1-3-2"",""1-3-4"",""1-3-5"",""2-1-3"",""3-1-2""]"
競艇魂,08月11日（火）,08,1,"[""1-2-3"",""1-2-4"",""1-2-5"",""1-2-6"",""1-5-2"",""1-5-6"",""1-6-2"",""1-6-5""]"
競艇魂,08月10日（月）,10,1,"[""2-1-3"",""2-1-4"",""2-1-5"",""2-4-1"",""2-4-3"",""2-4-5"",""1-2-4"",""1-4-2""]"
競艇魂,08月10日（月）,16,8,"[""1-2-3"",""1-2-4"",""1-2-5"",""1-3-2"",""1-3-4"",""1-3-5"",""1-4-2"",""1-4-3""]"
競艇魂,08月10日（月）,11,1,"[""1-3-2"",""1-3-4"",""1-3-5"",""1-4-2"",""1-4-3"",""1-4-5"",""1-2-3"",""1-2-4""]"
競艇魂,08月10日（月）,06,1,"[""1-2-3"",""1-2-4"",""1-2-5"",""1-2-6"",""1-4-2"",""1-4-5"",""1-5-2"",""1-5-4""]"
競艇魂,08月09日（日）,13,9,"[""1-2-3"",""1-2-4"",""1-2-6"",""1-4-2"",""1-4-6"",""1-6-2"",""1-6-4"",""1-3-4""]"
競艇魂,08月09日（日）,07,1,"[""1-2-3"",""1-2-4"",""1-2-5"",""1-3-2"",""1-3-4"",""1-3-5"",""1-5-2"",""1-5-3""]"
競艇魂,08月09日（日）,08,1,"[""1-3-2"",""1-3-4"",""1-3-5"",""1-3-6"",""3-1-2"",""3-1-4"",""3-1-5"",""3-1-6""]"
競艇魂,08月09日（日）,01,6,"[""1-2-3"",""1-2-5"",""1-2-6"",""1-5-2"",""1-5-6"",""1-6-2"",""1-6-5"",""1-3-2""]"
競艇魂,08月08日（土）,10,1,"[""1-2-3"",""1-2-4"",""1-2-5"",""1-2-6"",""1-3-2"",""1-3-6"",""1-6-2"",""1-6-3""]"
競艇魂,08月08日（土）,16,9,"[""1-2-3"",""1-2-4"",""1-2-5"",""1-4-2"",""1-4-3"",""1-4-5"",""1-5-2"",""1-5-4""]"
競艇魂,08月08日（土）,08,1,"[""1-3-4"",""1-3-6"",""1-4-3"",""1-4-6"",""1-6-2"",""1-6-3"",""1-6-4"",""4-1-6""]"
競艇魂,08月08日（土）,09,1,"[""1-2-3"",""1-2-4"",""1-2-5"",""1-2-6"",""1-3-5"",""1-5-2"",""1-5-3"",""2-1-5""]"
競艇魂,08月07日（金）,19,2,"[""1-2-3"",""1-2-4"",""1-2-5"",""1-3-2"",""1-3-4"",""1-3-5"",""1-3-6"",""3-1-2""]"
競艇魂,08月07日（金）,19,4,"[""1-3-2"",""1-3-4"",""1-3-5"",""1-3-6"",""1-2-3"",""1-4-3"",""1-4-6"",""1-6-3""]"
競艇魂,08月07日（金）,18,1,"[""1-2-3"",""1-2-4"",""1-2-5"",""1-3-2"",""1-3-4"",""1-3-5"",""2-1-3"",""3-1-2""]"
競艇魂,08月07日（金）,09,1,"[""1-2-3"",""1-2-5"",""1-2-6"",""1-5-2"",""1-5-3"",""1-5-6"",""2-1-5"",""5-1-2""]"
競艇魂,08月06日（木）,14,4,"[""1-2-3"",""1-2-6"",""1-3-2"",""1-3-6"",""1-6-2"",""1-6-3"",""2-1-3"",""2-1-6""]"
競艇魂,08月06日（木）,21,1,"[""1-2-4"",""1-2-5"",""1-2-6"",""1-4-2"",""1-4-5"",""1-4-6"",""1-6-2"",""1-6-4""]"
競艇魂,08月06日（木）,22,8,"[""1-2-3"",""1-2-5"",""1-3-2"",""1-3-4"",""1-3-5"",""1-5-2"",""1-5-3"",""1-5-4""]"
競艇魂,08月06日（木）,19,5,"[""1-2-3"",""1-2-4"",""1-2-6"",""1-4-2"",""1-4-3"",""1-4-5"",""1-4-6"",""1-3-4""]"
競艇魂,08月05日（水）,02,8,"[""1-2-3"",""1-2-4"",""1-3-2"",""1-3-4"",""1-4-2"",""1-4-3"",""1-4-6"",""4-1-3""]"
競艇魂,08月05日（水）,18,1,"[""1-2-3"",""1-2-4"",""1-2-5"",""1-2-6"",""1-3-2"",""1-6-2"",""2-1-3"",""2-1-6""]"
競艇魂,08月05日（水）,02,1,"[""1-4-3"",""1-4-5"",""1-4-6"",""1-3-4"",""1-5-4"",""4-1-3"",""4-1-5"",""4-1-6""]"
競艇魂,08月05日（水）,16,1,"[""1-2-3"",""1-2-4"",""1-2-5"",""1-2-6"",""1-4-2"",""1-4-3"",""1-4-5"",""1-4-6""]"
競艇魂,08月04日（火）,18,1,"[""2-1-4"",""2-1-5"",""2-1-6"",""2-5-1"",""2-5-4"",""2-5-6"",""1-2-4"",""1-2-5""]"
競艇魂,08月04日（火）,13,9,"[""1-2-3"",""1-2-4"",""1-2-5"",""1-2-6"",""1-3-2"",""1-3-4"",""1-3-5"",""1-3-6""]"
競艇魂,08月04日（火）,22,1,"[""1-2-3"",""1-2-4"",""1-2-5"",""1-4-2"",""1-4-3"",""1-4-5"",""1-3-2"",""1-3-4""]"
競艇魂,08月04日（火）,14,1,"[""1-2-3"",""1-2-4"",""1-2-5"",""1-2-6"",""1-3-2"",""1-3-4"",""1-3-5"",""1-3-6""]"
競艇魂,08月03日（月）,13,8,"[""1-2-4"",""1-3-4"",""1-5-4"",""1-4-2"",""1-4-3"",""1-4-5"",""4-1-3"",""4-1-5""]"
競艇魂,08月03日（月）,23,1,"[""1-2-3"",""1-2-4"",""1-2-5"",""1-3-2"",""1-3-5"",""1-5-2"",""1-5-3"",""3-1-2""]"
競艇魂,08月03日（月）,12,2,"[""1-2-3"",""1-2-4"",""1-2-5"",""1-3-2"",""1-3-5"",""1-5-2"",""1-5-3"",""2-1-3""]"
競艇魂,08月03日（月）,12,4,"[""1-2-3"",""1-2-4"",""1-3-2"",""1-3-4"",""1-4-2"",""1-4-3"",""4-1-2"",""4-1-3""]"
競艇魂,08月02日（日）,23,1,"[""1-2-3"",""1-2-4"",""1-2-5"",""1-3-2"",""1-3-4"",""1-4-2"",""1-4-3"",""1-4-5""]"
競艇魂,08月02日（日）,03,9,"[""1-2-3"",""1-2-4"",""1-2-5"",""1-2-6"",""1-5-2"",""1-6-2"",""2-1-5"",""2-1-6""]"
競艇魂,08月02日（日）,04,9,"[""1-2-3"",""1-2-4"",""1-2-5"",""1-2-6"",""1-3-2"",""1-3-4"",""1-4-2"",""1-4-6""]"
競艇魂,08月02日（日）,12,5,"[""1-2-6"",""1-4-6"",""1-5-6"",""1-6-2"",""1-6-3"",""1-6-4"",""1-6-5"",""6-1-4""]"
競艇魂,08月01日（土）,08,7,"[""3-1-2"",""3-1-4"",""3-1-5"",""3-1-6"",""3-4-1"",""1-3-4"",""1-3-5"",""1-4-3""]"
競艇魂,08月01日（土）,13,1,"[""1-2-3"",""1-3-2"",""1-3-4"",""1-3-5"",""1-3-6"",""1-4-3"",""3-1-4"",""3-1-5""]"
競艇魂,08月01日（土）,06,1,"[""1-2-3"",""1-2-6"",""1-3-2"",""1-3-6"",""1-6-2"",""1-6-3"",""2-1-3"",""3-1-2""]"
競艇魂,08月01日（土）,12,5,"[""1-2-4"",""1-3-4"",""1-4-2"",""1-4-3"",""1-4-6"",""1-6-2"",""1-6-3"",""1-6-4""]"
競艇魂,07月31日（金）,09,8,"[""1-2-3"",""1-2-5"",""1-3-2"",""1-3-4"",""1-3-5"",""1-3-6"",""1-5-2"",""1-5-3""]"
競艇魂,07月31日（金）,19,1,"[""1-2-3"",""1-2-4"",""1-2-5"",""1-4-2"",""1-4-3"",""1-4-5"",""1-5-2"",""1-5-4""]"
競艇魂,07月31日（金）,03,1,"[""1-2-3"",""1-2-4"",""1-2-5"",""1-5-3"",""1-5-2"",""1-5-4"",""1-3-2"",""1-4-2""]"
競艇魂,07月31日（金）,06,1,"[""1-2-3"",""1-2-4"",""1-3-2"",""1-3-4"",""1-4-2"",""1-4-3"",""1-4-6"",""1-6-4""]"
競艇魂,07月30日（木）,05,7,"[""1-2-3"",""1-2-4"",""1-2-5"",""1-2-6"",""1-3-2"",""1-3-4"",""1-4-2"",""1-4-3""]"
競艇魂,07月30日（木）,03,9,"[""1-2-3"",""1-2-4"",""1-2-6"",""1-3-2"",""1-3-4"",""1-3-6"",""1-4-2"",""1-4-3""]"
競艇魂,07月30日（木）,09,1,"[""1-2-3"",""1-2-4"",""1-2-5"",""1-3-2"",""1-3-4"",""1-4-2"",""1-4-3"",""1-4-5""]"
競艇魂,07月30日（木）,04,1,"[""1-4-2"",""1-4-3"",""1-4-5"",""1-4-6"",""4-1-2"",""4-1-3"",""4-1-5"",""4-1-6""]"
競艇魂,07月29日（水）,16,7,"[""1-3-4"",""1-3-6"",""1-6-2"",""1-6-3"",""1-6-4"",""1-6-5"",""3-1-6"",""6-1-3""]"
競艇魂,07月29日（水）,03,9,"[""1-2-3"",""1-2-6"",""1-3-2"",""1-3-6"",""1-6-2"",""1-6-3"",""2-1-3"",""2-1-6""]"
競艇魂,07月29日（水）,03,1,"[""1-2-3"",""1-2-4"",""1-3-2"",""1-3-4"",""1-4-2"",""1-4-3"",""1-4-5"",""3-1-4""]"
競艇魂,07月29日（水）,19,5,"[""1-3-2"",""1-3-4"",""1-3-5"",""1-4-2"",""1-4-3"",""1-4-5"",""3-1-4"",""4-1-3""]"
競艇魂,07月28日（火）,21,1,"[""1-4-2"",""1-4-3"",""1-2-4"",""1-3-4"",""2-1-4"",""3-1-4"",""2-4-1"",""3-4-1""]"
競艇魂,07月28日（火）,05,9,"[""1-2-3"",""1-2-4"",""1-2-5"",""1-4-2"",""1-4-3"",""1-4-5"",""1-4-6"",""4-1-2""]"
競艇魂,07月28日（火）,09,1,"[""1-2-3"",""1-2-4"",""1-2-5"",""1-4-2"",""1-4-3"",""1-4-5"",""1-3-2"",""1-3-4""]"
競艇魂,07月28日（火）,16,1,"[""1-2-3"",""1-2-5"",""1-3-2"",""1-3-5"",""1-5-2"",""1-5-3"",""3-1-2"",""3-1-5""]"
競艇魂,07月27日（月）,06,6,"[""1-2-4"",""1-2-6"",""1-4-2"",""1-4-6"",""1-6-2"",""1-6-4"",""6-1-2"",""6-1-4""]"
競艇魂,07月27日（月）,16,9,"[""1-2-3"",""1-2-4"",""1-3-2"",""1-3-4"",""1-4-2"",""1-4-3"",""1-4-5"",""1-5-4""]"
競艇魂,07月27日（月）,13,1,"[""1-2-3"",""1-3-4"",""1-3-6"",""1-4-3"",""1-4-6"",""1-4-5"",""1-6-3"",""1-6-4""]"
競艇魂,07月27日（月）,07,5,"[""1-2-3"",""1-2-6"",""1-3-2"",""1-3-6"",""1-6-2"",""1-6-3"",""2-1-6"",""6-1-2""]"
競艇魂,07月26日（日）,13,8,"[""1-2-5"",""1-3-5"",""1-3-6"",""1-5-2"",""1-5-3"",""1-5-6"",""1-6-3"",""1-6-5""]"
競艇魂,07月26日（日）,17,9,"[""1-3-4"",""1-3-5"",""1-4-3"",""1-4-5"",""3-1-4"",""3-4-1"",""4-1-3"",""4-3-1""]"
競艇魂,07月26日（日）,13,1,"[""1-2-3"",""1-3-4"",""1-3-6"",""1-4-3"",""1-4-6"",""1-4-5"",""1-6-3"",""1-6-4""]"
競艇魂,07月26日（日）,07,5,"[""1-2-3"",""1-2-6"",""1-3-2"",""1-3-6"",""1-6-2"",""1-6-3"",""2-1-6"",""6-1-2""]"
競艇魂,07月25日（土）,23,1,"[""1-2-3"",""1-2-4"",""1-2-5"",""1-2-6"",""1-3-2"",""1-4-2"",""2-1-3"",""2-1-4""]"
競艇魂,07月25日（土）,16,9,"[""4-1-2"",""4-1-5"",""4-1-6"",""1-4-2"",""1-4-3"",""1-4-5"",""1-4-6"",""1-2-4""]"
競艇魂,07月25日（土）,11,1,"[""1-2-3"",""1-2-4"",""1-2-6"",""1-3-2"",""1-3-4"",""1-3-6"",""1-4-2"",""1-4-3""]"
競艇魂,07月25日（土）,06,1,"[""1-2-3"",""1-2-4"",""1-2-5"",""2-1-3"",""2-1-4"",""2-1-5"",""2-3-1"",""2-5-1""]"
競艇魂,07月24日（金）,16,1,"[""1-2-3"",""1-2-4"",""1-2-5"",""1-2-6"",""1-3-2"",""1-4-2"",""1-5-2"",""1-6-2""]"
競艇魂,07月24日（金）,05,8,"[""1-2-3"",""1-2-4"",""1-2-5"",""1-4-2"",""1-4-3"",""1-4-5"",""2-1-3"",""2-1-4""]"
競艇魂,07月24日（金）,23,1,"[""1-2-3"",""1-2-4"",""1-2-5"",""1-5-2"",""1-5-3"",""1-5-4"",""1-5-6"",""1-4-5""]"
競艇魂,07月24日（金）,11,1,"[""1-2-3"",""1-2-4"",""1-2-5"",""1-2-6"",""1-3-2"",""1-3-4"",""1-3-6"",""1-6-2""]"
競艇魂,07月24日（金）,06,1,"[""1-2-3"",""1-2-4"",""1-2-6"",""1-6-2"",""1-6-4"",""1-6-3"",""2-1-6"",""6-1-2""]"
競艇魂,07月23日（木）,02,7,"[""1-2-4"",""1-2-6"",""1-4-2"",""1-4-6"",""1-6-2"",""1-6-4"",""4-1-2"",""4-1-6""]"
競艇魂,07月23日（木）,17,9,"[""1-2-3"",""1-2-4"",""1-3-2"",""1-3-4"",""1-3-5"",""1-4-3"",""3-1-2"",""3-1-4""]"
競艇魂,07月23日（木）,15,2,"[""1-2-3"",""1-2-4"",""1-3-2"",""1-3-4"",""1-4-2"",""1-4-3"",""3-1-2"",""3-1-4""]"
競艇魂,07月23日（木）,05,1,"[""1-2-3"",""1-2-4"",""1-3-2"",""1-3-4"",""1-3-5"",""1-3-6"",""1-4-2"",""1-4-3""]"
競艇魂,07月22日（水）,08,7,"[""1-3-2"",""1-3-4"",""1-3-5"",""1-3-6"",""1-2-3"",""3-1-2"",""3-1-4"",""3-2-1""]"
競艇魂,07月22日（水）,15,1,"[""1-2-3"",""1-2-4"",""1-2-5"",""1-2-6"",""1-3-2"",""1-3-4"",""1-4-2"",""1-4-3""]"
競艇魂,07月22日（水）,11,1,"[""1-3-2"",""1-3-4"",""1-3-5"",""1-3-6"",""1-2-3"",""1-2-4"",""1-4-3"",""1-6-3""]"
競艇魂,07月22日（水）,15,6,"[""1-2-3"",""1-2-4"",""1-3-2"",""1-3-4"",""1-4-2"",""1-4-3"",""3-1-4"",""4-1-3""]"
競艇魂,07月21日（火）,03,6,"[""1-2-3"",""1-2-5"",""1-2-6"",""1-3-2"",""1-3-5"",""1-3-6"",""2-1-3"",""1-5-6""]"
競艇魂,07月21日（火）,08,9,"[""1-2-3"",""1-2-4"",""1-2-5"",""1-2-6"",""2-1-3"",""2-1-4"",""2-1-6"",""1-6-2""]"
競艇魂,07月21日（火）,09,1,"[""1-3-2"",""1-3-4"",""1-3-5"",""1-3-6"",""1-4-3"",""3-1-4"",""3-4-1"",""4-1-3""]"
競艇魂,07月21日（火）,24,5,"[""1-3-2"",""1-3-4"",""1-3-5"",""1-5-2"",""1-5-3"",""1-5-4"",""3-1-5"",""5-1-3""]"
競艇魂,07月20日（月）,05,7,"[""1-3-6"",""1-4-6"",""1-6-3"",""1-6-4"",""6-1-3"",""6-1-4"",""3-1-4"",""3-1-6""]"
競艇魂,07月20日（月）,10,1,"[""1-2-3"",""1-2-4"",""1-2-5"",""1-5-2"",""1-5-3"",""1-5-4"",""1-3-2"",""1-3-5""]"
競艇魂,07月20日（月）,08,1,"[""1-4-2"",""1-4-5"",""1-4-6"",""4-1-2"",""4-1-5"",""4-1-6"",""1-2-4"",""1-6-4""]"
競艇魂,07月20日（月）,24,6,"[""1-2-4"",""1-4-2"",""1-4-5"",""4-1-2"",""4-1-5"",""4-2-1"",""2-1-4"",""2-4-1""]"
競艇魂,07月19日（日）,02,7,"[""1-2-6"",""1-4-5"",""1-4-6"",""1-5-4"",""1-5-6"",""1-6-2"",""1-6-4"",""1-6-5""]"
競艇魂,07月19日（日）,03,9,"[""1-2-3"",""1-2-4"",""1-2-6"",""1-3-2"",""1-3-4"",""1-4-2"",""2-1-3"",""2-1-4""]"
競艇魂,07月19日（日）,07,2,"[""1-2-3"",""1-3-2"",""1-3-4"",""1-3-5"",""1-5-3"",""3-1-2"",""3-1-4"",""3-1-5""]"
競艇魂,07月19日（日）,15,6,"[""1-2-3"",""1-2-4"",""1-3-2"",""1-3-4"",""1-4-2"",""1-4-3"",""3-1-4"",""4-1-3""]"
競艇魂,07月18日（土）,17,7,"[""1-2-3"",""1-2-4"",""1-3-2"",""1-3-4"",""1-4-2"",""1-4-3"",""1-4-5"",""1-4-6""]"
競艇魂,07月18日（土）,15,1,"[""1-2-3"",""1-2-6"",""1-3-2"",""1-3-6"",""1-6-2"",""1-6-3"",""1-6-4"",""6-1-2""]"
競艇魂,07月18日（土）,15,3,"[""1-3-6"",""1-5-6"",""1-6-3"",""1-6-5"",""6-1-3"",""6-1-5"",""6-3-1"",""6-5-1""]"
競艇魂,07月18日（土）,24,4,"[""1-2-3"",""1-2-5"",""1-3-2"",""1-3-5"",""1-5-2"",""1-5-3"",""3-1-5"",""5-1-3""]"
競艇魂,07月17日（金）,21,1,"[""1-2-3"",""1-2-4"",""1-2-5"",""1-2-6"",""1-3-2"",""1-3-4"",""1-4-2"",""2-1-3""]"
競艇魂,07月17日（金）,19,1,"[""1-4-2"",""1-4-3"",""1-4-6"",""1-2-3"",""1-2-4"",""1-3-2"",""1-3-4"",""1-6-4""]"
競艇魂,07月17日（金）,19,5,"[""1-3-2"",""1-3-4"",""1-3-5"",""1-4-2"",""1-4-3"",""1-4-5"",""1-5-3"",""1-5-4""]"
競艇魂,07月17日（金）,24,5,"[""1-3-2"",""1-3-4"",""1-3-6"",""1-4-3"",""1-4-6"",""1-6-3"",""3-1-4"",""4-1-3""]"
競艇魂,07月16日（木）,16,1,"[""1-2-3"",""1-2-4"",""1-2-6"",""1-4-2"",""1-4-6"",""1-6-2"",""1-6-3"",""1-6-4""]"
競艇魂,07月16日（木）,19,3,"[""1-5-2"",""1-5-3"",""1-5-4"",""5-1-2"",""5-1-3"",""5-1-4"",""5-2-3"",""5-3-2""]"
競艇魂,07月16日（木）,04,5,"[""1-4-2"",""1-4-3"",""1-4-5"",""4-1-2"",""4-1-3"",""4-1-5"",""1-2-4"",""1-3-4""]"
競艇魂,07月16日（木）,17,9,"[""1-2-3"",""1-2-4"",""1-2-5"",""1-2-6"",""1-3-2"",""1-3-4"",""1-3-6"",""1-4-3""]"
競艇魂,07月15日（水）,11,7,"[""1-3-2"",""1-3-4"",""1-3-5"",""1-3-6"",""1-4-3"",""1-5-3"",""3-1-2"",""3-1-4""]"
競艇魂,07月15日（水）,21,1,"[""1-2-3"",""1-2-5"",""1-3-2"",""1-3-4"",""1-3-5"",""1-5-2"",""1-5-3"",""1-5-4""]"
競艇魂,07月15日（水）,11,1,"[""1-2-4"",""1-2-5"",""1-2-6"",""1-4-2"",""1-4-5"",""1-5-2"",""1-5-4"",""4-1-2""]"
競艇魂,07月15日（水）,19,5,"[""1-3-4"",""1-3-5"",""1-4-2"",""1-4-3"",""1-4-5"",""1-5-4"",""4-1-3"",""4-1-5""]"
競艇魂,07月14日（火）,06,7,"[""1-4-2"",""1-4-5"",""1-4-6"",""1-2-4"",""1-5-4"",""4-1-2"",""4-1-5"",""4-1-6""]"
競艇魂,07月14日（火）,11,9,"[""1-3-2"",""1-3-5"",""1-3-6"",""1-2-3"",""1-5-3"",""1-6-3"",""3-1-5"",""3-1-6""]"
競艇魂,07月14日（火）,11,1,"[""1-2-3"",""1-2-4"",""1-2-5"",""1-2-6"",""1-3-2"",""1-3-4"",""1-4-2"",""2-1-3""]"
競艇魂,07月14日（火）,12,5,"[""1-2-4"",""1-2-5"",""1-2-6"",""1-6-2"",""1-6-4"",""1-6-5"",""6-1-2"",""6-1-4""]"
競艇魂,07月13日（月）,18,1,"[""1-4-2"",""1-4-3"",""1-4-5"",""1-2-3"",""1-2-4"",""1-3-2"",""1-3-4"",""4-1-2""]"
競艇魂,07月13日（月）,21,1,"[""1-2-3"",""1-2-5"",""1-3-2"",""1-3-4"",""1-3-5"",""1-3-6"",""1-5-3"",""3-1-5""]"
競艇魂,07月13日（月）,12,2,"[""1-2-3"",""1-2-4"",""1-2-5"",""1-2-6"",""1-3-2"",""1-3-4"",""1-4-2"",""1-4-3""]"
競艇魂,07月13日（月）,12,5,"[""1-3-2"",""1-3-5"",""1-3-6"",""1-5-3"",""1-5-6"",""1-6-3"",""1-6-5"",""3-1-6""]"
競艇魂,07月12日（日）,17,8,"[""1-2-5"",""1-3-5"",""1-4-5"",""1-5-2"",""1-5-3"",""1-5-4"",""5-1-2"",""5-1-4""]"
競艇魂,07月12日（日）,10,9,"[""1-3-2"",""1-3-4"",""1-3-5"",""1-4-2"",""1-4-3"",""1-4-5"",""1-4-6"",""1-5-4""]"
競艇魂,07月12日（日）,07,3,"[""3-1-2"",""3-1-5"",""3-2-1"",""3-2-5"",""3-5-1"",""3-5-2"",""2-3-1"",""2-3-5""]"
競艇魂,07月12日（日）,04,1,"[""1-2-5"",""1-4-5"",""1-5-2"",""1-5-3"",""1-5-4"",""1-5-6"",""5-1-2"",""5-1-6""]"
競艇魂,07月11日（土）,02,7,"[""1-2-3"",""1-2-4"",""1-2-5"",""1-2-6"",""1-3-2"",""1-3-4"",""1-3-5"",""1-3-6""]"
競艇魂,07月11日（土）,02,8,"[""1-3-2"",""1-3-4"",""1-3-5"",""1-3-6"",""1-2-3"",""3-1-2"",""3-1-4"",""3-2-1""]"
競艇魂,07月11日（土）,09,1,"[""1-2-3"",""1-2-4"",""1-2-6"",""1-4-2"",""1-4-3"",""1-4-6"",""1-3-2"",""1-3-4""]"
競艇魂,07月11日（土）,12,5,"[""1-6-2"",""1-6-4"",""1-6-5"",""1-2-6"",""1-4-6"",""1-5-6"",""6-1-2"",""6-1-5""]"
競艇魂,07月10日（金）,14,4,"[""1-5-2"",""1-5-3"",""1-5-4"",""1-5-6"",""5-1-2"",""5-1-3"",""5-1-4"",""1-2-5""]"
競艇魂,07月10日（金）,02,9,"[""1-2-3"",""1-2-5"",""1-5-2"",""1-5-3"",""1-5-6"",""5-1-2"",""5-1-3"",""1-3-5""]"
競艇魂,07月10日（金）,13,1,"[""1-2-3"",""1-2-4"",""1-2-5"",""1-2-6"",""2-1-3"",""2-1-4"",""1-3-2"",""1-4-2""]"
競艇魂,07月10日（金）,19,5,"[""1-2-3"",""1-2-4"",""1-4-2"",""1-4-3"",""1-4-5"",""1-4-6"",""4-1-2"",""1-3-4""]"
競艇魂,07月09日（木）,14,4,"[""1-2-3"",""1-2-4"",""1-2-5"",""1-2-6"",""1-3-2"",""1-3-5"",""1-5-2"",""1-5-3""]"
競艇魂,07月09日（木）,23,1,"[""1-2-3"",""1-2-4"",""1-3-2"",""1-3-4"",""1-4-2"",""1-4-3"",""1-4-5"",""4-1-2""]"
競艇魂,07月09日（木）,17,1,"[""1-2-3"",""1-2-4"",""1-2-5"",""1-2-6"",""1-3-2"",""1-3-4"",""1-4-2"",""1-4-3""]"
競艇魂,07月09日（木）,14,1,"[""1-2-3"",""1-2-4"",""1-2-5"",""1-2-6"",""1-3-2"",""1-3-4"",""2-1-3"",""2-1-4""]"
競艇魂,07月08日（水）,06,6,"[""1-5-2"",""1-5-3"",""1-5-6"",""5-1-2"",""5-1-3"",""5-1-6"",""1-2-5"",""5-6-1""]"
競艇魂,07月08日（水）,13,1,"[""1-2-3"",""1-2-4"",""1-2-5"",""1-2-6"",""1-6-2"",""1-6-3"",""1-6-5"",""1-3-2""]"
競艇魂,07月08日（水）,24,4,"[""1-3-2"",""1-3-4"",""1-3-6"",""3-1-2"",""3-1-4"",""3-1-6"",""1-2-3"",""1-2-4""]"
競艇魂,07月08日（水）,01,6,"[""1-2-3"",""1-2-5"",""1-2-6"",""1-3-2"",""1-3-5"",""1-5-2"",""1-5-3"",""1-5-6""]"
競艇魂,07月07日（火）,16,8,"[""2-1-3"",""2-1-4"",""2-1-5"",""2-1-6"",""1-2-3"",""1-2-4"",""1-2-5"",""1-2-6""]"
競艇魂,07月07日（火）,13,1,"[""2-1-3"",""2-1-5"",""2-3-1"",""2-3-5"",""2-5-1"",""2-5-3"",""1-2-5"",""1-5-2""]"
競艇魂,07月07日（火）,13,1,"[""1-2-3"",""1-2-4"",""1-2-5"",""1-4-2"",""2-1-3"",""2-1-4"",""2-1-5"",""2-4-1""]"
競艇魂,07月07日（火）,07,6,"[""1-3-2"",""1-3-4"",""1-3-5"",""1-4-2"",""1-4-3"",""1-4-5"",""1-2-3"",""1-2-4""]"
競艇魂,07月06日（月）,04,5,"[""1-2-5"",""1-3-5"",""1-5-2"",""1-5-3"",""1-5-6"",""1-6-3"",""1-6-5"",""5-1-6""]"
競艇魂,07月06日（月）,13,1,"[""1-2-3"",""1-2-6"",""1-3-2"",""1-3-4"",""1-3-5"",""1-3-6"",""1-6-2"",""1-6-3""]"
競艇魂,07月06日（月）,16,1,"[""1-2-3"",""1-2-4"",""1-2-5"",""1-2-6"",""2-1-3"",""2-1-4"",""2-1-5"",""2-1-6""]"
競艇魂,07月06日（月）,06,1,"[""1-5-2"",""1-5-3"",""1-5-4"",""1-5-6"",""5-1-3"",""5-1-4"",""5-1-6"",""1-3-5""]"
競艇魂,07月05日（日）,17,7,"[""1-2-3"",""1-2-4"",""1-2-5"",""1-4-2"",""1-4-5"",""1-5-2"",""1-5-4"",""2-1-4""]"
競艇魂,07月05日（日）,17,9,"[""1-2-3"",""1-2-4"",""1-3-2"",""1-3-4"",""1-4-2"",""1-4-3"",""4-1-2"",""4-1-3""]"
競艇魂,07月05日（日）,08,1,"[""1-4-2"",""1-4-3"",""1-4-5"",""1-4-6"",""1-5-4"",""1-6-4"",""1-2-4"",""1-6-5""]"
競艇魂,07月05日（日）,24,4,"[""1-2-3"",""1-2-4"",""1-2-5"",""1-3-2"",""1-3-4"",""1-3-5"",""2-1-3"",""3-1-2""]"
競艇魂,07月05日（日）,06,1,"[""1-2-3"",""1-2-4"",""1-2-6"",""1-3-2"",""1-3-6"",""1-6-2"",""1-6-3"",""6-1-2""]"
競艇魂,07月04日（土）,18,1,"[""1-2-3"",""1-2-4"",""1-2-5"",""1-3-2"",""1-3-4"",""1-3-5"",""1-4-2"",""1-4-5""]"
競艇魂,07月04日（土）,06,8,"[""1-6-2"",""1-6-3"",""1-6-4"",""1-6-5"",""6-1-2"",""1-2-6"",""1-3-6"",""1-4-6""]"
競艇魂,07月04日（土）,04,8,"[""1-2-3"",""1-2-6"",""1-3-2"",""1-3-6"",""1-6-2"",""1-6-3"",""2-1-6"",""6-1-2""]"
競艇魂,07月04日（土）,09,1,"[""1-2-3"",""1-2-4"",""1-2-5"",""1-2-6"",""1-3-2"",""1-4-2"",""1-5-2"",""1-5-3""]"
競艇魂,07月03日（金）,14,4,"[""2-1-4"",""2-1-5"",""2-1-6"",""2-4-1"",""1-2-4"",""1-2-5"",""1-2-6"",""1-4-2""]"
競艇魂,07月03日（金）,18,1,"[""1-2-3"",""1-2-4"",""1-3-2"",""1-3-4"",""1-4-2"",""1-4-3"",""1-6-2"",""1-6-3""]"
競艇魂,07月03日（金）,17,1,"[""1-3-2"",""1-3-5"",""1-3-6"",""1-5-3"",""1-5-6"",""1-2-3"",""3-1-5"",""3-1-6""]"
競艇魂,07月03日（金）,09,1,"[""1-3-2"",""1-3-4"",""1-3-5"",""1-3-6"",""1-4-2"",""1-4-3"",""1-2-3"",""1-2-4""]"
競艇魂,07月02日（木）,17,1,"[""1-2-3"",""1-2-4"",""1-2-5"",""1-2-6"",""1-6-2"",""1-6-3"",""1-6-4"",""1-6-5""]"
競艇魂,07月02日（木）,24,5,"[""1-6-2"",""1-6-3"",""1-6-5"",""6-1-2"",""6-1-3"",""6-1-5"",""1-2-6"",""1-3-6""]"
競艇魂,07月02日（木）,17,7,"[""2-3-1"",""2-3-4"",""2-4-1"",""2-4-3"",""3-2-1"",""3-2-4"",""4-2-1"",""4-2-3""]"
競艇魂,07月02日（木）,21,1,"[""1-2-3"",""1-2-4"",""1-3-2"",""1-3-4"",""1-4-2"",""1-4-3"",""2-1-4"",""4-1-2""]"
競艇魂,07月01日（水）,13,9,"[""1-3-2"",""1-3-4"",""1-3-5"",""1-3-6"",""3-1-2"",""3-1-4"",""3-1-5"",""1-2-3""]"
競艇魂,07月01日（水）,12,1,"[""1-2-3"",""1-2-4"",""1-2-5"",""1-4-2"",""1-4-3"",""1-4-5"",""1-3-2"",""1-5-2""]"
競艇魂,07月01日（水）,01,3,"[""1-2-4"",""1-2-6"",""1-4-2"",""1-4-3"",""1-4-6"",""1-6-2"",""1-6-3"",""1-6-4""]"
競艇魂,07月01日（水）,12,5,"[""1-6-2"",""1-6-3"",""1-6-4"",""1-6-5"",""1-5-6"",""6-1-2"",""6-1-3"",""6-1-5""]"
競艇魂,06月30日（火）,13,8,"[""1-2-3"",""1-2-4"",""1-2-5"",""1-3-2"",""1-3-4"",""1-4-2"",""1-4-3"",""1-4-5""]"
競艇魂,06月30日（火）,08,9,"[""1-2-3"",""1-2-4"",""1-2-5"",""1-2-6"",""1-4-2"",""1-4-3"",""1-4-5"",""1-4-6""]"
競艇魂,06月30日（火）,05,1,"[""1-2-3"",""1-2-4"",""1-2-5"",""1-2-6"",""1-3-2"",""1-3-5"",""1-5-2"",""1-5-3""]"
競艇魂,06月30日（火）,24,6,"[""1-5-2"",""1-5-3"",""1-5-4"",""1-5-6"",""1-3-4"",""1-3-5"",""1-4-3"",""1-4-5""]"
競艇魂,06月29日（月）,13,1,"[""1-3-2"",""1-3-4"",""1-3-5"",""1-3-6"",""3-1-4"",""3-1-5"",""1-2-3"",""1-4-3""]"
競艇魂,06月29日（月）,05,1,"[""1-2-3"",""1-2-4"",""1-2-6"",""1-3-2"",""1-4-2"",""1-4-6"",""1-6-2"",""1-6-4""]"
競艇魂,06月29日（月）,09,8,"[""1-2-3"",""1-2-4"",""1-2-5"",""1-2-6"",""1-3-2"",""1-3-4"",""1-4-2"",""1-4-3""]"
競艇魂,06月29日（月）,23,1,"[""1-2-3"",""1-2-4"",""1-2-5"",""1-2-6"",""1-3-2"",""1-4-2"",""1-5-2"",""2-1-3""]"
競艇魂,06月28日（日）,13,8,"[""2-1-4"",""2-1-6"",""2-4-1"",""2-6-1"",""1-2-4"",""1-2-6"",""1-4-2"",""1-6-2""]"
競艇魂,06月28日（日）,06,7,"[""4-1-2"",""4-1-3"",""4-1-5"",""4-1-6"",""4-2-1"",""1-4-2"",""1-4-5"",""1-4-6""]"
競艇魂,06月27日（土）,02,6,"[""2-1-3"",""2-1-4"",""2-3-1"",""2-3-4"",""2-4-1"",""2-4-3"",""2-4-5"",""4-2-3""]"
競艇魂,06月27日（土）,10,1,"[""1-3-2"",""1-3-4"",""1-3-5"",""1-3-6"",""1-2-3"",""1-2-4"",""1-4-2"",""1-4-3""]"
競艇魂,06月27日（土）,06,9,"[""1-2-3"",""1-2-6"",""1-3-2"",""1-6-2"",""1-6-3"",""2-1-3"",""2-1-6"",""6-1-2""]"
競艇魂,06月27日（土）,06,1,"[""1-2-4"",""1-2-6"",""1-4-2"",""1-4-3"",""1-4-6"",""1-6-2"",""1-6-3"",""1-6-4""]"
競艇魂,06月26日（金）,23,1,"[""1-2-3"",""1-2-5"",""1-2-6"",""1-3-2"",""1-5-2"",""1-5-3"",""2-1-3"",""2-1-5""]"
競艇魂,06月26日（金）,14,6,"[""1-3-4"",""1-3-5"",""1-4-3"",""1-4-5"",""1-4-6"",""1-5-3"",""1-5-4"",""4-1-5""]"
競艇魂,06月25日（木）,11,9,"[""1-3-4"",""1-3-5"",""1-3-6"",""1-4-3"",""1-4-5"",""1-4-6"",""1-5-3"",""1-5-6""]"
競艇魂,06月25日（木）,10,1,"[""1-2-3"",""1-2-5"",""1-3-2"",""1-3-4"",""1-3-5"",""1-3-6"",""1-5-2"",""1-5-3""]"
競艇魂,06月25日（木）,09,1,"[""1-2-3"",""1-2-4"",""1-2-5"",""1-2-6"",""1-3-2"",""1-3-5"",""1-3-6"",""1-5-2""]"
競艇魂,06月25日（木）,15,7,"[""1-2-6"",""1-3-6"",""1-5-6"",""1-6-2"",""1-6-3"",""1-6-5"",""6-1-2"",""6-1-3""]"
競艇魂,06月24日（水）,04,6,"[""3-2-5"",""3-2-6"",""3-6-2"",""3-6-5"",""3-5-2"",""3-5-6"",""6-3-2"",""6-3-5""]"
競艇魂,06月24日（水）,16,9,"[""4-1-2"",""4-1-3"",""4-1-5"",""4-2-1"",""4-5-1"",""1-4-2"",""1-4-3"",""1-4-5""]"
競艇魂,06月24日（水）,14,8,"[""2-3-1"",""2-3-4"",""2-4-1"",""2-4-3"",""2-1-3"",""2-1-4"",""1-2-3"",""1-2-4""]"
競艇魂,06月24日（水）,20,5,"[""1-2-3"",""1-2-4"",""1-3-2"",""1-3-4"",""1-4-2"",""1-4-3"",""4-1-2"",""4-1-3""]"
競艇魂,06月23日（火）,21,1,"[""1-2-3"",""1-2-4"",""1-2-5"",""1-3-2"",""1-3-4"",""1-3-5"",""1-4-2"",""1-5-2""]"
競艇魂,06月23日（火）,06,8,"[""1-2-3"",""1-2-4"",""1-2-5"",""1-2-6"",""1-4-2"",""1-4-5"",""1-4-6"",""4-1-2""]"
競艇魂,06月23日（火）,06,1,"[""1-3-2"",""1-3-4"",""1-3-5"",""1-3-6"",""3-1-2"",""3-1-5"",""1-2-3"",""1-5-3""]"
競艇魂,06月23日（火）,20,5,"[""1-2-3"",""1-2-4"",""1-2-5"",""1-2-6"",""1-3-2"",""1-3-4"",""1-4-2"",""1-4-3""]"
競艇魂,06月22日（月）,21,1,"[""1-2-3"",""1-2-6"",""1-3-2"",""1-3-6"",""1-6-2"",""1-6-3"",""2-1-6"",""6-1-2""]"
競艇魂,06月22日（月）,02,1,"[""1-2-4"",""1-2-5"",""1-3-2"",""1-3-4"",""1-4-2"",""1-4-3"",""1-4-5"",""1-5-4""]"
競艇魂,06月22日（月）,06,1,"[""1-2-3"",""1-3-2"",""1-3-4"",""1-3-5"",""1-3-6"",""1-4-3"",""1-4-6"",""1-6-3""]"
競艇魂,06月22日（月）,12,5,"[""1-2-3"",""1-2-6"",""1-3-2"",""1-3-4"",""1-3-6"",""1-6-2"",""1-6-3"",""1-6-5""]"
競艇魂,06月21日（日）,21,1,"[""1-2-3"",""1-2-4"",""1-3-2"",""1-3-4"",""1-4-2"",""1-4-3"",""2-1-3"",""2-1-4""]"
競艇魂,06月21日（日）,13,1,"[""1-2-3"",""1-2-4"",""1-2-5"",""1-3-2"",""1-3-4"",""1-4-2"",""1-4-3"",""1-4-5""]"
競艇魂,06月20日（土）,10,1,"[""1-2-3"",""1-2-4"",""1-2-5"",""1-2-6"",""1-3-2"",""1-3-4"",""1-3-5"",""1-5-2""]"
競艇魂,06月20日（土）,09,1,"[""1-4-2"",""1-4-3"",""1-4-5"",""1-4-6"",""1-2-4"",""2-1-4"",""4-1-2"",""4-1-5""]"
競艇魂,06月20日（土）,24,3,"[""1-2-3"",""1-2-4"",""1-3-2"",""1-3-4"",""1-4-2"",""1-4-3"",""2-1-4"",""4-1-2""]"
競艇魂,06月20日（土）,24,5,"[""1-2-3"",""1-2-4"",""1-2-5"",""1-2-6"",""1-5-2"",""1-5-6"",""1-6-2"",""1-6-5""]"
競艇魂,06月19日（金）,14,4,"[""1-3-2"",""1-3-4"",""1-3-6"",""1-2-3"",""1-2-4"",""1-2-6"",""1-4-2"",""1-4-3""]"
競艇魂,06月19日（金）,03,8,"[""1-3-2"",""1-3-5"",""1-3-6"",""3-1-2"",""3-1-5"",""3-1-6"",""3-2-1"",""1-2-3""]"
競艇魂,06月19日（金）,03,1,"[""1-4-2"",""1-4-3"",""1-4-6"",""1-2-3"",""1-2-4"",""1-2-6"",""1-3-2"",""1-3-4""]"
競艇魂,06月19日（金）,19,5,"[""1-4-2"",""1-4-3"",""1-4-5"",""1-4-6"",""4-1-2"",""4-1-5"",""4-1-6"",""1-5-4""]"
競艇魂,06月18日（木）,17,8,"[""1-3-2"",""1-3-4"",""1-3-5"",""1-3-6"",""1-4-2"",""1-4-3"",""3-1-2"",""3-1-4""]"
競艇魂,06月18日（木）,09,1,"[""1-2-3"",""1-2-4"",""1-2-5"",""1-2-6"",""1-3-2"",""1-3-5"",""1-5-2"",""1-5-3""]"
競艇魂,06月18日（木）,24,4,"[""1-3-2"",""1-3-4"",""1-3-5"",""1-3-6"",""3-1-4"",""3-1-5"",""3-1-6"",""1-6-3""]"
競艇魂,06月18日（木）,12,5,"[""1-2-3"",""1-2-6"",""1-3-2"",""1-3-6"",""1-6-2"",""1-6-3"",""1-6-4"",""1-6-5""]"
競艇魂,06月17日（水）,17,7,"[""1-3-2"",""1-3-4"",""1-4-2"",""1-4-3"",""1-4-5"",""3-1-2"",""3-1-4"",""4-1-3""]"
競艇魂,06月17日（水）,17,9,"[""1-2-3"",""1-2-4"",""1-3-2"",""1-3-4"",""1-4-2"",""1-4-3"",""3-1-2"",""3-1-4""]"
競艇魂,06月17日（水）,13,1,"[""1-5-2"",""1-5-3"",""1-5-4"",""1-5-6"",""1-2-3"",""1-2-5"",""5-1-2"",""2-1-5""]"
競艇魂,06月17日（水）,19,5,"[""1-4-2"",""1-4-3"",""1-4-5"",""1-4-6"",""1-2-3"",""1-2-4"",""1-3-4"",""1-5-4""]"
競艇魂,06月16日（火）,10,1,"[""1-2-3"",""1-2-5"",""1-3-2"",""1-3-5"",""1-5-2"",""1-5-3"",""1-5-6"",""2-1-5""]"
競艇魂,06月16日（火）,19,1,"[""1-2-3"",""1-2-4"",""1-2-5"",""1-5-2"",""1-5-3"",""1-5-4"",""1-3-2"",""1-3-5""]"
競艇魂,06月16日（火）,09,1,"[""1-2-3"",""1-2-4"",""1-2-5"",""1-2-6"",""1-3-2"",""1-3-4"",""1-4-2"",""1-4-3""]"
競艇魂,06月16日（火）,20,5,"[""1-4-2"",""1-4-3"",""1-4-5"",""1-4-6"",""4-1-2"",""4-1-3"",""1-2-4"",""1-3-4""]"
競艇魂,06月15日（月）,11,7,"[""1-2-3"",""1-2-4"",""1-2-5"",""1-2-6"",""1-4-2"",""2-1-4"",""2-1-5"",""2-1-6""]"
競艇魂,06月15日（月）,17,9,"[""1-2-3"",""1-2-4"",""1-2-5"",""1-2-6"",""1-3-2"",""1-3-4"",""1-4-2"",""1-4-3""]"
競艇魂,06月15日（月）,16,1,"[""1-3-4"",""1-3-5"",""1-4-3"",""1-4-5"",""1-5-3"",""1-5-4"",""3-1-4"",""4-1-3""]"
競艇魂,06月15日（月）,04,1,"[""1-2-3"",""1-2-4"",""1-2-6"",""1-4-2"",""1-4-5"",""1-4-6"",""1-6-2"",""1-6-4""]"
競艇魂,06月14日（日）,06,6,"[""1-5-2"",""1-5-3"",""1-5-4"",""1-5-6"",""1-3-2"",""1-3-4"",""1-3-5"",""5-1-3""]"
競艇魂,06月14日（日）,06,7,"[""1-4-2"",""1-4-3"",""1-4-5"",""1-4-6"",""4-1-2"",""1-2-3"",""1-2-4"",""1-3-4""]"
競艇魂,06月14日（日）,22,8,"[""1-2-3"",""1-2-4"",""1-3-2"",""1-3-4"",""1-3-5"",""1-4-2"",""1-4-3"",""1-4-5""]"
競艇魂,06月14日（日）,22,1,"[""1-4-2"",""1-4-3"",""1-4-5"",""1-2-3"",""1-2-4"",""1-2-5"",""1-5-2"",""1-5-4""]"
競艇魂,06月14日（日）,17,1,"[""1-3-2"",""1-3-4"",""1-3-5"",""1-3-6"",""1-2-3"",""1-2-4"",""1-2-6"",""1-6-3""]"
競艇魂,06月13日（土）,02,8,"[""1-3-4"",""1-3-5"",""1-3-6"",""3-1-4"",""3-1-5"",""3-1-6"",""3-5-1"",""3-6-1""]"
競艇魂,06月13日（土）,21,1,"[""1-2-3"",""1-2-4"",""1-3-2"",""1-3-4"",""1-4-2"",""1-4-3"",""2-1-3"",""3-1-2""]"
競艇魂,06月13日（土）,22,9,"[""2-1-3"",""2-1-4"",""2-1-5"",""2-1-6"",""2-5-1"",""1-2-3"",""1-2-5"",""1-2-6""]"
競艇魂,06月13日（土）,20,6,"[""4-2-1"",""4-2-5"",""4-1-2"",""4-1-5"",""1-4-2"",""1-4-5"",""2-4-1"",""2-4-5""]"
競艇魂,06月12日（金）,11,8,"[""1-3-4"",""1-3-5"",""1-4-3"",""1-4-5"",""1-5-2"",""1-5-3"",""1-5-4"",""1-5-6""]"
競艇魂,06月12日（金）,22,7,"[""1-2-3"",""1-2-4"",""1-3-2"",""1-3-4"",""1-4-2"",""1-4-3"",""1-4-5"",""1-4-6""]"
競艇魂,06月12日（金）,22,8,"[""1-3-2"",""1-3-4"",""1-3-5"",""1-3-6"",""1-2-3"",""1-2-4"",""1-4-2"",""1-4-3""]"
競艇魂,06月12日（金）,15,6,"[""1-2-3"",""1-2-4"",""1-3-2"",""1-3-4"",""1-3-5"",""1-4-2"",""1-4-3"",""1-4-5""]"
競艇魂,06月11日（木）,10,1,"[""1-2-3"",""1-2-4"",""1-2-5"",""1-2-6"",""1-3-2"",""1-3-4"",""1-4-2"",""1-4-3""]"
競艇魂,06月11日（木）,22,7,"[""1-2-3"",""1-2-5"",""1-3-2"",""1-3-5"",""1-5-2"",""1-5-3"",""5-1-2"",""5-1-3""]"
競艇魂,06月11日（木）,19,1,"[""1-4-2"",""1-4-3"",""1-4-5"",""1-4-6"",""4-1-2"",""4-1-3"",""4-1-5"",""4-1-6""]"
競艇魂,06月11日（木）,15,6,"[""1-2-3"",""1-3-2"",""1-3-4"",""1-3-5"",""1-4-2"",""1-4-3"",""1-4-5"",""4-1-3""]"
競艇魂,06月10日（水）,05,9,"[""1-2-3"",""1-2-4"",""1-2-6"",""1-4-2"",""1-4-3"",""1-4-6"",""1-3-2"",""1-3-4""]"
競艇魂,06月10日（水）,14,1,"[""1-2-3"",""1-2-4"",""1-3-2"",""2-1-3"",""2-1-4"",""2-3-1"",""3-1-2"",""3-2-1""]"
競艇魂,06月10日（水）,05,1,"[""1-2-3"",""1-2-6"",""1-3-2"",""1-3-6"",""2-1-3"",""2-3-1"",""3-1-2"",""3-2-1""]"
競艇魂,06月10日（水）,12,4,"[""2-5-1"",""2-5-3"",""2-5-6"",""2-1-5"",""5-2-3"",""5-2-6"",""1-2-5"",""1-5-2""]"
競艇魂,06月09日（火）,21,1,"[""1-2-3"",""1-2-4"",""1-2-5"",""1-2-6"",""1-3-2"",""1-3-5"",""1-5-2"",""1-5-3""]"
競艇魂,06月09日（火）,19,1,"[""1-2-4"",""1-4-2"",""1-4-3"",""1-4-5"",""1-4-6"",""1-5-4"",""1-5-6"",""1-6-4""]"
競艇魂,06月09日（火）,05,1,"[""1-2-3"",""1-2-6"",""1-3-2"",""1-3-6"",""1-6-2"",""1-6-3"",""1-6-4"",""1-6-5""]"
競艇魂,06月09日（火）,01,5,"[""1-2-3"",""1-2-4"",""1-3-2"",""1-3-4"",""1-4-2"",""1-4-3"",""2-1-3"",""3-1-2""]"
競艇魂,06月08日（月）,17,7,"[""1-2-3"",""1-2-4"",""1-3-2"",""1-3-4"",""1-3-6"",""1-4-2"",""1-4-3"",""1-4-6""]"
競艇魂,06月08日（月）,19,1,"[""1-2-3"",""1-2-4"",""1-4-2"",""1-4-3"",""1-4-5"",""1-4-6"",""2-1-4"",""4-1-2""]"
競艇魂,06月08日（月）,17,1,"[""1-2-3"",""1-2-4"",""1-2-5"",""1-2-6"",""1-3-2"",""1-3-4"",""1-4-2"",""1-4-3""]"
競艇魂,06月08日（月）,19,5,"[""1-3-4"",""1-3-5"",""1-4-3"",""1-4-5"",""1-5-3"",""1-5-4"",""3-1-4"",""3-1-5""]"
競艇魂,06月07日（日）,21,1,"[""1-2-3"",""1-2-4"",""1-2-6"",""2-1-3"",""2-1-4"",""2-1-6"",""1-3-2"",""1-6-2""]"
競艇魂,06月07日（日）,21,1,"[""1-2-3"",""1-2-4"",""1-2-5"",""1-2-6"",""1-5-2"",""1-5-6"",""1-6-2"",""1-6-5""]"
競艇魂,06月07日（日）,03,1,"[""1-2-3"",""1-2-4"",""1-2-5"",""1-2-6"",""1-3-2"",""1-3-4"",""1-4-2"",""1-4-3""]"
競艇魂,06月07日（日）,16,1,"[""1-2-3"",""1-2-4"",""1-2-6"",""1-3-2"",""1-3-4"",""1-3-6"",""1-4-2"",""1-4-3""]"
競艇魂,06月06日（土）,22,5,"[""1-4-2"",""1-4-3"",""1-4-5"",""1-4-6"",""1-2-3"",""1-2-4"",""1-5-4"",""4-1-2""]"
競艇魂,06月06日（土）,17,9,"[""1-3-2"",""1-3-4"",""1-3-5"",""1-2-3"",""3-1-2"",""3-1-4"",""3-1-5"",""3-2-1""]"
競艇魂,06月06日（土）,16,1,"[""1-2-3"",""1-2-4"",""1-2-5"",""1-4-2"",""1-4-3"",""1-4-5"",""1-4-6"",""1-3-4""]"
競艇魂,06月06日（土）,19,6,"[""1-2-4"",""1-2-6"",""1-4-2"",""1-4-6"",""1-6-2"",""1-6-4"",""4-1-6"",""6-1-4""]"
競艇魂,06月05日（金）,09,8,"[""2-3-1"",""2-3-4"",""2-3-5"",""2-3-6"",""2-1-3"",""2-5-3"",""2-6-3"",""1-2-3""]"
競艇魂,06月05日（金）,18,1,"[""1-2-3"",""1-2-4"",""1-3-2"",""1-3-4"",""1-3-5"",""1-4-2"",""1-4-3"",""1-4-5""]"
競艇魂,06月05日（金）,22,1,"[""1-2-3"",""1-2-4"",""1-2-5"",""1-3-2"",""1-3-4"",""1-3-5"",""1-5-2"",""1-5-3""]"
競艇魂,06月05日（金）,22,1,"[""1-3-4"",""1-3-5"",""1-3-6"",""1-5-3"",""1-5-6"",""1-6-3"",""1-6-5"",""1-4-3""]"
競艇魂,06月04日（木）,16,1,"[""1-3-2"",""1-3-4"",""1-3-5"",""1-3-6"",""1-4-2"",""1-4-3"",""1-4-5"",""1-2-3""]"
競艇魂,06月04日（木）,17,1,"[""1-2-5"",""1-2-6"",""1-5-2"",""1-5-6"",""1-6-2"",""1-6-3"",""5-1-2"",""5-1-6""]"
競艇魂,06月04日（木）,03,7,"[""1-2-3"",""1-2-4"",""1-2-5"",""1-3-2"",""1-3-4"",""1-4-2"",""1-4-3"",""1-4-5""]"
競艇魂,06月04日（木）,17,9,"[""1-3-2"",""1-3-4"",""1-3-6"",""1-2-3"",""1-4-3"",""1-6-3"",""3-1-4"",""3-1-6""]"
競艇魂,06月03日（水）,21,1,"[""1-2-3"",""1-2-4"",""1-2-5"",""1-2-6"",""2-1-3"",""2-1-4"",""1-3-2"",""1-4-2""]"
競艇魂,06月03日（水）,05,9,"[""1-3-2"",""1-3-4"",""1-3-6"",""1-4-2"",""1-4-3"",""1-4-6"",""1-2-3"",""1-2-4""]"
競艇魂,06月03日（水）,22,8,"[""1-2-3"",""1-2-4"",""1-2-5"",""1-5-2"",""1-5-3"",""1-5-4"",""2-1-5"",""5-1-2""]"
競艇魂,06月03日（水）,01,5,"[""1-3-4"",""1-3-5"",""1-4-3"",""1-4-5"",""1-5-3"",""1-5-4"",""4-1-5"",""5-1-4""]"
競艇魂,06月02日（火）,10,1,"[""1-2-3"",""1-2-5"",""1-2-6"",""1-3-2"",""1-3-5"",""1-3-6"",""2-1-3"",""3-1-2""]"
競艇魂,06月02日（火）,02,1,"[""1-3-2"",""1-3-4"",""1-3-5"",""1-3-6"",""1-2-3"",""1-2-4"",""1-4-2"",""1-4-3""]"
競艇魂,06月01日（月）,01,4,"[""1-3-2"",""1-3-4"",""1-3-5"",""1-5-2"",""1-5-3"",""1-2-3"",""3-1-2"",""3-1-5""]"
競艇魂,06月01日（月）,01,5,"[""1-2-3"",""1-2-5"",""1-3-2"",""1-3-4"",""1-3-5"",""1-5-2"",""1-5-3"",""3-1-2""]"
競艇魂,06月01日（月）,09,8,"[""1-2-3"",""1-2-4"",""1-3-2"",""1-3-4"",""1-4-2"",""1-4-3"",""4-1-2"",""4-1-3""]"
競艇魂,06月01日（月）,02,9,"[""1-2-3"",""1-2-5"",""1-3-2"",""1-3-5"",""1-5-2"",""1-5-3"",""3-1-2"",""3-1-5""]"
競艇魂,05月31日（日）,21,1,"[""1-2-3"",""1-2-4"",""1-2-5"",""1-2-6"",""1-4-2"",""1-4-6"",""1-3-2"",""1-3-4""]"
競艇魂,05月31日（日）,14,6,"[""2-1-3"",""2-1-4"",""2-3-1"",""2-3-4"",""2-4-1"",""2-4-3"",""1-2-3"",""1-2-4""]"
競艇魂,05月31日（日）,02,1,"[""1-3-4"",""1-3-5"",""1-3-6"",""1-4-3"",""1-4-5"",""1-4-6"",""1-2-3"",""1-2-4""]"
競艇魂,05月31日（日）,09,1,"[""1-3-2"",""1-3-4"",""1-3-5"",""1-3-6"",""1-4-2"",""1-4-3"",""1-4-5"",""1-4-6""]"
競艇魂,05月30日（土）,02,7,"[""1-2-3"",""1-2-6"",""1-3-2"",""1-3-6"",""1-3-5"",""1-6-2"",""1-6-3"",""1-6-5""]"
競艇魂,05月30日（土）,21,1,"[""1-2-3"",""1-2-4"",""1-2-5"",""1-2-6"",""1-3-2"",""1-4-2"",""1-5-2"",""1-6-2""]"
競艇魂,05月30日（土）,06,9,"[""1-2-3"",""1-2-4"",""1-2-5"",""1-5-2"",""1-5-4"",""1-5-6"",""2-1-5"",""5-1-2""]"
競艇魂,05月30日（土）,16,1,"[""1-3-2"",""1-3-4"",""1-3-5"",""1-2-3"",""1-2-4"",""1-2-5"",""1-5-2"",""1-5-3""]"
競艇魂,05月29日（金）,08,1,"[""1-2-3"",""1-2-5"",""3-2-"",""1-3-5"",""1-5-2"",""1-5-3"",""3-1-2"",""3-1-5""]"
競艇魂,05月29日（金）,16,1,"[""1-2-3"",""1-2-4"",""1-2-5"",""1-4-2"",""1-4-5"",""1-5-2"",""1-5-3"",""1-5-4""]"
競艇魂,05月29日（金）,10,1,"[""1-2-3"",""1-2-4"",""1-2-5"",""1-2-6"",""1-3-2"",""1-5-2"",""2-1-3"",""2-1-5""]"
競艇魂,05月29日（金）,16,9,"[""1-4-2"",""1-4-3"",""1-4-5"",""1-5-2"",""1-5-3"",""1-5-4"",""1-3-4"",""1-3-5""]"
競艇魂,05月28日（木）,18,1,"[""1-3-2"",""1-3-4"",""1-3-5"",""1-3-6"",""1-6-2"",""1-6-3"",""1-6-5"",""1-2-3""]"
競艇魂,05月28日（木）,16,9,"[""1-4-2"",""1-4-3"",""1-4-5"",""1-2-3"",""1-2-4"",""1-3-4"",""4-1-2"",""4-1-3""]"
競艇魂,05月28日（木）,22,1,"[""1-2-3"",""1-2-4"",""1-4-2"",""1-4-3"",""1-4-5"",""1-4-6"",""4-1-2"",""4-1-3""]"
競艇魂,05月28日（木）,01,7,"[""1-2-3"",""1-2-4"",""1-2-5"",""1-2-6"",""1-3-2"",""1-3-4"",""1-4-2"",""2-1-3""]"
競艇魂,05月27日（水）,06,7,"[""1-4-2"",""1-4-3"",""1-4-5"",""1-4-6"",""1-2-3"",""1-2-4"",""1-3-2"",""1-3-4""]"
競艇魂,05月27日（水）,16,1,"[""1-6-2"",""1-6-3"",""1-6-4"",""1-2-3"",""1-2-4"",""1-2-6"",""1-3-6"",""6-1-2""]"
競艇魂,05月27日（水）,16,1,"[""1-2-3"",""1-2-4"",""1-2-5"",""1-2-6"",""1-3-2"",""1-3-4"",""1-3-5"",""1-5-2""]"
競艇魂,05月27日（水）,22,1,"[""1-2-3"",""1-2-4"",""1-2-5"",""1-3-2"",""1-3-4"",""1-3-5"",""2-1-3"",""3-1-2""]"
競艇魂,05月26日（火）,18,1,"[""3-1-2"",""3-1-6"",""3-2-1"",""3-2-6"",""3-6-1"",""1-3-2"",""1-3-6"",""1-2-3""]"
競艇魂,05月26日（火）,22,8,"[""1-2-3"",""1-2-4"",""1-2-5"",""1-3-2"",""1-3-4"",""1-3-5"",""1-4-2"",""1-4-5""]"
競艇魂,05月26日（火）,06,1,"[""2-1-3"",""2-1-4"",""2-1-6"",""2-4-1"",""1-2-3"",""1-2-4"",""1-2-6"",""4-2-1""]"
競艇魂,05月26日（火）,17,1,"[""1-3-2"",""1-3-4"",""1-3-6"",""3-1-2"",""3-1-4"",""3-1-6"",""1-2-3"",""3-2-1""]"
競艇魂,05月25日（月）,08,7,"[""1-2-3"",""1-2-4"",""1-2-5"",""1-2-6"",""2-1-3"",""2-1-4"",""2-1-6"",""1-3-2""]"
競艇魂,05月25日（月）,06,8,"[""1-4-2"",""1-4-3"",""1-4-5"",""1-4-6"",""1-2-3"",""1-2-4"",""1-3-4"",""1-3-6""]"
競艇魂,05月25日（月）,19,2,"[""1-3-2"",""1-3-5"",""1-3-4"",""1-5-2"",""1-5-3"",""1-5-4"",""1-4-3"",""1-4-5""]"
競艇魂,05月25日（月）,22,1,"[""1-2-3"",""1-2-4"",""1-2-6"",""1-6-2"",""1-6-3"",""1-6-4"",""1-6-5"",""6-1-2""]"
競艇魂,05月24日（日）,08,7,"[""1-3-2"",""1-3-4"",""1-3-5"",""1-3-6"",""3-1-2"",""3-1-4"",""3-1-5"",""3-4-1""]"
競艇魂,05月24日（日）,23,1,"[""1-2-4"",""1-2-5"",""1-4-2"",""1-4-3"",""1-4-5"",""1-4-6"",""2-1-4"",""4-1-2""]"
競艇魂,05月24日（日）,08,9,"[""1-2-3"",""1-2-4"",""1-2-5"",""1-2-6"",""1-5-2"",""1-5-3"",""1-6-2"",""1-6-5""]"
競艇魂,05月24日（日）,22,9,"[""1-3-2"",""1-3-4"",""1-3-5"",""1-3-6"",""1-2-3"",""1-2-4"",""1-4-2"",""1-4-3""]"
競艇魂,05月24日（日）,19,4,"[""1-3-4"",""1-3-6"",""1-4-3"",""1-4-6"",""1-6-2"",""1-6-3"",""1-6-4"",""1-2-6""]"
競艇魂,05月23日（土）,08,7,"[""1-3-2"",""1-3-4"",""1-3-5"",""1-3-6"",""1-2-3"",""1-6-3"",""3-1-2"",""3-1-6""]"
競艇魂,05月23日（土）,08,9,"[""1-2-3"",""1-2-4"",""1-2-6"",""1-3-2"",""1-3-4"",""1-3-6"",""1-6-3"",""3-1-6""]"
競艇魂,05月23日（土）,06,1,"[""1-5-2"",""1-5-3"",""1-5-6"",""1-2-3"",""1-2-5"",""1-2-6"",""1-6-2"",""1-6-5""]"
競艇魂,05月23日（土）,22,1,"[""1-2-4"",""1-2-5"",""1-2-6"",""1-4-2"",""1-6-2"",""2-1-4"",""2-1-5"",""2-1-6""]"
競艇魂,05月22日（金）,02,7,"[""1-3-4"",""1-3-5"",""1-3-6"",""1-4-3"",""1-4-5"",""1-4-6"",""1-6-3"",""1-6-4""]"
競艇魂,05月22日（金）,11,9,"[""1-5-2"",""1-5-3"",""1-5-4"",""1-5-6"",""1-2-3"",""1-2-5"",""1-4-5"",""1-6-5""]"
競艇魂,05月22日（金）,08,1,"[""1-4-6"",""1-6-4"",""1-4-2"",""1-4-3"",""1-4-5"",""1-2-4"",""1-3-4"",""1-5-4""]"
競艇魂,05月22日（金）,16,1,"[""1-3-2"",""1-3-4"",""1-3-5"",""1-3-6"",""1-2-3"",""3-1-2"",""1-2-4"",""2-1-3""]"
競艇魂,05月21日（木）,21,1,"[""1-2-3"",""1-2-4"",""1-2-5"",""1-2-6"",""1-4-2"",""1-4-5"",""1-5-2"",""1-5-4""]"
競艇魂,05月21日（木）,16,9,"[""1-4-2"",""1-4-3"",""1-4-5"",""1-4-6"",""1-2-3"",""1-2-4"",""1-3-4"",""1-5-4""]"
競艇魂,05月21日（木）,19,1,"[""1-3-2"",""1-3-4"",""1-3-5"",""1-3-6"",""1-2-3"",""1-4-3"",""1-4-5"",""1-5-3""]"
競艇魂,05月21日（木）,16,1,"[""1-2-3"",""1-2-4"",""1-2-5"",""1-3-2"",""1-3-4"",""1-3-5"",""1-4-2"",""1-5-2""]"
競艇魂,05月20日（水）,23,1,"[""1-2-3"",""1-2-4"",""1-2-6"",""1-4-2"",""2-1-3"",""2-1-4"",""2-1-5"",""2-4-1""]"
競艇魂,05月20日（水）,03,9,"[""1-2-3"",""1-2-5"",""1-3-2"",""1-3-4"",""1-3-5"",""1-5-3"",""3-1-2"",""3-1-5""]"
競艇魂,05月20日（水）,12,3,"[""1-2-3"",""1-2-4"",""1-2-5"",""1-3-2"",""1-3-4"",""1-4-2"",""2-1-3"",""3-1-2""]"
競艇魂,05月20日（水）,12,6,"[""1-3-4"",""1-3-5"",""1-4-3"",""1-4-5"",""1-5-3"",""1-5-4"",""4-1-3"",""4-1-5""]"
競艇魂,05月19日（火）,03,7,"[""3-1-2"",""3-1-6"",""3-2-1"",""3-2-6"",""1-3-2"",""1-3-6"",""2-3-1"",""2-3-6""]"
競艇魂,05月19日（火）,21,1,"[""1-4-2"",""1-4-3"",""1-4-5"",""1-4-6"",""1-2-4"",""1-3-4"",""1-5-4"",""4-1-5""]"
競艇魂,05月19日（火）,11,1,"[""1-3-2"",""1-3-4"",""1-3-6"",""1-4-2"",""1-4-3"",""1-4-6"",""1-2-3"",""1-2-4""]"
競艇魂,05月19日（火）,04,8,"[""3-1-4"",""3-1-6"",""3-4-1"",""3-4-6"",""3-6-1"",""3-6-4"",""1-3-4"",""1-3-6""]"
競艇魂,05月18日（月）,17,7,"[""1-2-6"",""1-5-6"",""1-6-2"",""1-6-3"",""1-6-4"",""1-6-5"",""6-1-2"",""6-1-5""]"
競艇魂,05月18日（月）,16,9,"[""1-4-2"",""1-4-5"",""1-2-4"",""1-2-5"",""1-5-2"",""1-5-4"",""4-1-2"",""4-1-5""]"
競艇魂,05月18日（月）,03,1,"[""1-2-3"",""1-2-6"",""1-3-2"",""1-3-6"",""1-6-2"",""1-6-3"",""2-1-3"",""2-1-6""]"
競艇魂,05月18日（月）,12,4,"[""1-3-2"",""1-3-4"",""1-3-5"",""1-3-6"",""1-6-2"",""1-6-3"",""1-6-5"",""1-2-3""]"
競艇魂,05月17日（日）,14,7,"[""1-2-3"",""1-2-4"",""1-2-5"",""1-3-2"",""1-3-4"",""1-3-5"",""1-4-2"",""1-4-3""]"
競艇魂,05月17日（日）,03,7,"[""1-2-5"",""1-2-6"",""1-6-2"",""1-6-5"",""1-5-6"",""2-1-6"",""2-6-1"",""6-1-2""]"
競艇魂,05月17日（日）,12,5,"[""1-2-5"",""1-5-2"",""1-5-4"",""1-5-6"",""1-6-2"",""1-6-4"",""1-6-5"",""5-1-6""]"
競艇魂,05月17日（日）,17,1,"[""1-2-3"",""1-2-4"",""1-2-5"",""1-2-6"",""1-3-2"",""1-3-4"",""2-1-3"",""2-1-4""]"
競艇魂,05月16日（土）,17,7,"[""1-4-2"",""1-4-3"",""1-4-5"",""1-5-2"",""1-5-3"",""1-5-4"",""1-2-4"",""4-1-5""]"
競艇魂,05月16日（土）,17,9,"[""1-2-3"",""1-2-4"",""1-2-5"",""1-3-2"",""1-3-4"",""1-4-2"",""1-4-3"",""1-5-2""]"
競艇魂,05月16日（土）,22,8,"[""1-2-3"",""1-2-4"",""1-2-5"",""1-3-2"",""1-3-4"",""1-3-5"",""1-5-2"",""1-5-3""]"
競艇魂,05月16日（土）,24,5,"[""1-2-3"",""1-2-5"",""1-3-2"",""1-3-4"",""1-3-5"",""1-3-6"",""1-5-2"",""1-5-3""]"
競艇魂,05月15日（金）,10,1,"[""1-3-5"",""1-3-6"",""1-5-3"",""1-5-6"",""3-1-5"",""3-1-6"",""5-1-3"",""5-1-6""]"
競艇魂,05月15日（金）,17,7,"[""1-2-3"",""1-2-5"",""1-3-2"",""1-3-5"",""1-5-2"",""1-5-3"",""5-1-2"",""5-1-3""]"
競艇魂,05月15日（金）,14,1,"[""1-5-2"",""1-5-3"",""1-5-4"",""1-5-6"",""1-2-3"",""1-2-5"",""1-3-5"",""5-1-2""]"
競艇魂,05月15日（金）,17,1,"[""1-4-2"",""1-4-3"",""1-4-5"",""1-4-6"",""1-2-4"",""1-3-4"",""4-1-2"",""4-1-3""]"
競艇魂,05月14日（木）,21,7,"[""1-2-3"",""1-2-4"",""1-2-5"",""1-3-2"",""1-3-4"",""1-3-5"",""1-4-3"",""1-4-5""]"
競艇魂,05月14日（木）,17,9,"[""1-2-3"",""1-2-5"",""1-3-2"",""1-3-5"",""1-3-6"",""1-5-2"",""1-5-3"",""1-5-6""]"
競艇魂,05月14日（木）,17,1,"[""1-2-3"",""1-2-5"",""1-3-2"",""1-3-4"",""1-3-5"",""1-3-6"",""3-1-2"",""3-1-5""]"
競艇魂,05月14日（木）,17,1,"[""1-2-3"",""1-2-4"",""1-2-5"",""1-4-2"",""1-4-5"",""1-5-2"",""2-1-4"",""2-1-5""]"
競艇魂,05月13日（水）,21,9,"[""2-1-3"",""2-1-4"",""2-1-6"",""2-3-1"",""2-3-4"",""2-3-6"",""2-4-1"",""2-4-6""]"
競艇魂,05月13日（水）,09,9,"[""1-2-3"",""1-2-4"",""1-2-5"",""1-2-6"",""1-3-2"",""1-3-5"",""1-5-2"",""2-1-3""]"
競艇魂,05月13日（水）,17,1,"[""1-2-3"",""1-2-4"",""1-2-5"",""1-4-2"",""1-4-3"",""1-4-5"",""1-5-2"",""1-5-4""]"
競艇魂,05月13日（水）,11,1,"[""1-4-2"",""1-4-3"",""1-4-5"",""1-2-3"",""1-2-4"",""1-2-5"",""1-3-2"",""1-3-4""]"
競艇魂,05月12日（火）,05,7,"[""1-2-3"",""1-2-6"",""1-3-2"",""1-3-6"",""1-6-2"",""1-6-3"",""2-1-3"",""2-1-6""]"
競艇魂,05月12日（火）,05,9,"[""1-2-3"",""1-2-4"",""1-2-5"",""1-2-6"",""2-1-3"",""2-1-4"",""2-1-6"",""1-6-2""]"
競艇魂,05月12日（火）,22,8,"[""1-2-3"",""1-2-4"",""1-2-5"",""1-2-6"",""1-3-2"",""1-3-6"",""1-6-2"",""1-6-3""]"
競艇魂,05月12日（火）,09,1,"[""1-2-3"",""1-2-6"",""1-3-2"",""1-3-6"",""1-6-2"",""1-6-3"",""2-1-3"",""3-1-2""]"
競艇魂,05月11日（月）,10,1,"[""1-2-3"",""1-2-4"",""1-2-5"",""1-2-6"",""1-3-2"",""1-3-4"",""2-1-3"",""3-1-2""]"
競艇魂,05月11日（月）,05,9,"[""1-3-4"",""1-3-2"",""1-3-5"",""1-3-6"",""1-2-3"",""1-5-3"",""3-1-2"",""3-1-5""]"
競艇魂,05月11日（月）,09,1,"[""1-2-3"",""1-2-4"",""1-2-5"",""1-2-6"",""1-3-2"",""1-4-2"",""1-5-2"",""1-5-3""]"
競艇魂,05月11日（月）,06,1,"[""1-2-3"",""1-2-5"",""1-2-6"",""1-6-2"",""1-6-3"",""1-6-5"",""2-1-6"",""6-1-2""]"
競艇魂,05月10日（日）,02,7,"[""1-2-3"",""1-2-4"",""1-2-5"",""1-2-6"",""1-3-2"",""1-3-4"",""1-4-2"",""1-5-2""]"
競艇魂,05月10日（日）,24,1,"[""1-2-3"",""1-2-4"",""1-2-5"",""1-4-2"",""1-4-3"",""1-4-5"",""1-3-2"",""1-3-4""]"
競艇魂,05月10日（日）,02,1,"[""1-2-3"",""1-3-2"",""1-3-4"",""1-3-5"",""1-3-6"",""3-1-2"",""3-1-4"",""3-1-5""]"
競艇魂,05月10日（日）,05,1,"[""1-2-3"",""1-2-4"",""1-3-2"",""1-3-4"",""1-4-2"",""1-4-3"",""1-4-5"",""1-4-6""]"
競艇魂,05月09日（土）,05,9,"[""1-2-3"",""1-2-4"",""1-3-2"",""1-3-4"",""1-3-5"",""1-3-6"",""1-4-2"",""1-4-3""]"
競艇魂,05月09日（土）,16,7,"[""1-2-4"",""1-4-2"",""1-4-3"",""1-4-5"",""1-4-6"",""4-1-2"",""4-1-5"",""4-1-6""]"
競艇魂,05月08日（金）,23,1,"[""1-2-3"",""1-2-4"",""1-2-5"",""1-2-6"",""1-3-2"",""1-3-4"",""1-4-2"",""1-4-3""]"
競艇魂,05月08日（金）,04,6,"[""2-3-4"",""2-3-6"",""2-4-3"",""2-4-6"",""2-6-3"",""2-6-4"",""6-2-3"",""6-2-4""]"
競艇魂,05月08日（金）,16,1,"[""1-5-2"",""1-5-3"",""1-5-4"",""1-5-6"",""5-1-3"",""5-1-4"",""5-1-6"",""1-3-5""]"
競艇魂,05月08日（金）,16,1,"[""1-3-2"",""1-3-4"",""1-4-2"",""1-4-3"",""1-4-5"",""1-2-3"",""1-2-4"",""3-1-4""]"
競艇魂,05月07日（木）,03,7,"[""1-2-3"",""1-2-6"",""1-3-2"",""1-3-6"",""1-6-2"",""1-6-3"",""2-1-3"",""3-1-2""]"
競艇魂,05月07日（木）,03,9,"[""1-2-3"",""1-2-4"",""1-2-5"",""1-2-6"",""1-3-2"",""1-4-2"",""1-5-2"",""1-6-2""]"
競艇魂,05月07日（木）,16,1,"[""1-4-3"",""1-4-5"",""1-4-6"",""1-5-3"",""1-5-4"",""1-5-6"",""4-1-5"",""5-1-4""]"
競艇魂,05月07日（木）,24,5,"[""1-6-2"",""1-6-3"",""1-6-4"",""1-6-5"",""6-1-2"",""6-1-3"",""1-2-6"",""1-3-6""]"
競艇魂,05月06日（水）,23,1,"[""1-2-3"",""1-2-4"",""1-2-5"",""1-2-6"",""1-3-2"",""1-3-5"",""1-5-2"",""1-5-3""]"
競艇魂,05月06日（水）,14,4,"[""1-5-2"",""1-5-3"",""1-5-4"",""1-5-6"",""1-2-5"",""1-4-5"",""5-1-2"",""5-1-4""]"
競艇魂,05月06日（水）,12,3,"[""1-2-3"",""1-2-4"",""1-2-5"",""1-2-6"",""1-3-2"",""1-3-4"",""1-4-2"",""1-4-5""]"
競艇魂,05月06日（水）,22,8,"[""1-3-2"",""1-3-4"",""1-3-5"",""1-3-6"",""1-4-3"",""3-1-2"",""3-1-4"",""3-1-5""]"
競艇魂,05月05日（火）,22,5,"[""1-3-2"",""1-3-4"",""1-3-6"",""3-1-2"",""3-1-4"",""3-1-6"",""1-2-3"",""1-6-3""]"
競艇魂,05月05日（火）,04,7,"[""1-3-4"",""1-3-5"",""1-4-3"",""1-4-5"",""1-5-2"",""1-5-3"",""1-5-4"",""5-1-3""]"
競艇魂,05月05日（火）,03,1,"[""1-2-3"",""1-2-4"",""1-2-5"",""1-2-6"",""2-1-3"",""2-1-4"",""1-3-2"",""1-5-2""]"
競艇魂,05月05日（火）,07,5,"[""1-2-3"",""1-2-4"",""1-2-5"",""1-3-2"",""1-5-2"",""2-1-3"",""2-1-5"",""5-1-2""]"
競艇魂,05月04日（月）,21,1,"[""3-1-2"",""3-1-4"",""3-1-5"",""3-5-1"",""1-3-2"",""1-3-4"",""1-3-5"",""1-2-3""]"
競艇魂,05月04日（月）,06,7,"[""1-4-2"",""1-4-3"",""1-4-6"",""1-2-3"",""1-2-4"",""1-2-6"",""1-3-4"",""1-6-4""]"
競艇魂,05月04日（月）,12,2,"[""2-3-1"",""2-3-4"",""2-3-5"",""2-3-6"",""2-5-3"",""2-6-3"",""3-2-5"",""3-2-6""]"
競艇魂,05月04日（月）,09,1,"[""1-2-3"",""1-2-4"",""1-2-5"",""1-3-2"",""1-3-4"",""1-4-2"",""1-4-3"",""1-4-5""]"
競艇魂,05月03日（日）,13,1,"[""1-2-4"",""1-2-5"",""1-4-2"",""1-4-5"",""1-5-2"",""1-5-4"",""4-1-2"",""4-1-5""]"
競艇魂,05月03日（日）,05,7,"[""1-3-2"",""1-3-4"",""1-3-5"",""1-3-6"",""1-6-3"",""3-1-4"",""3-1-5"",""3-1-6""]"
競艇魂,05月03日（日）,06,1,"[""1-5-2"",""1-5-3"",""1-5-4"",""1-5-6"",""5-1-2"",""5-1-4"",""5-1-6"",""1-4-5""]"
競艇魂,05月03日（日）,09,1,"[""1-2-3"",""1-2-6"",""1-3-2"",""1-3-4"",""1-3-6"",""1-6-2"",""1-6-3"",""1-4-6""]"
競艇魂,05月02日（土）,05,9,"[""1-2-3"",""1-2-4"",""1-2-5"",""1-2-6"",""1-3-2"",""1-3-4"",""1-3-6"",""1-6-2""]"
競艇魂,05月02日（土）,05,7,"[""1-5-2"",""1-5-3"",""1-5-4"",""1-5-6"",""1-2-5"",""1-3-5"",""1-3-6"",""1-6-5""]"
競艇魂,05月02日（土）,06,1,"[""1-2-3"",""1-2-4"",""1-2-6"",""1-3-2"",""1-3-4"",""1-3-6"",""1-4-2"",""1-6-3""]"
競艇魂,05月02日（土）,22,9,"[""1-2-3"",""1-2-6"",""1-3-2"",""1-3-4"",""1-3-5"",""1-3-6"",""1-6-2"",""1-6-3""]"
競艇魂,05月01日（金）,05,9,"[""1-3-4"",""1-3-6"",""1-4-3"",""1-4-6"",""1-6-3"",""1-6-4"",""3-1-4"",""3-1-6""]"
競艇魂,05月01日（金）,09,8,"[""1-3-2"",""1-3-5"",""1-3-6"",""1-5-2"",""1-5-3"",""1-5-6"",""3-1-5"",""5-1-3""]"
競艇魂,05月01日（金）,05,1,"[""1-4-2"",""1-4-3"",""1-4-5"",""1-4-6"",""1-2-3"",""1-2-4"",""1-2-6"",""4-1-2""]"
競艇魂,05月01日（金）,14,1,"[""1-2-3"",""1-2-4"",""1-2-5"",""1-2-6"",""1-3-2"",""1-3-4"",""1-4-2"",""1-5-2""]"
競艇魂,04月30日（木）,16,8,"[""1-3-4"",""1-3-5"",""1-3-6"",""1-4-3"",""1-4-5"",""1-4-6"",""3-1-4"",""3-1-6""]"
競艇魂,04月30日（木）,23,1,"[""1-2-3"",""1-2-4"",""1-2-5"",""1-3-2"",""1-3-4"",""1-3-5"",""1-4-2"",""1-4-3""]"
競艇魂,04月30日（木）,05,9,"[""1-2-3"",""1-2-4"",""1-2-5"",""1-2-6"",""1-3-2"",""1-5-2"",""2-1-3"",""2-1-5""]"
競艇魂,04月30日（木）,09,1,"[""1-3-2"",""1-3-4"",""1-3-5"",""1-3-6"",""1-2-3"",""1-2-4"",""1-4-2"",""1-4-3""]"
競艇魂,04月29日（水）,23,1,"[""1-2-3"",""1-2-4"",""1-2-5"",""1-3-2"",""1-3-4"",""1-3-5"",""1-5-2"",""1-5-3""]"
競艇魂,04月29日（水）,06,7,"[""1-3-2"",""1-3-4"",""1-3-5"",""1-3-6"",""1-4-2"",""1-4-3"",""1-4-5"",""1-4-6""]"
競艇魂,04月29日（水）,05,9,"[""1-5-2"",""1-5-3"",""1-5-6"",""1-2-5"",""1-3-5"",""5-1-2"",""5-1-3"",""5-1-6""]"
競艇魂,04月29日（水）,14,8,"[""3-2-1"",""3-2-4"",""3-1-2"",""3-1-4"",""2-3-1"",""2-1-3"",""1-3-2"",""1-2-3""]"
競艇魂,04月28日（火）,13,8,"[""1-2-3"",""1-2-5"",""1-3-2"",""2-1-3"",""2-1-5"",""2-3-1"",""2-3-5"",""3-2-1""]"
競艇魂,04月28日（火）,16,9,"[""1-2-3"",""1-2-4"",""1-3-2"",""1-3-4"",""1-4-2"",""1-4-3"",""1-4-5"",""1-4-6""]"
競艇魂,04月28日（火）,12,1,"[""1-3-2"",""1-3-4"",""1-3-5"",""1-3-6"",""1-5-3"",""3-1-2"",""3-1-4"",""3-1-5""]"
競艇魂,04月28日（火）,16,1,"[""1-2-5"",""1-2-6"",""1-5-2"",""1-5-3"",""1-5-4"",""1-5-6"",""1-2-"",""1-6-5""]"
競艇魂,04月27日（月）,23,1,"[""1-3-2"",""1-3-4"",""1-3-5"",""1-3-6"",""1-2-3"",""1-4-2"",""1-4-3"",""1-4-6""]"
競艇魂,04月27日（月）,16,9,"[""1-4-2"",""1-4-3"",""1-4-5"",""1-4-6"",""1-2-4"",""1-3-4"",""4-1-2"",""4-1-3""]"
競艇魂,04月27日（月）,08,1,"[""1-2-3"",""1-2-4"",""1-2-5"",""1-2-6"",""1-3-2"",""1-3-4"",""1-4-2"",""1-5-2""]"
競艇魂,04月27日（月）,06,1,"[""1-5-2"",""1-5-3"",""1-5-4"",""1-5-6"",""1-2-5"",""1-6-5"",""5-1-2"",""5-1-6""]"
競艇魂,04月26日（日）,22,8,"[""1-2-3"",""1-2-5"",""1-3-2"",""1-3-5"",""1-5-2"",""1-5-3"",""2-1-3"",""3-1-2""]"
競艇魂,04月26日（日）,04,7,"[""1-5-2"",""1-5-3"",""1-5-4"",""1-5-6"",""1-2-3"",""1-2-5"",""1-3-5"",""1-3-6""]"
競艇魂,04月26日（日）,06,1,"[""1-2-3"",""1-2-5"",""1-2-6"",""1-3-2"",""1-5-2"",""1-5-6"",""1-6-2"",""1-6-5""]"
競艇魂,04月26日（日）,06,1,"[""1-2-3"",""1-2-4"",""1-2-5"",""1-2-6"",""1-6-2"",""2-1-4"",""2-1-6"",""2-6-1""]"
競艇魂,04月25日（土）,08,7,"[""1-6-2"",""1-6-3"",""1-6-4"",""1-6-5"",""1-4-5"",""1-4-6"",""1-3-6"",""1-2-6""]"
競艇魂,04月25日（土）,22,8,"[""1-4-2"",""1-4-3"",""1-4-5"",""1-4-6"",""1-6-2"",""1-6-4"",""1-2-6"",""4-1-6""]"
競艇魂,04月24日（金）,08,9,"[""1-2-6"",""1-3-6"",""1-4-6"",""1-6-2"",""1-6-3"",""1-6-4"",""6-1-2"",""6-1-4""]"
競艇魂,04月24日（金）,03,9,"[""1-2-3"",""1-2-4"",""1-2-5"",""1-5-2"",""1-5-3"",""1-5-4"",""1-3-2"",""1-3-5""]"
競艇魂,04月24日（金）,08,1,"[""1-4-2"",""1-4-3"",""1-4-5"",""1-2-3"",""1-2-4"",""1-2-5"",""2-1-4"",""2-1-5""]"
競艇魂,04月24日（金）,04,1,"[""1-2-3"",""1-2-5"",""1-5-2"",""1-5-3"",""1-5-6"",""1-3-2"",""1-3-5"",""1-4-5""]"
競艇魂,04月23日（木）,03,7,"[""1-2-3"",""1-2-4"",""1-2-5"",""1-2-6"",""1-3-2"",""2-1-3"",""2-1-4"",""2-1-6""]"
競艇魂,04月23日（木）,22,8,"[""1-2-3"",""1-2-4"",""1-2-5"",""1-2-6"",""1-3-2"",""1-3-4"",""1-3-6"",""1-4-2""]"
競艇魂,04月23日（木）,22,1,"[""1-2-3"",""1-2-4"",""1-3-2"",""1-3-4"",""1-4-2"",""1-4-3"",""4-1-2"",""4-1-3""]"
競艇魂,04月23日（木）,24,5,"[""1-6-2"",""1-6-3"",""1-6-4"",""1-6-5"",""1-2-3"",""1-2-4"",""1-2-6"",""1-5-6""]"
競艇魂,04月22日（水）,15,1,"[""1-3-2"",""1-3-4"",""1-3-5"",""1-3-6"",""1-2-3"",""1-2-6"",""1-6-2"",""1-6-3""]"
競艇魂,04月22日（水）,21,1,"[""1-2-4"",""1-2-5"",""1-4-2"",""1-4-3"",""1-4-5"",""1-4-6"",""1-5-2"",""1-5-4""]"
競艇魂,04月22日（水）,11,1,"[""1-3-2"",""1-3-4"",""1-3-5"",""1-3-6"",""1-4-3"",""1-5-3"",""3-1-4"",""3-1-5""]"
競艇魂,04月22日（水）,24,5,"[""1-6-2"",""1-6-3"",""1-6-4"",""1-6-5"",""1-2-3"",""1-2-6"",""1-3-2"",""1-3-6""]"
競艇魂,04月21日（火）,02,7,"[""1-4-2"",""1-4-3"",""1-4-5"",""1-4-6"",""1-5-4"",""1-5-6"",""1-3-4"",""1-6-4""]"
競艇魂,04月21日（火）,03,1,"[""1-3-2"",""1-3-4"",""1-3-5"",""1-3-6"",""1-2-3"",""1-6-3"",""3-1-2"",""3-1-6""]"
競艇魂,04月21日（火）,06,1,"[""1-2-3"",""1-2-4"",""1-2-5"",""1-2-6"",""1-5-2"",""1-5-3"",""1-5-6"",""1-3-4""]"
競艇魂,04月21日（火）,13,1,"[""1-2-3"",""1-2-4"",""1-2-5"",""1-2-6"",""1-3-2"",""1-4-2"",""2-1-3"",""2-1-4""]"
競艇魂,04月20日（月）,03,7,"[""2-4-1"",""2-4-3"",""4-2-1"",""4-2-3"",""2-1-4"",""4-1-2"",""1-2-4"",""1-4-2""]"
競艇魂,04月20日（月）,08,8,"[""1-2-3"",""1-2-6"",""1-3-2"",""1-3-6"",""1-6-2"",""1-6-3"",""3-1-2"",""3-1-6""]"
競艇魂,04月20日（月）,11,1,"[""1-2-5"",""1-2-6"",""1-5-2"",""1-6-2"",""2-1-5"",""2-1-6"",""2-5-1"",""2-6-1""]"
競艇魂,04月20日（月）,03,1,"[""1-2-3"",""1-2-4"",""1-2-5"",""1-2-6"",""1-6-2"",""2-1-3"",""2-1-4"",""2-1-6""]"
競艇魂,04月19日（日）,14,7,"[""1-2-3"",""1-2-4"",""1-2-5"",""1-2-6"",""1-6-2"",""2-1-3"",""2-1-4"",""2-1-6""]"
競艇魂,04月19日（日）,04,7,"[""1-2-3"",""1-2-4"",""1-2-5"",""1-2-6"",""1-6-2"",""2-1-3"",""2-1-6"",""6-1-2""]"
競艇魂,04月19日（日）,03,1,"[""1-2-3"",""1-2-4"",""1-2-5"",""1-5-2"",""1-5-3"",""1-5-4"",""1-4-2"",""1-4-5""]"
競艇魂,04月19日（日）,06,1,"[""1-3-2"",""1-3-4"",""1-3-6"",""1-4-2"",""1-4-3"",""1-4-6"",""1-2-3"",""1-2-4""]"
競艇魂,04月18日（土）,22,2,"[""1-2-3"",""1-2-4"",""1-2-6"",""1-3-2"",""1-3-4"",""1-3-6"",""2-1-3"",""1-6-2""]"
競艇魂,04月18日（土）,13,9,"[""1-2-3"",""1-2-4"",""1-2-5"",""1-4-2"",""1-4-5"",""1-5-2"",""1-5-3"",""1-5-4""]"
競艇魂,04月18日（土）,07,5,"[""1-2-3"",""1-2-4"",""1-2-6"",""1-3-2"",""1-3-4"",""1-3-6"",""1-4-2"",""1-4-3""]"
競艇魂,04月18日（土）,08,1,"[""1-3-2"",""1-3-4"",""1-3-5"",""1-3-6"",""1-2-3"",""1-4-2"",""1-4-3"",""1-4-5""]"
競艇魂,04月17日（金）,15,1,"[""1-2-3"",""1-2-4"",""1-2-5"",""1-2-6"",""1-3-2"",""1-4-2"",""1-5-2"",""1-5-4""]"
競艇魂,04月17日（金）,23,1,"[""1-3-2"",""1-3-4"",""1-3-5"",""1-3-6"",""1-5-2"",""1-5-3"",""1-5-6"",""1-2-3""]"
競艇魂,04月17日（金）,06,9,"[""1-2-3"",""1-2-5"",""1-2-6"",""1-3-2"",""1-3-5"",""1-5-2"",""1-5-3"",""1-5-6""]"
競艇魂,04月17日（金）,06,1,"[""1-2-3"",""1-2-6"",""1-3-2"",""1-3-6"",""1-6-2"",""1-6-3"",""1-6-4"",""1-6-5""]"
競艇魂,04月16日（木）,02,7,"[""1-5-2"",""1-5-3"",""1-5-4"",""1-2-3"",""1-2-4"",""1-2-5"",""1-3-5"",""2-1-5""]"
競艇魂,04月16日（木）,08,9,"[""1-2-3"",""1-2-4"",""1-2-5"",""1-4-2"",""1-4-3"",""1-4-5"",""1-5-2"",""1-5-4""]"
競艇魂,04月16日（木）,08,1,"[""1-2-3"",""1-2-5"",""1-3-2"",""1-3-5"",""1-5-2"",""1-5-3"",""1-5-4"",""1-5-6""]"
競艇魂,04月16日（木）,19,5,"[""1-4-2"",""1-4-3"",""1-4-5"",""1-4-6"",""1-5-4"",""4-1-2"",""4-1-5"",""4-1-6""]"
競艇魂,04月15日（水）,19,5,"[""1-4-3"",""1-4-5"",""1-4-6"",""4-1-3"",""4-1-5"",""4-1-6"",""4-5-1"",""4-5-6""]"
競艇魂,04月15日（水）,22,9,"[""1-2-4"",""1-2-6"",""1-4-2"",""1-6-2"",""2-1-4"",""2-1-6"",""2-4-1"",""2-6-1""]"
競艇魂,04月15日（水）,17,8,"[""1-3-4"",""1-3-5"",""1-4-3"",""1-4-5"",""1-5-3"",""1-5-4"",""3-1-4"",""3-1-5""]"
競艇魂,04月15日（水）,02,7,"[""1-3-2"",""1-3-4"",""1-3-5"",""1-4-2"",""1-4-3"",""1-4-5"",""1-5-3"",""1-5-4""]"
競艇魂,04月14日（火）,10,1,"[""1-2-3"",""1-2-4"",""1-2-5"",""1-2-6"",""1-3-2"",""1-3-4"",""1-4-2"",""1-5-2""]"
競艇魂,04月14日（火）,11,7,"[""1-2-3"",""1-2-5"",""1-3-2"",""1-3-4"",""1-3-5"",""1-3-6"",""1-5-2"",""1-5-3""]"
競艇魂,04月14日（火）,11,1,"[""1-2-3"",""1-2-4"",""1-2-5"",""1-3-2"",""1-3-4"",""1-3-5"",""2-1-3"",""3-1-2""]"
競艇魂,04月14日（火）,01,4,"[""1-2-3"",""1-2-6"",""1-3-2"",""1-3-6"",""1-6-2"",""1-6-3"",""1-6-4"",""6-1-2""]"
競艇魂,04月13日（月）,10,1,"[""1-2-3"",""1-2-5"",""1-3-2"",""1-3-5"",""2-1-3"",""2-3-1"",""3-1-2"",""3-1-5""]"
競艇魂,04月13日（月）,11,1,"[""1-2-3"",""1-2-4"",""1-2-5"",""1-2-6"",""1-3-2"",""1-4-2"",""2-1-3"",""2-1-4""]"
競艇魂,04月13日（月）,19,5,"[""1-2-4"",""1-2-5"",""1-4-2"",""1-4-3"",""1-4-5"",""1-5-2"",""1-5-4"",""4-1-5""]"
競艇魂,04月12日（日）,11,9,"[""1-3-2"",""1-3-4"",""1-3-5"",""1-3-6"",""1-2-3"",""1-2-4"",""3-1-2"",""3-1-4""]"
競艇魂,04月12日（日）,14,6,"[""1-2-3"",""1-2-4"",""1-3-2"",""1-3-4"",""3-1-2"",""3-1-4"",""3-1-6"",""3-2-1""]"
競艇魂,04月12日（日）,11,1,"[""1-3-2"",""1-3-4"",""1-3-5"",""1-3-6"",""1-5-2"",""1-5-3"",""1-5-6"",""1-2-3""]"
競艇魂,04月12日（日）,01,6,"[""1-2-3"",""1-2-4"",""1-3-2"",""1-3-4"",""1-4-2"",""1-4-3"",""1-4-5"",""1-4-6""]"
競艇魂,04月11日（土）,18,1,"[""1-3-2"",""1-3-4"",""1-3-5"",""1-3-6"",""3-1-2"",""3-1-5"",""3-1-6"",""1-2-3""]"
競艇魂,04月11日（土）,22,7,"[""1-3-2"",""1-3-4"",""1-3-5"",""1-4-2"",""1-4-3"",""1-4-5"",""1-2-3"",""1-2-4""]"
競艇魂,04月11日（土）,11,1,"[""1-2-3"",""1-2-4"",""1-2-5"",""1-2-6"",""1-3-2"",""1-3-5"",""1-3-6"",""2-1-3""]"
競艇魂,04月11日（土）,20,5,"[""1-2-3"",""1-2-4"",""1-3-2"",""1-3-4"",""1-4-2"",""1-4-3"",""4-1-2"",""4-1-3""]"
競艇魂,04月10日（金）,22,7,"[""2-1-3"",""2-1-4"",""2-3-1"",""2-3-4"",""2-4-1"",""2-4-3"",""1-2-3"",""1-2-4""]"
競艇魂,04月10日（金）,09,8,"[""3-1-2"",""3-1-4"",""3-1-5"",""3-4-1"",""3-5-1"",""1-3-2"",""1-3-4"",""1-3-5""]"
競艇魂,04月10日（金）,20,5,"[""1-4-2"",""1-4-3"",""1-4-5"",""1-2-3"",""1-2-4"",""1-3-2"",""1-3-4"",""4-1-2""]"
競艇魂,04月10日（金）,06,1,"[""1-2-4"",""1-2-5"",""1-4-2"",""1-4-5"",""2-1-4"",""2-1-5"",""4-1-2"",""4-1-5""]"
競艇魂,04月09日（木）,11,7,"[""1-2-3"",""1-2-4"",""1-2-5"",""1-2-6"",""1-4-2"",""2-1-3"",""2-1-4"",""2-1-5""]"
競艇魂,04月09日（木）,06,7,"[""1-4-2"",""1-4-3"",""1-4-5"",""1-4-6"",""1-2-3"",""1-2-4"",""1-3-2"",""1-3-4""]"
競艇魂,04月09日（木）,03,9,"[""1-2-3"",""1-3-2"",""1-3-6"",""3-1-2"",""3-1-6"",""3-2-1"",""2-1-3"",""2-3-1""]"
競艇魂,04月09日（木）,06,1,"[""1-3-2"",""1-3-4"",""1-3-6"",""1-4-2"",""1-4-3"",""1-4-6"",""3-1-4"",""3-1-6""]"
競艇魂,04月08日（水）,06,9,"[""1-2-3"",""1-2-5"",""1-2-6"",""1-6-2"",""1-6-3"",""1-6-5"",""1-3-2"",""1-3-6""]"
競艇魂,04月08日（水）,08,8,"[""1-2-3"",""1-2-4"",""1-3-2"",""1-3-4"",""1-4-2"",""1-4-3"",""2-1-3"",""2-1-4""]"
競艇魂,04月08日（水）,06,1,"[""1-3-2"",""1-3-4"",""1-3-5"",""1-3-6"",""1-2-3"",""1-5-3"",""3-1-2"",""3-1-5""]"
競艇魂,04月08日（水）,13,1,"[""1-2-3"",""1-2-4"",""1-2-5"",""1-2-6"",""1-3-2"",""1-3-4"",""1-3-5"",""1-3-6""]"
競艇魂,04月07日（火）,08,8,"[""3-1-2"",""3-1-5"",""3-2-1"",""3-2-5"",""1-2-3"",""1-3-2"",""2-1-3"",""2-3-1""]"
競艇魂,04月07日（火）,13,8,"[""1-2-3"",""1-2-5"",""1-2-6"",""1-3-2"",""1-5-2"",""2-1-3"",""2-1-5"",""2-1-6""]"
競艇魂,04月07日（火）,20,5,"[""1-2-3"",""1-2-4"",""1-3-2"",""1-3-4"",""1-4-2"",""1-4-3"",""2-1-4"",""3-1-4""]"
競艇魂,04月07日（火）,13,1,"[""1-2-3"",""1-2-4"",""1-2-5"",""1-2-6"",""1-3-2"",""1-3-4"",""2-1-3"",""3-1-2""]"
