競艇予想NAVI,10月03日（土）,16,1,"[""1-2-3"",""1-2-4"",""1-2-5"",""1-2-6"",""2-1-3"",""2-1-4"",""2-1-5"",""2-1-6"",""5-2-1"",""5-2-3""]"
競艇予想NAVI,10月03日（土）,16,1,"[""1=2=3"",""1=2=5"",""1=3=5"",""2=3=5""]"
競艇予想NAVI,10月03日（土）,16,2,"[""1-3-2"",""1-3-4"",""1-3-5"",""1-3-6"",""2-3-1"",""2-3-5"",""3-1-2"",""3-1-4"",""3-1-5"",""3-1-6""]"
競艇予想NAVI,10月03日（土）,16,2,"[""1=2=3"",""1=2=5"",""1=3=5"",""2=3=5""]"
競艇予想NAVI,10月02日（金）,16,3,"[""2-6-1"",""2-6-3"",""2-6-4"",""2-6-5"",""3-6-1"",""3-6-2"",""6-2-1"",""6-2-3"",""6-2-4"",""6-2-5""]"
競艇予想NAVI,10月02日（金）,16,3,"[""1=2=3"",""1=2=6"",""1=3=6"",""2=3=6""]"
競艇予想NAVI,10月02日（金）,16,4,"[""1-6-2"",""1-6-3"",""1-6-4"",""1-6-5"",""2-1-5"",""2-1-6"",""6-1-2"",""6-1-3"",""6-1-4"",""6-1-5""]"
競艇予想NAVI,10月02日（金）,16,4,"[""1=2=5"",""1=2=6"",""1=5=6"",""2=5=6""]"
競艇予想NAVI,10月01日（木）,16,4,"[""1-3-2"",""1-3-4"",""1-3-5"",""1-3-6"",""3-1-2"",""3-1-4"",""3-1-5"",""3-1-6"",""4-1-2"",""4-1-3""]"
競艇予想NAVI,10月01日（木）,16,4,"[""1=2=3"",""1=2=4"",""1=3=4"",""2=3=4""]"
競艇予想NAVI,10月01日（木）,16,3,"[""1-6-2"",""1-6-5"",""5-6-1"",""5-6-2"",""5-6-3"",""5-6-4"",""6-5-1"",""6-5-2"",""6-5-3"",""6-5-4""]"
競艇予想NAVI,10月01日（木）,16,3,"[""1=2=5"",""1=2=6"",""1=5=6"",""2=5=6""]"
競艇予想NAVI,09月29日（火）,16,3,"[""1-4-2"",""1-4-3"",""1-4-5"",""1-4-6"",""4-1-2"",""4-1-3"",""4-1-5"",""4-1-6"",""6-1-2"",""6-1-4""]"
競艇予想NAVI,09月29日（火）,16,3,"[""1=2=4"",""1=2=6"",""1=4=6"",""2=4=6""]"
競艇予想NAVI,09月29日（火）,16,4,"[""1-5-2"",""1-5-3"",""1-5-4"",""1-5-6"",""4-5-1"",""4-5-2"",""5-1-2"",""5-1-3"",""5-1-4"",""5-1-6""]"
競艇予想NAVI,09月29日（火）,16,4,"[""1=2=4"",""1=2=5"",""1=4=5"",""2=4=5""]"
競艇予想NAVI,09月28日（月）,18,2,"[""1-5-2"",""1-5-4"",""4-5-1"",""4-5-2"",""4-5-3"",""4-5-6"",""5-4-1"",""5-4-2"",""5-4-3"",""5-4-6""]"
競艇予想NAVI,09月28日（月）,18,2,"[""1=2=4"",""1=2=5"",""1=4=5"",""2=4=5""]"
競艇予想NAVI,09月28日（月）,18,1,"[""1-3-2"",""1-3-4"",""1-3-5"",""1-3-6"",""3-1-2"",""3-1-4"",""3-1-5"",""3-1-6"",""6-1-3"",""6-1-4""]"
競艇予想NAVI,09月28日（月）,18,1,"[""1=3=4"",""1=3=6"",""1=4=6"",""3=4=6""]"
競艇予想NAVI,09月27日（日）,01,1,"[""1-2-3"",""1-2-4"",""1-2-5"",""1-2-6"",""2-1-3"",""2-1-4"",""2-1-5"",""2-1-6"",""5-2-1"",""5-2-3""]"
競艇予想NAVI,09月27日（日）,01,1,"[""1=2=3"",""1=2=5"",""1=3=5"",""2=3=5""]"
競艇予想NAVI,09月26日（土）,18,1,"[""2-4-1"",""2-4-3"",""2-4-5"",""2-4-6"",""4-2-1"",""4-2-3"",""4-2-5"",""4-2-6"",""6-2-4"",""6-2-5""]"
競艇予想NAVI,09月26日（土）,18,1,"[""2=4=5"",""2=4=6"",""2=5=6"",""4=5=6""]"
競艇予想NAVI,09月26日（土）,18,2,"[""2-3-1"",""2-3-4"",""2-3-5"",""2-3-6"",""3-2-1"",""3-2-4"",""3-2-5"",""3-2-6"",""4-2-3"",""4-2-6""]"
競艇予想NAVI,09月26日（土）,18,2,"[""2=3=4"",""2=3=6"",""2=4=6"",""3=4=6""]"
競艇予想NAVI,09月25日（金）,18,1,"[""1-4-2"",""1-4-3"",""1-4-5"",""1-4-6"",""4-1-2"",""4-1-3"",""4-1-5"",""4-1-6"",""5-4-1"",""5-4-2""]"
競艇予想NAVI,09月25日（金）,18,1,"[""1=2=4"",""1=2=5"",""1=4=5"",""2=4=5""]"
競艇予想NAVI,09月25日（金）,18,2,"[""1-5-2"",""1-5-3"",""1-5-4"",""1-5-6"",""3-5-1"",""3-5-2"",""5-1-2"",""5-1-3"",""5-1-4"",""5-1-6""]"
競艇予想NAVI,09月25日（金）,18,2,"[""1=2=3"",""1=2=5"",""1=3=5"",""2=3=5""]"
競艇予想NAVI,09月25日（金）,07,1,"[""1-3-2"",""1-3-4"",""1-3-5"",""1-3-6"",""3-1-2"",""3-1-4"",""3-1-5"",""3-1-6"",""5-1-2"",""5-1-3""]"
競艇予想NAVI,09月25日（金）,07,1,"[""1=2=3"",""1=2=5"",""1=3=5"",""2=3=5""]"
競艇予想NAVI,09月24日（木）,18,4,"[""1-6-2"",""1-6-3"",""1-6-4"",""1-6-5"",""3-6-1"",""3-6-2"",""6-1-2"",""6-1-3"",""6-1-4"",""6-1-5""]"
競艇予想NAVI,09月24日（木）,18,4,"[""1=2=3"",""1=2=6"",""1=3=6"",""2=3=6""]"
競艇予想NAVI,09月24日（木）,18,2,"[""1-3-2"",""1-3-4"",""1-3-5"",""1-3-6"",""2-1-3"",""2-1-5"",""3-1-2"",""3-1-4"",""3-1-5"",""3-1-6""]"
競艇予想NAVI,09月24日（木）,18,2,"[""1=2=3"",""1=2=5"",""1=3=5"",""2=3=5""]"
競艇予想NAVI,09月24日（木）,18,1,"[""1-4-2"",""1-4-3"",""1-4-5"",""1-4-6"",""4-1-2"",""4-1-3"",""4-1-5"",""4-1-6"",""6-1-3"",""6-1-4""]"
競艇予想NAVI,09月24日（木）,18,1,"[""1=3=4"",""1=3=6"",""1=4=6"",""3=4=6""]"
競艇予想NAVI,09月23日（水）,18,5,"[""1-2-3"",""1-2-4"",""1-2-5"",""1-2-6"",""2-1-3"",""2-1-4"",""2-1-5"",""2-1-6"",""4-1-2"",""4-1-3""]"
競艇予想NAVI,09月23日（水）,18,5,"[""1=2=3"",""1=2=4"",""1=3=4"",""2=3=4""]"
競艇予想NAVI,09月23日（水）,18,6,"[""1-5-2"",""1-5-3"",""1-5-4"",""1-5-6"",""2-1-4"",""2-1-5"",""5-1-2"",""5-1-3"",""5-1-4"",""5-1-6""]"
競艇予想NAVI,09月23日（水）,18,6,"[""1=2=4"",""1=2=5"",""1=4=5"",""2=4=5""]"
競艇予想NAVI,09月22日（火）,11,5,"[""1-5-2"",""1-5-3"",""1-5-4"",""1-5-6"",""4-1-2"",""4-1-5"",""5-1-2"",""5-1-3"",""5-1-4"",""5-1-6""]"
競艇予想NAVI,09月22日（火）,11,5,"[""1=2=4"",""1=2=5"",""1=4=5"",""2=4=5""]"
競艇予想NAVI,09月21日（月）,11,3,"[""1-3-4"",""1-3-5"",""3-4-1"",""3-4-2"",""3-4-5"",""3-4-6"",""4-3-1"",""4-3-2"",""4-3-5"",""4-3-6""]"
競艇予想NAVI,09月21日（月）,11,3,"[""1=3=4"",""1=3=5"",""1=4=5"",""3=4=5""]"
競艇予想NAVI,09月20日（日）,11,5,"[""1-4-2"",""1-4-5"",""2-4-1"",""2-4-3"",""2-4-5"",""2-4-6"",""4-2-1"",""4-2-3"",""4-2-5"",""4-2-6""]"
競艇予想NAVI,09月20日（日）,11,5,"[""1=2=4"",""1=2=5"",""1=4=5"",""2=4=5""]"
競艇予想NAVI,09月20日（日）,11,6,"[""2-3-1"",""2-3-4"",""3-4-1"",""3-4-2"",""3-4-5"",""3-4-6"",""4-3-1"",""4-3-2"",""4-3-5"",""4-3-6""]"
競艇予想NAVI,09月20日（日）,11,6,"[""1=2=3"",""1=2=4"",""1=3=4"",""2=3=4""]"
競艇予想NAVI,09月20日（日）,24,1,"[""1-4-2"",""1-4-3"",""1-4-5"",""1-4-6"",""4-1-2"",""4-1-3"",""4-1-5"",""4-1-6"",""5-1-2"",""5-1-4""]"
競艇予想NAVI,09月20日（日）,24,1,"[""1=2=4"",""1=2=5"",""1=4=5"",""2=4=5""]"
競艇予想NAVI,09月19日（土）,11,5,"[""1-6-2"",""1-6-3"",""1-6-4"",""1-6-5"",""5-1-4"",""5-1-6"",""6-1-2"",""6-1-3"",""6-1-4"",""6-1-5""]"
競艇予想NAVI,09月19日（土）,11,5,"[""1=4=5"",""1=4=6"",""1=5=6"",""4=5=6""]"
競艇予想NAVI,09月19日（土）,11,6,"[""1-2-3"",""1-2-4"",""1-2-5"",""1-2-6"",""2-1-3"",""2-1-4"",""2-1-5"",""2-1-6"",""4-2-1"",""4-2-6""]"
競艇予想NAVI,09月19日（土）,11,6,"[""1=2=4"",""1=2=6"",""1=4=6"",""2=4=6""]"
競艇予想NAVI,09月18日（金）,11,5,"[""1-3-2"",""1-3-4"",""1-3-5"",""1-3-6"",""3-1-2"",""3-1-4"",""3-1-5"",""3-1-6"",""6-1-2"",""6-1-3""]"
競艇予想NAVI,09月18日（金）,11,5,"[""1=2=3"",""1=2=6"",""1=3=6"",""2=3=6""]"
競艇予想NAVI,09月18日（金）,11,6,"[""1-3-2"",""1-3-4"",""1-3-5"",""1-3-6"",""3-1-2"",""3-1-4"",""3-1-5"",""3-1-6"",""6-1-3"",""6-1-5""]"
競艇予想NAVI,09月18日（金）,11,6,"[""1=3=5"",""1=3=6"",""1=5=6"",""3=5=6""]"
競艇予想NAVI,09月17日（木）,20,1,"[""1-4-2"",""1-4-3"",""1-4-5"",""1-4-6"",""2-4-1"",""2-4-3"",""4-1-2"",""4-1-3"",""4-1-5"",""4-1-6""]"
競艇予想NAVI,09月17日（木）,20,1,"[""1=2=3"",""1=2=4"",""1=3=4"",""2=3=4""]"
競艇予想NAVI,09月17日（木）,11,5,"[""1-4-2"",""1-4-3"",""1-4-5"",""1-4-6"",""2-1-3"",""2-1-4"",""4-1-2"",""4-1-3"",""4-1-5"",""4-1-6""]"
競艇予想NAVI,09月17日（木）,11,5,"[""1=2=3"",""1=2=4"",""1=3=4"",""2=3=4""]"
競艇予想NAVI,09月17日（木）,11,4,"[""2-3-4"",""2-3-6"",""3-6-1"",""3-6-2"",""3-6-4"",""3-6-5"",""6-3-1"",""6-3-2"",""6-3-4"",""6-3-5""]"
競艇予想NAVI,09月17日（木）,11,4,"[""2=3=4"",""2=3=6"",""2=4=6"",""3=4=6""]"
競艇予想NAVI,09月16日（水）,04,4,"[""3-5-1"",""3-5-2"",""3-5-4"",""3-5-6"",""4-5-1"",""4-5-3"",""5-3-1"",""5-3-2"",""5-3-4"",""5-3-6""]"
競艇予想NAVI,09月16日（水）,04,4,"[""1=3=4"",""1=3=5"",""1=4=5"",""3=4=5""]"
競艇予想NAVI,09月16日（水）,04,5,"[""1-6-2"",""1-6-3"",""1-6-4"",""1-6-5"",""5-1-3"",""5-1-6"",""6-1-2"",""6-1-3"",""6-1-4"",""6-1-5""]"
競艇予想NAVI,09月16日（水）,04,5,"[""1-3-5"",""1-3-6"",""1-5-6"",""3-5-6""]"
競艇予想NAVI,09月16日（水）,04,7,"[""2-5-1"",""2-5-3"",""2-5-4"",""2-5-6"",""3-5-2"",""3-5-4"",""5-2-1"",""5-2-3"",""5-2-4"",""5-2-6""]"
競艇予想NAVI,09月16日（水）,04,7,"[""2=3=4"",""2=3=5"",""2=4=5"",""3=4=5""]"
競艇予想NAVI,09月16日（水）,20,1,"[""1-2-3"",""1-2-4"",""1-2-5"",""1-2-6"",""2-1-3"",""2-1-4"",""2-1-5"",""2-1-6"",""5-2-1"",""5-2-6""]"
競艇予想NAVI,09月16日（水）,20,1,"[""1=2=5"",""1=2=6"",""1=5=6"",""2=5=6""]"
競艇予想NAVI,09月15日（火）,17,5,"[""2-3-1"",""2-3-4"",""3-4-1"",""3-4-2"",""3-4-5"",""3-4-6"",""4-3-1"",""4-3-2"",""4-3-5"",""4-3-6""]"
競艇予想NAVI,09月15日（火）,17,5,"[""1=2=3"",""1=2=4"",""1=3=4"",""2=3=4""]"
競艇予想NAVI,09月15日（火）,17,4,"[""1-2-3"",""1-2-4"",""1-2-5"",""1-2-6"",""2-1-3"",""2-1-4"",""2-1-5"",""2-1-6"",""4-1-2"",""4-1-3""]"
競艇予想NAVI,09月15日（火）,17,4,"[""1=2=3"",""1=2=4"",""1=3=4"",""2=3=4""]"
競艇予想NAVI,09月14日（月）,17,5,"[""1-3-2"",""1-3-4"",""1-3-5"",""1-3-6"",""2-3-1"",""2-3-6"",""3-1-2"",""3-1-4"",""3-1-5"",""3-1-6""]"
競艇予想NAVI,09月14日（月）,17,5,"[""1=2=3"",""1=2=6"",""1=3=6"",""2=3=6""]"
競艇予想NAVI,09月14日（月）,17,4,"[""1-4-2"",""1-4-3"",""1-4-5"",""1-4-6"",""2-1-3"",""2-1-4"",""4-1-2"",""4-1-3"",""4-1-5"",""4-1-6""]"
競艇予想NAVI,09月14日（月）,17,4,"[""1=2=3"",""1=2=4"",""1=3=4"",""2=3=4""]"
競艇予想NAVI,09月13日（日）,06,3,"[""2-5-1"",""2-5-3"",""3-5-1"",""3-5-2"",""3-5-4"",""3-5-6"",""5-3-1"",""5-3-2"",""5-3-4"",""5-3-6""]"
競艇予想NAVI,09月13日（日）,06,3,"[""1=2=3"",""1=2=5"",""1=3=5"",""2=3=5""]"
競艇予想NAVI,09月13日（日）,06,4,"[""1-2-3"",""1-2-4"",""1-2-5"",""1-2-6"",""2-1-3"",""2-1-4"",""2-1-5"",""2-1-6"",""3-2-1"",""3-2-6""]"
競艇予想NAVI,09月13日（日）,06,4,"[""1=2=3"",""1=2=6"",""1=3=6"",""2=3=6""]"
競艇予想NAVI,09月12日（土）,04,4,"[""2-3-1"",""2-3-6"",""3-6-1"",""3-6-2"",""3-6-4"",""3-6-5"",""6-3-1"",""6-3-2"",""6-3-4"",""6-3-5""]"
競艇予想NAVI,09月12日（土）,04,4,"[""1=2=3"",""1=2=6"",""1=3=6"",""2=3=6""]"
競艇予想NAVI,09月12日（土）,04,5,"[""1-3-2"",""1-3-4"",""1-3-5"",""1-3-6"",""3-1-2"",""3-1-4"",""3-1-5"",""3-1-6"",""4-1-3"",""4-1-5""]"
競艇予想NAVI,09月12日（土）,04,5,"[""1=3=4"",""1=3=5"",""1=4=5"",""3=4=5""]"
競艇予想NAVI,09月12日（土）,01,1,"[""1-3-2"",""1-3-4"",""1-3-5"",""1-3-6"",""3-1-2"",""3-1-4"",""3-1-5"",""3-1-6"",""4-3-1"",""4-3-2""]"
競艇予想NAVI,09月12日（土）,01,1,"[""1=2=3"",""1=2=4"",""1=3=4"",""2=3=4""]"
競艇予想NAVI,09月11日（金）,17,4,"[""1-2-3"",""1-2-4"",""1-2-5"",""1-2-6"",""2-1-3"",""2-1-4"",""2-1-5"",""2-1-6"",""4-1-2"",""4-1-6""]"
競艇予想NAVI,09月11日（金）,17,4,"[""1=2=4"",""1=2=6"",""1=4=6"",""2=4=6""]"
競艇予想NAVI,09月11日（金）,17,5,"[""1-5-2"",""1-5-3"",""1-5-4"",""1-5-6"",""3-5-1"",""3-5-2"",""5-1-2"",""5-1-3"",""5-1-4"",""5-1-6""]"
競艇予想NAVI,09月11日（金）,17,5,"[""1=2=3"",""1=2=5"",""1=3=5"",""2=3=5""]"
競艇予想NAVI,09月10日（木）,17,5,"[""1-5-2"",""1-5-3"",""1-5-4"",""1-5-6"",""4-5-1"",""4-5-2"",""5-1-2"",""5-1-3"",""5-1-4"",""5-1-6""]"
競艇予想NAVI,09月10日（木）,17,5,"[""1=2=4"",""1=2=5"",""1=4=5"",""2=4=5""]"
競艇予想NAVI,09月10日（木）,17,4,"[""1-2-3"",""1-2-4"",""1-2-5"",""1-2-6"",""2-1-3"",""2-1-4"",""2-1-5"",""2-1-6"",""4-1-2"",""4-1-3""]"
競艇予想NAVI,09月10日（木）,17,4,"[""1=2=3"",""1=2=4"",""1=3=4"",""2=3=4""]"
競艇予想NAVI,09月09日（水）,06,3,"[""3-6-1"",""3-6-2"",""3-6-4"",""3-6-5"",""5-3-2"",""5-3-6"",""6-3-1"",""6-3-2"",""6-3-4"",""6-3-5""]"
競艇予想NAVI,09月09日（水）,06,3,"[""2=3=5"",""2=3=6"",""2=5=6"",""3=5=6""]"
競艇予想NAVI,09月09日（水）,06,4,"[""1-3-2"",""1-3-4"",""1-3-5"",""1-3-6"",""3-1-2"",""3-1-4"",""3-1-5"",""3-1-6"",""6-1-2"",""6-1-3""]"
競艇予想NAVI,09月09日（水）,06,4,"[""1=2=3"",""1=2=6"",""1=3=6"",""2=3=6""]"
競艇予想NAVI,09月08日（火）,14,1,"[""1-4-2"",""1-4-3"",""1-4-5"",""1-4-6"",""2-1-4"",""2-1-5"",""4-1-2"",""4-1-3"",""4-1-5"",""4-1-6""]"
競艇予想NAVI,09月08日（火）,14,1,"[""1=2=4"",""1=2=5"",""1=4=5"",""2=4=5""]"
競艇予想NAVI,09月08日（火）,14,2,"[""1-3-5"",""1-3-6"",""3-6-1"",""3-6-2"",""3-6-4"",""3-6-5"",""6-3-1"",""6-3-2"",""6-3-4"",""6-3-5""]"
競艇予想NAVI,09月08日（火）,14,2,"[""1=3=5"",""1=3=6"",""1=5=6"",""3=5=6""]"
競艇予想NAVI,09月06日（日）,04,4,"[""1-4-2"",""1-4-6"",""2-4-1"",""2-4-3"",""2-4-5"",""2-4-6"",""4-2-1"",""4-2-3"",""4-2-5"",""4-2-6""]"
競艇予想NAVI,09月06日（日）,04,4,"[""1=2=4"",""1=2=6"",""1=4=6"",""2=4=6""]"
競艇予想NAVI,09月06日（日）,12,1,"[""1-3-2"",""1-3-4"",""1-3-5"",""1-3-6"",""3-1-2"",""3-1-4"",""3-1-5"",""3-1-6"",""4-1-2"",""4-1-3""]"
競艇予想NAVI,09月06日（日）,12,1,"[""1=2=3"",""1=2=4"",""1=3=4"",""2=3=4""]"
競艇予想NAVI,09月06日（日）,04,5,"[""3-6-1"",""3-6-2"",""3-6-4"",""3-6-5"",""4-3-1"",""4-3-6"",""6-3-1"",""6-3-2"",""6-3-4"",""6-3-5""]"
競艇予想NAVI,09月06日（日）,04,5,"[""1=3=4"",""1=3=6"",""1=4=6"",""3=4=6""]"
競艇予想NAVI,09月05日（土）,22,2,"[""3-4-1"",""3-4-2"",""3-4-5"",""3-4-6"",""4-3-1"",""4-3-2"",""4-3-5"",""4-3-6"",""5-3-2"",""5-3-4""]"
競艇予想NAVI,09月05日（土）,22,2,"[""2=3=4"",""2=3=5"",""2=4=5"",""3=4=5""]"
競艇予想NAVI,09月05日（土）,22,3,"[""2-3-1"",""2-3-4"",""2-3-5"",""2-3-6"",""3-2-1"",""3-2-4"",""3-2-5"",""3-2-6"",""5-2-3"",""5-2-4""]"
競艇予想NAVI,09月05日（土）,22,3,"[""2=3=4"",""2=3=5"",""2=4=5"",""3=4=5""]"
競艇予想NAVI,09月04日（金）,14,3,"[""1-3-2"",""1-3-4"",""1-3-5"",""1-3-6"",""2-3-1"",""2-3-4"",""3-1-2"",""3-1-4"",""3-1-5"",""3-1-6""]"
競艇予想NAVI,09月04日（金）,14,3,"[""1=2=3"",""1=2=4"",""1=3=4"",""2=3=4""]"
競艇予想NAVI,09月04日（金）,14,4,"[""1-2-3"",""1-2-4"",""1-2-5"",""1-2-6"",""2-1-3"",""2-1-4"",""2-1-5"",""2-1-6"",""6-1-2"",""6-1-4""]"
競艇予想NAVI,09月04日（金）,14,4,"[""1=2=4"",""1=2=6"",""1=4=6"",""2=4=6""]"
競艇予想NAVI,09月03日（木）,12,1,"[""1-4-2"",""1-4-3"",""1-4-5"",""1-4-6"",""2-4-1"",""2-4-3"",""4-1-2"",""4-1-3"",""4-1-5"",""4-1-6""]"
競艇予想NAVI,09月03日（木）,12,1,"[""1=2=3"",""1=2=4"",""1=3=4"",""2=3=4""]"
競艇予想NAVI,09月02日（水）,22,2,"[""1-5-4"",""1-5-6"",""4-5-1"",""4-5-2"",""4-5-3"",""4-5-6"",""5-4-1"",""5-4-2"",""5-4-3"",""5-4-6""]"
競艇予想NAVI,09月02日（水）,22,2,"[""1=4=5"",""1=4=6"",""1=5=6"",""4=5=6""]"
競艇予想NAVI,09月02日（水）,22,3,"[""3-4-1"",""3-4-2"",""3-4-5"",""3-4-6"",""4-3-1"",""4-3-2"",""4-3-5"",""4-3-6"",""5-3-1"",""5-3-4""]"
競艇予想NAVI,09月02日（水）,22,3,"[""1=3=4"",""1=3=5"",""1=4=5"",""3=4=5""]"
競艇予想NAVI,09月01日（火）,08,1,"[""1-3-2"",""1-3-4"",""1-3-5"",""1-3-6"",""2-1-3"",""2-1-6"",""3-1-2"",""3-1-4"",""3-1-5"",""3-1-6""]"
競艇予想NAVI,09月01日（火）,08,1,"[""1=2=3"",""1=2=6"",""1=3=6"",""2=3=6""]"
競艇予想NAVI,09月01日（火）,08,2,"[""2-4-1"",""2-4-3"",""2-4-5"",""2-4-6"",""4-2-1"",""4-2-3"",""4-2-5"",""4-2-6"",""6-4-2"",""6-4-3""]"
競艇予想NAVI,09月01日（火）,08,2,"[""2=3=4"",""2=3=6"",""2=4=6"",""3=4=6""]"
競艇予想NAVI,08月31日（月）,17,4,"[""1-4-2"",""1-4-3"",""1-4-5"",""1-4-6"",""3-1-4"",""3-1-5"",""4-1-2"",""4-1-3"",""4-1-5"",""4-1-6""]"
競艇予想NAVI,08月31日（月）,17,4,"[""1=3=4"",""1=3=5"",""1=4=5"",""3=4=5""]"
競艇予想NAVI,08月31日（月）,17,3,"[""1-3-2"",""1-3-4"",""1-3-5"",""1-3-6"",""2-1-3"",""2-1-4"",""3-1-2"",""3-1-4"",""3-1-5"",""3-1-6""]"
競艇予想NAVI,08月31日（月）,17,3,"[""1=2=3"",""1=2=4"",""1=3=4"",""2=3=4""]"
競艇予想NAVI,08月30日（日）,10,7,"[""1-3-2"",""1-3-4"",""1-3-5"",""1-3-6"",""3-1-2"",""3-1-4"",""3-1-5"",""3-1-6"",""6-1-3"",""6-1-4""]"
競艇予想NAVI,08月30日（日）,10,7,"[""1=3=4"",""1=3=6"",""1=4=6"",""3=4=6""]"
競艇予想NAVI,08月30日（日）,10,8,"[""2-4-1"",""2-4-3"",""3-4-1"",""3-4-2"",""3-4-5"",""3-4-6"",""4-3-1"",""4-3-2"",""4-3-5"",""4-3-6""]"
競艇予想NAVI,08月30日（日）,10,8,"[""1=2=3"",""1=2=4"",""1=3=4"",""2=3=4""]"
競艇予想NAVI,08月29日（土）,13,6,"[""1-3-2"",""1-3-4"",""1-3-5"",""1-3-6"",""2-1-3"",""2-1-6"",""3-1-2"",""3-1-4"",""3-1-5"",""3-1-6""]"
競艇予想NAVI,08月29日（土）,13,6,"[""1=2=3"",""1=2=6"",""1=3=6"",""2=3=6""]"
競艇予想NAVI,08月29日（土）,13,5,"[""1-5-2"",""1-5-3"",""1-5-4"",""1-5-6"",""2-1-5"",""2-1-6"",""5-1-2"",""5-1-3"",""5-1-4"",""5-1-6""]"
競艇予想NAVI,08月29日（土）,13,5,"[""1=2=5"",""1=2=6"",""1=5=6"",""2=5=6""]"
競艇予想NAVI,08月28日（金）,17,4,"[""3-5-1"",""3-5-2"",""3-5-4"",""3-5-6"",""4-5-2"",""4-5-3"",""5-3-1"",""5-3-2"",""5-3-4"",""5-3-6""]"
競艇予想NAVI,08月28日（金）,17,4,"[""2=3=4"",""2=3=5"",""2=4=5"",""3=4=5""]"
競艇予想NAVI,08月28日（金）,17,5,"[""1-3-2"",""1-3-4"",""1-3-5"",""1-3-6"",""3-1-2"",""3-1-4"",""3-1-5"",""3-1-6"",""4-3-1"",""4-3-6""]"
競艇予想NAVI,08月28日（金）,17,5,"[""1=3=4"",""1=3=6"",""1=4=6"",""3=4=6""]"
競艇予想NAVI,08月27日（木）,06,4,"[""1-5-2"",""1-5-3"",""1-5-4"",""1-5-6"",""2-1-3"",""2-1-5"",""5-1-2"",""5-1-3"",""5-1-4"",""5-1-6""]"
競艇予想NAVI,08月27日（木）,06,4,"[""1=2=3"",""1=2=5"",""1=3=5"",""2=3=5""]"
競艇予想NAVI,08月27日（木）,06,3,"[""1-5-2"",""1-5-3"",""2-5-1"",""2-5-3"",""2-5-4"",""2-5-6"",""5-2-1"",""5-2-3"",""5-2-4"",""5-2-6""]"
競艇予想NAVI,08月27日（木）,06,3,"[""1=2=3"",""1=2=5"",""1=3=5"",""2=3=5""]"
競艇予想NAVI,08月26日（水）,04,2,"[""1-5-4"",""1-5-6"",""4-5-1"",""4-5-2"",""4-5-3"",""4-5-6"",""5-4-1"",""5-4-2"",""5-4-3"",""5-4-6""]"
競艇予想NAVI,08月26日（水）,04,2,"[""1=4=5"",""1=4=6"",""1=5=6"",""4=5=6""]"
競艇予想NAVI,08月26日（水）,04,2,"[""1=4=5"",""1=4=6"",""1=5=6"",""4=5=6""]"
競艇予想NAVI,08月26日（水）,04,3,"[""2-5-1"",""2-5-3"",""2-5-4"",""2-5-6"",""4-5-1"",""4-5-2"",""5-2-1"",""5-2-3"",""5-2-4"",""5-2-6""]"
競艇予想NAVI,08月26日（水）,04,3,"[""1=2=4"",""1=2=5"",""1=4=5"",""2=4=5""]"
競艇予想NAVI,08月24日（月）,13,4,"[""1-2-3"",""1-2-4"",""1-2-5"",""1-2-6"",""2-1-3"",""2-1-4"",""2-1-5"",""2-1-6"",""6-1-2"",""6-1-5""]"
競艇予想NAVI,08月24日（月）,13,4,"[""1=2=5"",""1=2=6"",""1=5=6"",""2=5=6""]"
競艇予想NAVI,08月24日（月）,13,3,"[""1-6-2"",""1-6-3"",""1-6-4"",""1-6-5"",""3-1-2"",""3-1-6"",""6-1-2"",""6-1-3"",""6-1-4"",""6-1-5""]"
競艇予想NAVI,08月24日（月）,13,3,"[""1=2=3"",""1=2=6"",""1=3=6"",""2=3=6""]"
競艇予想NAVI,08月23日（日）,04,2,"[""1-3-2"",""1-3-4"",""1-3-5"",""1-3-6"",""3-1-2"",""3-1-4"",""3-1-5"",""3-1-6"",""5-1-3"",""5-1-6""]"
競艇予想NAVI,08月23日（日）,04,2,"[""1=3=5"",""1=3=6"",""1=5=6"",""3=5=6""]"
競艇予想NAVI,08月23日（日）,04,3,"[""1-3-2"",""1-3-4"",""1-3-5"",""1-3-6"",""2-1-3"",""2-1-4"",""3-1-2"",""3-1-4"",""3-1-5"",""3-1-6""]"
競艇予想NAVI,08月23日（日）,04,3,"[""1=2=3"",""1=2=4"",""1=3=4"",""2=3=4""]"
競艇予想NAVI,08月23日（日）,07,1,"[""1-3-2"",""1-3-4"",""1-3-5"",""1-3-6"",""3-1-2"",""3-1-4"",""3-1-5"",""3-1-6"",""4-1-3"",""4-1-5""]"
競艇予想NAVI,08月23日（日）,07,1,"[""1=3=4"",""1=3=5"",""1=4=5"",""3=4=5""]"
競艇予想NAVI,08月22日（土）,13,6,"[""1-3-2"",""1-3-4"",""1-3-5"",""1-3-6"",""3-1-2"",""3-1-4"",""3-1-5"",""3-1-6"",""4-1-3"",""4-1-6""]"
競艇予想NAVI,08月22日（土）,13,6,"[""1=3=4"",""1=3=6"",""1=4=6"",""3=4=6""]"
競艇予想NAVI,08月22日（土）,24,1,"[""1-2-3"",""1-2-4"",""1-2-5"",""1-2-6"",""2-1-3"",""2-1-4"",""2-1-5"",""2-1-6"",""3-1-2"",""3-1-6""]"
競艇予想NAVI,08月22日（土）,24,1,"[""1=2=3"",""1=2=6"",""1=3=6"",""2=3=6""]"
競艇予想NAVI,08月21日（金）,02,6,"[""2-3-4"",""2-3-6"",""3-4-1"",""3-4-2"",""3-4-5"",""3-4-6"",""4-3-1"",""4-3-2"",""4-3-5"",""4-3-6""]"
競艇予想NAVI,08月21日（金）,02,6,"[""2=3=4"",""2=3=6"",""2=4=6"",""3=4=6""]"
競艇予想NAVI,08月21日（金）,02,5,"[""1-5-2"",""1-5-3"",""1-5-4"",""1-5-6"",""5-1-2"",""5-1-3"",""5-1-4"",""5-1-6"",""6-1-4"",""6-1-5""]"
競艇予想NAVI,08月21日（金）,02,5,"[""1=4=5"",""1=4=6"",""1=5=6"",""4=5=6""]"
競艇予想NAVI,08月20日（木）,24,1,"[""1-3-2"",""1-3-4"",""1-3-5"",""1-3-6"",""3-1-2"",""3-1-4"",""3-1-5"",""3-1-6"",""5-1-2"",""5-1-3""]"
競艇予想NAVI,08月20日（木）,24,1,"[""1=2=3"",""1=2=5"",""1=3=5"",""2=3=5""]"
競艇予想NAVI,08月20日（木）,13,6,"[""1-4-2"",""1-4-3"",""1-4-5"",""1-4-6"",""4-1-2"",""4-1-3"",""4-1-5"",""4-1-6"",""6-4-1"",""6-4-2""]"
競艇予想NAVI,08月20日（木）,13,6,"[""1=2=4"",""1=2=6"",""1=4=6"",""2=4=6""]"
競艇予想NAVI,08月20日（木）,13,5,"[""1-3-2"",""1-3-4"",""1-3-5"",""1-3-6"",""3-1-2"",""3-1-4"",""3-1-5"",""3-1-6"",""4-1-3"",""4-1-6""]"
競艇予想NAVI,08月20日（木）,13,5,"[""1=3=4"",""1=3=6"",""1=4=6"",""3=4=6""]"
競艇予想NAVI,08月19日（水）,04,2,"[""2-3-1"",""2-3-4"",""2-3-5"",""2-3-6"",""3-2-1"",""3-2-4"",""3-2-5"",""3-2-6"",""4-2-3"",""4-2-5""]"
競艇予想NAVI,08月19日（水）,04,2,"[""2=3=4"",""2=3=5"",""2=4=5"",""3=4=5""]"
競艇予想NAVI,08月19日（水）,04,3,"[""1-3-4"",""1-3-5"",""3-4-1"",""3-4-2"",""3-4-5"",""3-4-6"",""4-3-1"",""4-3-2"",""4-3-5"",""4-3-6""]"
競艇予想NAVI,08月19日（水）,04,3,"[""1=3=4"",""1=3=5"",""1=4=5"",""3=4=5""]"
競艇予想NAVI,08月19日（水）,24,1,"[""1-4-2"",""1-4-3"",""1-4-5"",""1-4-6"",""3-4-1"",""3-4-2"",""4-1-2"",""4-1-3"",""4-1-5"",""4-1-6""]"
競艇予想NAVI,08月19日（水）,24,1,"[""1=2=3"",""1=2=4"",""1=3=4"",""2=3=4""]"
競艇予想NAVI,08月18日（火）,04,1,"[""1-3-4"",""1-3-5"",""3-4-1"",""3-4-2"",""3-4-5"",""3-4-6"",""4-3-1"",""4-3-2"",""4-3-5"",""4-3-6""]"
競艇予想NAVI,08月18日（火）,04,3,"[""2-5-1"",""2-5-3"",""2-5-4"",""2-5-6"",""4-5-1"",""4-5-2"",""5-2-1"",""5-2-3"",""5-2-4"",""5-2-6""]"
競艇予想NAVI,08月18日（火）,04,4,"[""1-4-2"",""1-4-3"",""1-4-5"",""1-4-6"",""3-4-1"",""3-4-2"",""4-1-2"",""4-1-3"",""4-1-5"",""4-1-6""]"
競艇予想NAVI,08月18日（火）,04,3,"[""1=2=4"",""1=2=5"",""1=4=5"",""2=4=5""]"
競艇予想NAVI,08月18日（火）,04,4,"[""1=2=3"",""1=2=4"",""1=3=4"",""2=3=4""]"
競艇予想NAVI,08月17日（月）,04,2,"[""1-3-2"",""1-3-4"",""1-3-5"",""1-3-6"",""2-3-1"",""2-3-4"",""3-1-2"",""3-1-4"",""3-1-5"",""3-1-6""]"
競艇予想NAVI,08月17日（月）,04,2,"[""1=2=3"",""1=2=4"",""1=3=4"",""2=3=4""]"
競艇予想NAVI,08月17日（月）,04,1,"[""1-5-2"",""1-5-3"",""1-5-4"",""1-5-6"",""2-5-1"",""2-5-4"",""5-1-2"",""5-1-3"",""5-1-4"",""5-1-6""]"
競艇予想NAVI,08月17日（月）,04,1,"[""1=2=4"",""1=2=5"",""1=4=5"",""2=4=5""]"
競艇予想NAVI,08月16日（日）,05,4,"[""1-5-2"",""1-5-3"",""1-5-4"",""1-5-6"",""3-5-1"",""3-5-2"",""5-1-2"",""5-1-3"",""5-1-4"",""5-1-6""]"
競艇予想NAVI,08月16日（日）,05,4,"[""1=2=3"",""1=2=5"",""1=3=5"",""2=3=5""]"
競艇予想NAVI,08月16日（日）,05,5,"[""1-2-3"",""1-2-4"",""1-2-5"",""1-2-6"",""2-1-3"",""2-1-4"",""2-1-5"",""2-1-6"",""4-2-1"",""4-2-3""]"
競艇予想NAVI,08月16日（日）,05,5,"[""1=2=3"",""1=2=4"",""1=3=4"",""2=3=4""]"
競艇予想NAVI,08月15日（土）,04,2,"[""1-4-2"",""1-4-3"",""2-4-1"",""2-4-3"",""2-4-5"",""2-4-6"",""4-2-1"",""4-2-3"",""4-2-5"",""4-2-6""]"
競艇予想NAVI,08月15日（土）,04,2,"[""1=2=3"",""1=2=4"",""1=3=4"",""2=3=4""]"
競艇予想NAVI,08月15日（土）,04,3,"[""1-3-2"",""1-3-4"",""1-3-5"",""1-3-6"",""3-1-2"",""3-1-4"",""3-1-5"",""3-1-6"",""5-1-3"",""5-1-4""]"
競艇予想NAVI,08月15日（土）,04,3,"[""1=3=4"",""1=3=5"",""1=4=5"",""3=4=5""]"
競艇予想NAVI,08月15日（土）,01,1,"[""1-4-2"",""1-4-3"",""1-4-5"",""1-4-6"",""2-1-4"",""2-1-5"",""4-1-2"",""4-1-3"",""4-1-5"",""4-1-6""]"
競艇予想NAVI,08月15日（土）,01,1,"[""1=2=4"",""1=2=5"",""1=4=5"",""2=4=5""]"
競艇予想NAVI,08月14日（金）,09,5,"[""1-2-3"",""1-2-4"",""1-2-5"",""1-2-6"",""2-1-3"",""2-1-4"",""2-1-5"",""2-1-6"",""6-1-2"",""6-1-3""]"
競艇予想NAVI,08月14日（金）,09,5,"[""1=2=3"",""1=2=6"",""1=3=6"",""2=3=6""]"
競艇予想NAVI,08月14日（金）,09,6,"[""1-3-2"",""1-3-4"",""1-3-5"",""1-3-6"",""2-1-3"",""2-1-6"",""3-1-2"",""3-1-4"",""3-1-5"",""3-1-6""]"
競艇予想NAVI,08月14日（金）,09,6,"[""1=2=3"",""1=2=6"",""1=3=6"",""2=3=6""]"
競艇予想NAVI,08月13日（木）,01,1,"[""1-6-2"",""1-6-3"",""1-6-4"",""1-6-5"",""4-1-2"",""4-1-6"",""6-1-2"",""6-1-3"",""6-1-4"",""6-1-5""]"
競艇予想NAVI,08月13日（木）,01,1,"[""1=2=4"",""1=2=6"",""1=4=6"",""2=4=6""]"
競艇予想NAVI,08月13日（木）,06,4,"[""1-4-2"",""1-4-3"",""1-4-5"",""1-4-6"",""2-1-3"",""2-1-4"",""4-1-2"",""4-1-3"",""4-1-5"",""4-1-6""]"
競艇予想NAVI,08月13日（木）,06,4,"[""1=2=3"",""1=2=4"",""1=3=6"",""2=3=4""]"
競艇予想NAVI,08月12日（水）,04,2,"[""1-6-2"",""1-6-3"",""3-6-1"",""3-6-2"",""3-6-4"",""3-6-5"",""6-3-1"",""6-3-2"",""6-3-4"",""6-3-5""]"
競艇予想NAVI,08月12日（水）,04,2,"[""1=2=3"",""1=2=6"",""1=3=6"",""2=3=6""]"
競艇予想NAVI,08月12日（水）,04,3,"[""2-4-1"",""2-4-3"",""2-4-5"",""2-4-6"",""4-2-1"",""4-2-3"",""4-2-5"",""4-2-6"",""5-2-4"",""5-2-6""]"
競艇予想NAVI,08月12日（水）,04,3,"[""2=4=5"",""2=4=6"",""2=5=6"",""4=5=6""]"
競艇予想NAVI,08月11日（火）,04,3,"[""1-4-3"",""1-4-5"",""3-4-1"",""3-4-2"",""3-4-5"",""3-4-6"",""4-3-1"",""4-3-2"",""4-3-5"",""4-3-6""]"
競艇予想NAVI,08月11日（火）,04,3,"[""1=3=4"",""1=3=5"",""1=4=5"",""3=4=5""]"
競艇予想NAVI,08月11日（火）,04,4,"[""2-3-1"",""2-3-4"",""2-3-5"",""2-3-6"",""3-2-1"",""3-2-4"",""3-2-5"",""3-2-6"",""6-3-1"",""6-3-2""]"
競艇予想NAVI,08月11日（火）,04,4,"[""1=2=3"",""1=2=6"",""1=3=6"",""2=3=6""]"
競艇予想NAVI,08月10日（月）,05,2,"[""1-2-3"",""1-2-4"",""1-2-5"",""1-2-6"",""2-1-3"",""2-1-4"",""2-1-5"",""2-1-6"",""5-1-2"",""5-1-4""]"
競艇予想NAVI,08月10日（月）,05,2,"[""1=2=4"",""1=2=5"",""1=4=5"",""2=4=5""]"
競艇予想NAVI,08月10日（月）,05,3,"[""1-5-2"",""1-5-3"",""1-5-4"",""1-5-6"",""3-5-1"",""3-5-2"",""5-1-2"",""5-1-3"",""5-1-4"",""5-1-6""]"
競艇予想NAVI,08月10日（月）,05,3,"[""1=2=3"",""1=2=5"",""1=3=5"",""2=3=5""]"
競艇予想NAVI,08月09日（日）,05,6,"[""1-2-3"",""1-2-4"",""1-2-5"",""1-2-6"",""2-1-3"",""2-1-4"",""2-1-5"",""2-1-6"",""4-2-1"",""4-2-6""]"
競艇予想NAVI,08月09日（日）,05,6,"[""1=2=4"",""1=2=6"",""1=4=6"",""2=4=6""]"
競艇予想NAVI,08月08日（土）,04,2,"[""2-6-1"",""2-6-3"",""2-6-4"",""2-6-5"",""3-2-4"",""3-2-6"",""6-2-1"",""6-2-3"",""6-2-4"",""6-2-5""]"
競艇予想NAVI,08月08日（土）,04,2,"[""2=3=4"",""2=3=6"",""2=4=6"",""3=4=6""]"
競艇予想NAVI,08月08日（土）,04,3,"[""1-2-3"",""1-2-4"",""1-2-5"",""1-2-6"",""2-1-3"",""2-1-4"",""2-1-5"",""2-1-6"",""3-1-2"",""3-1-5""]"
競艇予想NAVI,08月08日（土）,04,3,"[""1=2=3"",""1=2=5"",""1=3=5"",""2=3=5""]"
競艇予想NAVI,08月07日（金）,04,2,"[""1-4-2"",""1-4-3"",""1-4-5"",""1-4-6"",""3-1-2"",""3-1-4"",""4-1-2"",""4-1-3"",""4-1-5"",""4-1-6""]"
競艇予想NAVI,08月07日（金）,04,2,"[""1=2=3"",""1=2=4"",""1=3=4"",""2=3=4""]"
競艇予想NAVI,08月07日（金）,04,3,"[""1-3-2"",""1-3-4"",""1-3-5"",""1-3-6"",""3-1-2"",""3-1-4"",""3-1-5"",""3-1-6"",""4-1-2"",""4-1-3""]"
競艇予想NAVI,08月07日（金）,04,3,"[""1-3-2"",""1-3-4"",""1-3-5"",""1-3-6"",""3-1-2"",""3-1-4"",""3-1-5"",""3-1-6"",""4-1-2"",""4-1-3""]"
競艇予想NAVI,08月07日（金）,04,3,"[""1=2=3"",""1=2=4"",""1=3=4"",""2=3=4""]"
競艇予想NAVI,08月07日（金）,19,1,"[""2-3-1"",""2-3-4"",""2-3-5"",""2-3-6"",""3-2-1"",""3-2-4"",""3-2-5"",""3-2-6"",""4-2-1"",""4-2-3""]"
競艇予想NAVI,08月07日（金）,19,1,"[""1=2=3"",""1=2=4"",""1=3=4"",""2=3=4""]"
競艇予想NAVI,08月06日（木）,05,6,"[""1-4-2"",""1-4-3"",""1-4-5"",""1-4-6"",""2-4-1"",""2-4-5"",""4-1-2"",""4-1-3"",""4-1-5"",""4-1-6""]"
競艇予想NAVI,08月06日（木）,05,6,"[""1=2=4"",""1=2=5"",""1=4=5"",""2=4=5""]"
競艇予想NAVI,08月06日（木）,05,5,"[""2-4-3"",""2-4-5"",""4-5-1"",""4-5-2"",""4-5-3"",""4-5-6"",""5-4-1"",""5-4-2"",""5-4-3"",""5-4-6""]"
競艇予想NAVI,08月06日（木）,05,5,"[""2=3=4"",""2=3=5"",""2=4=5"",""3=4=5""]"
競艇予想NAVI,08月05日（水）,05,5,"[""2-5-1"",""2-5-3"",""2-5-4"",""2-5-6"",""4-5-1"",""4-5-2"",""5-2-1"",""5-2-3"",""5-2-4"",""5-2-6""]"
競艇予想NAVI,08月05日（水）,05,5,"[""1=2=4"",""1=2=5"",""1=4=5"",""2=4=5""]"
競艇予想NAVI,08月05日（水）,05,6,"[""1-2-3"",""1-2-4"",""1-2-5"",""1-2-6"",""2-1-3"",""2-1-4"",""2-1-5"",""2-1-6"",""6-1-2"",""6-1-5""]"
競艇予想NAVI,08月05日（水）,05,6,"[""1=2=5"",""1=2=6"",""1=5=6"",""2=5=6""]"
競艇予想NAVI,08月04日（火）,11,4,"[""1-4-2"",""1-4-3"",""1-4-5"",""1-4-6"",""4-1-2"",""4-1-3"",""4-1-5"",""4-1-6"",""6-1-2"",""6-1-4""]"
競艇予想NAVI,08月04日（火）,11,4,"[""1=2=4"",""1=2=6"",""1=4=6"",""2=4=6""]"
競艇予想NAVI,08月04日（火）,11,5,"[""1-2-3"",""1-2-4"",""1-2-5"",""1-2-6"",""2-1-3"",""2-1-4"",""2-1-5"",""2-1-6"",""4-2-1"",""4-2-6""]"
競艇予想NAVI,08月04日（火）,11,5,"[""1=2=4"",""1=2=6"",""1=4=6"",""2=4=6""]"
競艇予想NAVI,08月04日（火）,11,6,"[""2-3-1"",""2-3-4"",""2-3-5"",""2-3-6"",""3-2-1"",""3-2-4"",""3-2-5"",""3-2-6"",""5-2-1"",""5-2-3""]"
競艇予想NAVI,08月04日（火）,11,6,"[""1=2=3"",""1=2=5"",""1=3=5"",""2=3=5""]"
競艇予想NAVI,08月03日（月）,11,6,"[""1-4-2"",""1-4-3"",""1-4-5"",""1-4-6"",""3-1-2"",""3-1-4"",""4-1-2"",""4-1-3"",""4-1-5"",""4-1-6""]"
競艇予想NAVI,08月03日（月）,11,6,"[""1=2=3"",""1=2=4"",""1=3=4"",""2=3=4""]"
競艇予想NAVI,08月03日（月）,11,5,"[""1-2-3"",""1-2-6"",""2-3-1"",""2-3-4"",""2-3-5"",""2-3-6"",""3-2-1"",""3-2-4"",""3-2-5"",""3-2-6""]"
競艇予想NAVI,08月03日（月）,11,5,"[""1=2=3"",""1=2=6"",""1=3=6"",""2=3=6""]"
競艇予想NAVI,08月02日（日）,18,8,"[""2-4-1"",""2-4-3"",""2-4-5"",""2-4-6"",""3-2-1"",""3-2-4"",""4-2-1"",""4-2-3"",""4-2-5"",""4-2-6""]"
競艇予想NAVI,08月02日（日）,18,8,"[""1=2=3"",""1=2=4"",""1=3=4"",""2=3=4""]"
競艇予想NAVI,08月02日（日）,24,1,"[""1-2-3"",""1-2-4"",""1-2-5"",""1-2-6"",""2-1-3"",""2-1-4"",""2-1-5"",""2-1-6"",""5-1-2"",""5-1-3""]"
競艇予想NAVI,08月02日（日）,24,1,"[""1=2=3"",""1=2=5"",""1=3=5"",""2=3=5""]"
競艇予想NAVI,08月01日（土）,21,7,"[""1-3-2"",""1-3-4"",""1-3-5"",""1-3-6"",""3-1-2"",""3-1-4"",""3-1-5"",""3-1-6"",""4-1-3"",""4-1-5""]"
競艇予想NAVI,08月01日（土）,21,7,"[""1=3=4"",""1=3=5"",""1=4=5"",""3=4=5""]"
競艇予想NAVI,08月01日（土）,21,8,"[""1-2-3"",""1-2-4"",""1-2-5"",""1-2-6"",""2-1-3"",""2-1-4"",""2-1-5"",""2-1-6"",""4-1-2"",""4-1-3""]"
競艇予想NAVI,08月01日（土）,21,8,"[""1=2=3"",""1=2=4"",""1=3=4"",""2=3=4""]"
競艇予想NAVI,08月01日（土）,24,1,"[""1-5-2"",""1-5-3"",""1-5-4"",""1-5-6"",""5-1-2"",""5-1-3"",""5-1-4"",""5-1-6"",""6-1-4"",""6-1-5""]"
競艇予想NAVI,08月01日（土）,24,1,"[""1=4=5"",""1=4=6"",""1=5=6"",""4=5=6""]"
競艇予想NAVI,07月31日（金）,11,5,"[""1-3-2"",""1-3-6"",""3-6-1"",""3-6-2"",""3-6-4"",""3-6-5"",""6-3-1"",""6-3-2"",""6-3-4"",""6-3-5""]"
競艇予想NAVI,07月31日（金）,11,5,"[""1=2=3"",""1=2=6"",""1=3=6"",""2=3=6""]"
競艇予想NAVI,07月31日（金）,11,6,"[""1-5-2"",""1-5-3"",""1-5-4"",""1-5-6"",""2-5-1"",""2-5-4"",""5-1-2"",""5-1-3"",""5-1-4"",""5-1-6""]"
競艇予想NAVI,07月31日（金）,11,6,"[""1-2-4"",""1-2-5"",""1-4-5"",""2-4-5""]"
競艇予想NAVI,07月30日（木）,11,6,"[""1-6-2"",""1-6-3"",""1-6-4"",""1-6-5"",""4-6-1"",""4-6-2"",""6-1-2"",""6-1-3"",""6-1-4"",""6-1-5""]"
競艇予想NAVI,07月30日（木）,11,6,"[""1=2=4"",""1=2=6"",""1=4=6"",""2=4=6""]"
競艇予想NAVI,07月30日（木）,11,5,"[""2-3-1"",""2-3-5"",""3-5-1"",""3-5-2"",""3-5-4"",""3-5-6"",""5-3-1"",""5-3-2"",""5-3-4"",""5-3-6""]"
競艇予想NAVI,07月30日（木）,11,5,"[""1=2=3"",""1=2=5"",""1=3=5"",""2=3=5""]"
競艇予想NAVI,07月29日（水）,05,5,"[""1-2-5"",""1-2-6"",""2-5-1"",""2-5-3"",""2-5-4"",""2-5-6"",""5-2-1"",""5-2-3"",""5-2-4"",""5-2-6""]"
競艇予想NAVI,07月29日（水）,05,5,"[""1=2=5"",""1=2=6"",""1=5=6"",""2=5=6""]"
競艇予想NAVI,07月29日（水）,05,6,"[""2-5-3"",""2-5-4"",""3-5-1"",""3-5-2"",""3-5-4"",""3-5-6"",""5-3-1"",""5-3-2"",""5-3-4"",""5-3-6""]"
競艇予想NAVI,07月29日（水）,05,6,"[""2=3=4"",""2=3=5"",""2=4=5"",""3=4=5""]"
競艇予想NAVI,07月27日（月）,21,5,"[""1-4-2"",""1-4-5"",""4-5-1"",""4-5-2"",""4-5-3"",""4-5-6"",""5-4-1"",""5-4-2"",""5-4-3"",""5-4-6""]"
競艇予想NAVI,07月27日（月）,21,5,"[""1=2=4"",""1=2=5"",""1=4=5"",""2=4=5""]"
競艇予想NAVI,07月27日（月）,21,4,"[""1-4-2"",""1-4-3"",""1-4-5"",""1-4-6"",""3-1-4"",""3-1-5"",""4-1-2"",""4-1-3"",""4-1-5"",""4-1-6""]"
競艇予想NAVI,07月27日（月）,21,4,"[""1=3=4"",""1=3=5"",""1=4=5"",""3=4=5""]"
競艇予想NAVI,07月26日（日）,14,5,"[""1-2-3"",""1-2-4"",""1-2-5"",""1-2-6"",""2-1-3"",""2-1-4"",""2-1-5"",""2-1-6"",""6-2-1"",""6-2-5""]"
競艇予想NAVI,07月26日（日）,14,5,"[""1=2=5"",""1=2=6"",""1=5=6"",""2=5=6""]"
競艇予想NAVI,07月26日（日）,14,6,"[""1-4-2"",""1-4-3"",""1-4-5"",""1-4-6"",""4-1-2"",""4-1-3"",""4-1-5"",""4-1-6"",""5-4-1"",""5-4-6""]"
競艇予想NAVI,07月26日（日）,14,6,"[""1=4=5"",""1=4=6"",""1=5=6"",""4=5=6""]"
競艇予想NAVI,07月26日（日）,01,1,"[""1-3-2"",""1-3-4"",""1-3-5"",""1-3-6"",""3-1-2"",""3-1-4"",""3-1-5"",""3-1-6"",""6-1-2"",""6-1-3""]"
競艇予想NAVI,07月26日（日）,01,1,"[""1=2=3"",""1=2=6"",""1=3=6"",""2=3=6""]"
競艇予想NAVI,07月25日（土）,06,3,"[""2-4-1"",""2-4-6"",""4-6-1"",""4-6-2"",""4-6-3"",""4-6-5"",""6-4-1"",""6-4-2"",""6-4-3"",""6-4-5""]"
競艇予想NAVI,07月25日（土）,06,3,"[""1=2=4"",""1=2=6"",""1=4=6"",""2=4=6""]"
競艇予想NAVI,07月25日（土）,06,4,"[""1-2-3"",""1-2-4"",""1-2-5"",""1-2-6"",""2-1-3"",""2-1-4"",""2-1-5"",""2-1-6"",""4-1-2"",""4-1-3""]"
競艇予想NAVI,07月25日（土）,06,4,"[""1=2=3"",""1=2=4"",""1=3=4"",""2=3=4""]"
競艇予想NAVI,07月25日（土）,12,1,"[""1-2-3"",""1-2-4"",""1-2-5"",""1-2-6"",""2-1-3"",""2-1-4"",""2-1-5"",""2-1-6"",""6-1-2"",""6-1-3""]"
競艇予想NAVI,07月25日（土）,12,1,"[""1=2=3"",""1=2=6"",""1=3=6"",""2=3=6""]"
競艇予想NAVI,07月24日（金）,05,5,"[""1-3-2"",""1-3-4"",""1-3-5"",""1-3-6"",""3-1-2"",""3-1-4"",""3-1-5"",""3-1-6"",""6-3-1"",""6-3-5""]"
競艇予想NAVI,07月24日（金）,05,5,"[""1=3=5"",""1=3=6"",""1=5=6"",""3=5=6""]"
競艇予想NAVI,07月24日（金）,06,6,"[""2-4-3"",""2-4-6"",""4-6-1"",""4-6-2"",""4-6-3"",""4-6-5"",""6-4-1"",""6-4-2"",""6-4-3"",""6-4-5""]"
競艇予想NAVI,07月24日（金）,06,6,"[""2=3=4"",""2=3=6"",""2=4=6"",""3=4=6""]"
競艇予想NAVI,07月24日（金）,01,1,"[""1-3-2"",""1-3-4"",""1-3-5"",""1-3-6"",""3-1-2"",""3-1-4"",""3-1-5"",""3-1-6"",""4-1-2"",""4-1-3""]"
競艇予想NAVI,07月24日（金）,01,1,"[""1=2=3"",""1=2=4"",""1=3=4"",""2=3=4""]"
競艇予想NAVI,07月23日（木）,09,5,"[""1-3-2"",""1-3-4"",""1-3-5"",""1-3-6"",""3-1-2"",""3-1-4"",""3-1-5"",""3-1-6"",""6-1-3"",""6-1-4""]"
競艇予想NAVI,07月23日（木）,09,5,"[""1=3=4"",""1=3=6"",""1=4=6"",""3=4=6""]"
競艇予想NAVI,07月23日（木）,09,6,"[""1-4-2"",""1-4-3"",""1-4-5"",""1-4-6"",""4-1-2"",""4-1-3"",""4-1-5"",""4-1-6"",""6-4-1"",""6-4-5""]"
競艇予想NAVI,07月23日（木）,09,6,"[""1=4=5"",""1=4=6"",""1=5=6"",""4=5=6""]"
競艇予想NAVI,07月22日（水）,14,6,"[""2=3=5"",""2=3=6"",""2=5=6"",""3=5=6""]"
競艇予想NAVI,07月22日（水）,14,5,"[""2-4-1"",""2-4-3"",""2-4-5"",""2-4-6"",""3-2-1"",""3-2-4"",""4-2-1"",""4-2-3"",""4-2-5"",""4-2-6""]"
競艇予想NAVI,07月22日（水）,14,5,"[""1=2=3"",""1=2=4"",""1=3=4"",""2=3=4""]"
競艇予想NAVI,07月22日（水）,14,6,"[""3-6-1"",""3-6-2"",""3-6-4"",""3-6-5"",""5-3-2"",""5-3-6"",""6-3-1"",""6-3-2"",""6-3-4"",""6-3-5""]"
競艇予想NAVI,07月20日（月）,09,5,"[""1-2-3"",""1-2-4"",""1-2-5"",""1-2-6"",""2-1-3"",""2-1-4"",""2-1-5"",""2-1-6"",""5-1-2"",""5-1-3""]"
競艇予想NAVI,07月20日（月）,09,5,"[""1=2=3"",""1=2=5"",""1=3=5"",""2=3=5""]"
競艇予想NAVI,07月20日（月）,09,6,"[""1-4-2"",""1-4-3"",""1-4-5"",""1-4-6"",""2-4-1"",""2-4-5"",""4-1-2"",""4-1-3"",""4-1-5"",""4-1-6""]"
競艇予想NAVI,07月20日（月）,09,6,"[""1=2=4"",""1=2=5"",""1=4=5"",""2=4=5""]"
競艇予想NAVI,07月19日（日）,13,6,"[""1-5-2"",""1-5-3"",""1-5-4"",""1-5-6"",""4-1-5"",""4-1-6"",""5-1-2"",""5-1-3"",""5-1-4"",""5-1-6""]"
競艇予想NAVI,07月19日（日）,13,6,"[""1=4=5"",""1=4=6"",""1=5=6"",""4=5=6""]"
競艇予想NAVI,07月19日（日）,01,1,"[""1-2-3"",""1-2-4"",""1-2-5"",""1-2-6"",""2-1-3"",""2-1-4"",""2-1-5"",""2-1-6"",""4-1-2"",""4-1-3""]"
競艇予想NAVI,07月19日（日）,01,1,"[""1=2=3"",""1=2=4"",""1=3=4"",""2=3=4""]"
競艇予想NAVI,07月18日（土）,09,6,"[""2-3-1"",""2-3-5"",""3-5-1"",""3-5-2"",""3-5-4"",""3-5-6"",""5-3-1"",""5-3-2"",""5-3-4"",""5-3-6""]"
競艇予想NAVI,07月18日（土）,09,6,"[""1=2=3"",""1=2=5"",""1=3=5"",""2=3=5""]"
競艇予想NAVI,07月18日（土）,09,5,"[""1-3-2"",""1-3-4"",""1-3-5"",""1-3-6"",""2-1-3"",""2-1-5"",""3-1-2"",""3-1-4"",""3-1-5"",""3-1-6""]"
競艇予想NAVI,07月18日（土）,09,5,"[""1=2=3"",""1=2=5"",""1=3=5"",""2=3=5""]"
競艇予想NAVI,07月17日（金）,13,5,"[""1-6-2"",""1-6-4"",""2-6-1"",""2-6-3"",""2-6-4"",""2-6-5"",""6-2-1"",""6-2-3"",""6-2-4"",""6-2-5""]"
競艇予想NAVI,07月17日（金）,13,5,"[""1=2=4"",""1=2=6"",""1=4=6"",""2=4=6""]"
競艇予想NAVI,07月17日（金）,13,6,"[""1-5-2"",""1-5-3"",""1-5-4"",""1-5-6"",""4-1-3"",""4-1-5"",""5-1-2"",""5-1-3"",""5-1-4"",""5-1-6""]"
競艇予想NAVI,07月17日（金）,13,6,"[""1=3=4"",""1=3=5"",""1=4=5"",""3=4=5""]"
競艇予想NAVI,07月17日（金）,01,1,"[""1-4-2"",""1-4-3"",""1-4-5"",""1-4-6"",""3-1-4"",""3-1-6"",""4-1-2"",""4-1-3"",""4-1-5"",""4-1-6""]"
競艇予想NAVI,07月17日（金）,01,1,"[""1=3=4"",""1=3=6"",""1=4=6"",""3=4=6""]"
競艇予想NAVI,07月16日（木）,04,3,"[""1-2-3"",""1-2-5"",""2-3-1"",""2-3-4"",""2-3-5"",""2-3-6"",""3-2-1"",""3-2-4"",""3-2-5"",""3-2-6""]"
競艇予想NAVI,07月16日（木）,04,3,"[""1=2=3"",""1=2=5"",""1=3=5"",""2=3=5""]"
競艇予想NAVI,07月16日（木）,04,2,"[""1-4-2"",""1-4-3"",""1-4-5"",""1-4-6"",""3-4-1"",""3-4-2"",""4-1-2"",""4-1-3"",""4-1-5"",""4-1-6""]"
競艇予想NAVI,07月16日（木）,04,2,"[""1=2=3"",""1=2=4"",""1=3=4"",""2=3=4""]"
競艇予想NAVI,07月15日（水）,06,3,"[""2-3-4"",""2-3-5"",""3-5-1"",""3-5-2"",""3-5-4"",""3-5-6"",""5-3-1"",""5-3-2"",""5-3-4"",""5-3-6""]"
競艇予想NAVI,07月15日（水）,06,3,"[""2=3=4"",""2=3=5"",""2=4=5"",""3=4=5""]"
競艇予想NAVI,07月15日（水）,06,4,"[""1-4-2"",""1-4-3"",""1-4-5"",""1-4-6"",""4-1-2"",""4-1-3"",""4-1-5"",""4-1-6"",""5-1-3"",""5-1-4""]"
競艇予想NAVI,07月15日（水）,06,4,"[""1=3=4"",""1=3=5"",""1=4=5"",""3=4=5""]"
競艇予想NAVI,07月14日（火）,13,4,"[""1-4-2"",""1-4-3"",""1-4-5"",""1-4-6"",""3-1-2"",""3-1-4"",""4-1-2"",""4-1-3"",""4-1-5"",""4-1-6""]"
競艇予想NAVI,07月14日（火）,13,4,"[""1=2=3"",""1=2=4"",""1=3=4"",""2=3=4""]"
競艇予想NAVI,07月14日（火）,13,5,"[""1-5-2"",""1-5-3"",""1-5-4"",""1-5-6"",""3-1-4"",""3-1-5"",""5-1-2"",""5-1-3"",""5-1-4"",""5-1-6""]"
競艇予想NAVI,07月14日（火）,13,5,"[""1=3=4"",""1=3=5"",""1=4=5"",""3=4=5""]"
競艇予想NAVI,07月14日（火）,13,6,"[""2-4-1"",""2-4-3"",""2-4-5"",""2-4-6"",""3-4-1"",""3-4-2"",""4-2-1"",""4-2-3"",""4-2-5"",""4-2-6""]"
競艇予想NAVI,07月14日（火）,13,6,"[""1=2=3"",""1=2=4"",""1=3=4"",""2=3=4""]"
競艇予想NAVI,07月13日（月）,04,2,"[""1-5-2"",""1-5-3"",""1-5-4"",""1-5-6"",""3-5-1"",""3-5-4"",""5-1-2"",""5-1-3"",""5-1-4"",""5-1-6""]"
競艇予想NAVI,07月13日（月）,04,2,"[""1=3=4"",""1=3=5"",""1=4=5"",""3=4=5""]"
競艇予想NAVI,07月13日（月）,04,3,"[""1-2-3"",""1-2-4"",""1-2-5"",""1-2-6"",""2-1-3"",""2-1-4"",""2-1-5"",""2-1-6"",""6-1-2"",""6-1-3""]"
競艇予想NAVI,07月13日（月）,04,3,"[""1=2=3"",""1=2=6"",""1=3=6"",""2=3=6""]"
競艇予想NAVI,07月12日（日）,10,5,"[""1-2-3"",""1-2-4"",""1-2-5"",""1-2-6"",""2-1-3"",""2-1-4"",""2-1-5"",""2-1-6"",""5-2-1"",""5-2-6""]"
競艇予想NAVI,07月12日（日）,10,5,"[""1=2=5"",""1=2=6"",""1=5=6"",""2=5=6""]"
競艇予想NAVI,07月12日（日）,10,6,"[""1-2-3"",""1-2-4"",""1-2-5"",""1-2-6"",""2-1-3"",""2-1-4"",""2-1-5"",""2-1-6"",""4-1-2"",""4-1-5""]"
競艇予想NAVI,07月12日（日）,10,6,"[""1-2-4"",""1-2-5"",""1-4-5"",""2-4-5""]"
競艇予想NAVI,07月11日（土）,04,2,"[""1-3-2"",""1-3-4"",""1-3-5"",""1-3-6"",""3-1-2"",""3-1-4"",""3-1-5"",""3-1-6"",""4-1-2"",""4-1-3""]"
競艇予想NAVI,07月11日（土）,04,2,"[""1=2=3"",""1=2=4"",""1=3=4"",""2=3=4""]"
競艇予想NAVI,07月11日（土）,04,3,"[""1-2-3"",""1-2-4"",""1-2-5"",""1-2-6"",""2-1-3"",""2-1-4"",""2-1-5"",""2-1-6"",""5-1-2"",""5-1-4""]"
競艇予想NAVI,07月11日（土）,04,3,"[""1=2=4"",""1=2=5"",""1=4=5"",""2=4=5""]"
競艇予想NAVI,07月11日（土）,15,1,"[""1-2-3"",""1-2-4"",""1-2-5"",""1-2-6"",""2-1-3"",""2-1-4"",""2-1-5"",""2-1-6"",""6-1-2"",""6-1-4""]"
競艇予想NAVI,07月11日（土）,15,1,"[""1=2=4"",""1=2=6"",""1=4=6"",""2=4=6""]"
競艇予想NAVI,07月10日（金）,02,5,"[""1-5-2"",""1-5-3"",""1-5-4"",""1-5-6"",""2-5-1"",""2-5-4"",""5-1-2"",""5-1-3"",""5-1-4"",""5-1-6""]"
競艇予想NAVI,07月10日（金）,02,5,"[""1=2=4"",""1=2=5"",""1=4=5"",""2=4=5""]"
競艇予想NAVI,07月10日（金）,02,6,"[""2-3-1"",""2-3-4"",""2-3-5"",""2-3-6"",""3-2-1"",""3-2-4"",""3-2-5"",""3-2-6"",""6-3-1"",""6-3-2""]"
競艇予想NAVI,07月10日（金）,02,6,"[""1=2=3"",""1=2=6"",""1=3=6"",""2=3=6""]"
競艇予想NAVI,07月10日（金）,01,1,"[""1-2-3"",""1-2-4"",""1-2-5"",""1-2-6"",""2-1-3"",""2-1-4"",""2-1-5"",""2-1-6"",""4-1-2"",""4-1-3""]"
競艇予想NAVI,07月10日（金）,01,1,"[""1=2=3"",""1=2=4"",""1=3=4"",""2=3=4""]"
競艇予想NAVI,07月09日（木）,05,4,"[""1-3-2"",""1-3-4"",""1-3-5"",""1-3-6"",""3-1-2"",""3-1-4"",""3-1-5"",""3-1-6"",""6-3-1"",""6-3-2""]"
競艇予想NAVI,07月09日（木）,05,4,"[""1=2=3"",""1=2=6"",""1=3=6"",""2=3=6""]"
競艇予想NAVI,07月09日（木）,05,5,"[""2-4-1"",""2-4-3"",""2-4-5"",""2-4-6"",""4-2-1"",""4-2-3"",""4-2-5"",""4-2-6"",""6-4-2"",""6-4-3""]"
競艇予想NAVI,07月09日（木）,05,5,"[""2=3=4"",""2=3=6"",""2=4=6"",""3=4=6""]"
競艇予想NAVI,07月09日（木）,05,4,"[""1-3-2"",""1-3-4"",""1-3-5"",""1-3-6"",""3-1-2"",""3-1-4"",""3-1-5"",""3-1-6"",""6-3-1"",""6-3-2""]"
競艇予想NAVI,07月09日（木）,05,4,"[""1=2=3"",""1=2=6"",""1=3=6"",""2=3=6""]"
競艇予想NAVI,07月09日（木）,05,5,"[""2-4-1"",""2-4-3"",""2-4-5"",""2-4-6"",""4-2-1"",""4-2-3"",""4-2-5"",""4-2-6"",""6-4-2"",""6-4-3""]"
競艇予想NAVI,07月09日（木）,05,5,"[""2=3=4"",""2=3=6"",""2=4=6"",""3=4=6""]"
競艇予想NAVI,07月08日（水）,01,1,"[""1-6-3"",""1-6-5"",""5-6-1"",""5-6-2"",""5-6-3"",""5-6-4"",""6-5-1"",""6-5-2"",""6-5-3"",""6-5-4""]"
競艇予想NAVI,07月08日（水）,01,1,"[""1=3=5"",""1=3=6"",""1=5=6"",""3=5=6""]"
競艇予想NAVI,07月08日（水）,10,5,"[""1-5-2"",""1-5-3"",""1-5-4"",""1-5-6"",""3-1-2"",""3-1-5"",""5-1-2"",""5-1-3"",""5-1-4"",""5-1-6""]"
競艇予想NAVI,07月08日（水）,10,5,"[""1=2=3"",""1=2=5"",""1=3=5"",""2=3=5""]"
競艇予想NAVI,07月08日（水）,10,6,"[""2-6-4"",""2-6-5"",""4-6-1"",""4-6-2"",""4-6-3"",""4-6-5"",""6-4-1"",""6-4-2"",""6-4-3"",""6-4-5""]"
競艇予想NAVI,07月08日（水）,10,6,"[""2=4=5"",""2=4=6"",""2=5=6"",""4=5=6""]"
競艇予想NAVI,07月07日（火）,10,1,"[""1-4-2"",""1-4-3"",""1-4-5"",""1-4-6"",""4-1-2"",""4-1-3"",""4-1-5"",""4-1-6"",""6-1-2"",""6-1-4""]"
競艇予想NAVI,07月07日（火）,10,1,"[""1=2=4"",""1=2=6"",""1=4=6"",""2=4=6""]"
競艇予想NAVI,07月07日（火）,10,2,"[""1-2-4"",""1-2-6"",""2-4-1"",""2-4-3"",""2-4-5"",""2-4-6"",""4-2-1"",""4-2-3"",""4-2-5"",""4-2-6""]"
競艇予想NAVI,07月07日（火）,10,2,"[""1=2=4"",""1=2=6"",""1=4=6"",""2=4=6""]"
競艇予想NAVI,07月07日（火）,10,3,"[""1-2-3"",""1-2-4"",""1-2-5"",""1-2-6"",""2-1-3"",""2-1-4"",""2-1-5"",""2-1-6"",""3-1-2"",""3-1-4""]"
競艇予想NAVI,07月07日（火）,10,3,"[""1=2=3"",""1=2=4"",""1=3=4"",""2=3=4""]"
競艇予想NAVI,07月07日（火）,10,4,"[""1-4-2"",""1-4-3"",""1-4-5"",""1-4-6"",""4-1-2"",""4-1-3"",""4-1-5"",""4-1-6"",""6-1-2"",""6-1-4""]"
競艇予想NAVI,07月07日（火）,10,4,"[""1=2=4"",""1=2=6"",""1=4=6"",""2=4=6""]"
競艇予想NAVI,07月07日（火）,10,5,"[""2-5-1"",""2-5-3"",""2-5-4"",""2-5-6"",""4-2-1"",""4-2-5"",""5-2-1"",""5-2-3"",""5-2-4"",""5-2-6""]"
競艇予想NAVI,07月07日（火）,10,5,"[""1=2=4"",""1=2=5"",""1=4=5"",""2=4=5""]"
競艇予想NAVI,07月06日（月）,11,4,"[""2-3-1"",""2-3-4"",""2-3-5"",""2-3-6"",""3-2-1"",""3-2-4"",""3-2-5"",""3-2-6"",""6-2-1"",""6-2-3""]"
競艇予想NAVI,07月06日（月）,11,7,"[""1-6-2"",""1-6-3"",""1-6-4"",""1-6-5"",""4-1-2"",""4-1-6"",""6-1-2"",""6-1-3"",""6-1-4"",""6-1-5""]"
競艇予想NAVI,07月05日（日）,13,6,"[""1-4-2"",""1-4-3"",""1-4-5"",""1-4-6"",""4-1-2"",""4-1-3"",""4-1-5"",""4-1-6"",""6-1-2"",""6-1-4""]"
競艇予想NAVI,07月05日（日）,13,6,"[""1=2=4"",""1=2=6"",""1=4=6"",""2=4=6""]"
競艇予想NAVI,07月04日（土）,06,3,"[""2-3-1"",""2-3-4"",""2-3-5"",""2-3-6"",""3-2-1"",""3-2-4"",""3-2-5"",""3-2-6"",""6-2-1"",""6-2-3""]"
競艇予想NAVI,07月04日（土）,06,3,"[""1=2=3"",""1=2=6"",""1=3=6"",""2=3=6""]"
競艇予想NAVI,07月04日（土）,06,4,"[""1-4-2"",""1-4-3"",""1-4-5"",""1-4-6"",""3-1-2"",""3-1-4"",""4-1-2"",""4-1-3"",""4-1-5"",""4-1-6""]"
競艇予想NAVI,07月04日（土）,06,4,"[""1=2=3"",""1=2=4"",""1=3=4"",""2=3=4""]"
競艇予想NAVI,07月04日（土）,12,1,"[""1-6-2"",""1-6-3"",""1-6-4"",""1-6-5"",""4-1-3"",""4-1-6"",""6-1-2"",""6-1-3"",""6-1-4"",""6-1-5""]"
競艇予想NAVI,07月04日（土）,12,1,"[""1=3=4"",""1=3=6"",""1=4=6"",""3=4=6""]"
競艇予想NAVI,07月03日（金）,11,5,"[""1-2-3"",""1-2-4"",""1-2-5"",""1-2-6"",""2-1-3"",""2-1-4"",""2-1-5"",""2-1-6"",""6-1-2"",""6-1-3""]"
競艇予想NAVI,07月03日（金）,11,5,"[""1=2=3"",""1=2=6"",""1=3=6"",""2=3=6""]"
競艇予想NAVI,07月03日（金）,11,6,"[""2-4-1"",""2-4-3"",""2-4-5"",""2-4-6"",""4-2-1"",""4-2-3"",""4-2-5"",""4-2-6"",""5-2-1"",""5-2-4""]"
競艇予想NAVI,07月03日（金）,11,6,"[""1=2=4"",""1=2=5"",""1=4=5"",""2=4=5""]"
競艇予想NAVI,07月03日（金）,12,1,"[""1-3-2"",""1-3-4"",""1-3-5"",""1-3-6"",""3-1-2"",""3-1-4"",""3-1-5"",""3-1-6"",""4-1-2"",""4-1-3""]"
競艇予想NAVI,07月03日（金）,12,1,"[""1=2=3"",""1=2=4"",""1=3=4"",""2=3=4""]"
競艇予想NAVI,07月02日（木）,03,5,"[""1-4-2"",""1-4-5"",""4-5-1"",""4-5-2"",""4-5-3"",""4-5-6"",""5-4-1"",""5-4-2"",""5-4-3"",""5-4-6""]"
競艇予想NAVI,07月02日（木）,03,5,"[""1=2=4"",""1=2=5"",""1=4=5"",""2=4=5""]"
競艇予想NAVI,07月02日（木）,03,6,"[""2-3-1"",""2-3-4"",""2-3-5"",""2-3-6"",""3-2-1"",""3-2-4"",""3-2-5"",""3-2-6"",""5-3-1"",""5-3-2""]"
競艇予想NAVI,07月02日（木）,03,6,"[""1=2=3"",""1=2=5"",""1=3=5"",""2=3=5""]"
競艇予想NAVI,07月02日（木）,01,1,"[""1-2-3"",""1-2-4"",""1-2-5"",""1-2-6"",""2-1-3"",""2-1-4"",""2-1-5"",""2-1-6"",""3-1-2"",""3-1-4""]"
競艇予想NAVI,07月02日（木）,01,1,"[""1=2=3"",""1=2=4"",""1=3=4"",""2=3=4""]"
競艇予想NAVI,07月01日（水）,11,5,"[""1-2-3"",""1-2-4"",""1-2-5"",""1-2-6"",""2-1-3"",""2-1-4"",""2-1-5"",""2-1-6"",""3-1-2"",""3-1-5""]"
競艇予想NAVI,07月01日（水）,11,5,"[""1=2=3"",""1=2=5"",""1=3=5"",""2=3=5""]"
競艇予想NAVI,07月01日（水）,11,6,"[""3-5-1"",""3-5-4"",""4-5-1"",""4-5-2"",""4-5-3"",""4-5-6"",""5-4-1"",""5-4-2"",""5-4-3"",""5-4-6""]"
競艇予想NAVI,07月01日（水）,11,6,"[""1=3=4"",""1=3=5"",""1=4=5"",""3=4=5""]"
競艇予想NAVI,06月30日（火）,12,1,"[""1-3-2"",""1-3-6"",""3-6-1"",""3-6-2"",""3-6-4"",""3-6-5"",""6-3-1"",""6-3-2"",""6-3-4"",""6-3-5""]"
競艇予想NAVI,06月30日（火）,12,1,"[""1=2=3"",""1=2=6"",""1=3=6"",""2=3=6""]"
競艇予想NAVI,06月30日（火）,12,2,"[""3-4-1"",""3-4-2"",""3-4-5"",""3-4-6"",""4-3-1"",""4-3-2"",""4-3-5"",""4-3-6"",""5-4-1"",""5-4-3""]"
競艇予想NAVI,06月30日（火）,12,2,"[""1=3=4"",""1=3=5"",""1=4=5"",""3=4=5""]"
競艇予想NAVI,06月29日（月）,02,5,"[""1-4-2"",""1-4-3"",""1-4-5"",""1-4-6"",""3-1-4"",""3-1-6"",""4-1-2"",""4-1-3"",""4-1-5"",""4-1-6""]"
競艇予想NAVI,06月29日（月）,02,5,"[""1=3=4"",""1=3=6"",""1=4=6"",""3=4=6""]"
競艇予想NAVI,06月29日（月）,02,4,"[""1-6-2"",""1-6-3"",""1-6-4"",""1-6-5"",""3-6-1"",""3-6-2"",""6-1-2"",""6-1-3"",""6-1-4"",""6-1-5""]"
競艇予想NAVI,06月29日（月）,02,4,"[""1=2=3"",""1=2=6"",""1=3=6"",""2=3=6""]"
競艇予想NAVI,06月28日（日）,17,5,"[""1-3-2"",""1-3-4"",""1-3-5"",""1-3-6"",""3-1-2"",""3-1-4"",""3-1-5"",""3-1-6"",""6-1-3"",""6-1-5""]"
競艇予想NAVI,06月28日（日）,17,5,"[""1=3=5"",""1=3=6"",""1=5=6"",""3=5=6""]"
競艇予想NAVI,06月28日（日）,17,6,"[""1-2-3"",""1-2-4"",""1-2-5"",""1-2-6"",""2-1-3"",""2-1-4"",""2-1-5"",""2-1-6"",""4-1-2"",""4-1-3""]"
競艇予想NAVI,06月28日（日）,17,6,"[""1=2=3"",""1=2=4"",""1=3=4"",""2=3=4""]"
競艇予想NAVI,06月27日（土）,17,5,"[""1-2-3"",""1-2-5"",""2-3-1"",""2-3-4"",""2-3-5"",""2-3-6"",""3-2-1"",""3-2-4"",""3-2-5"",""3-2-6""]"
競艇予想NAVI,06月27日（土）,17,5,"[""1=2=3"",""1=2=5"",""1=3=5"",""2=3=5""]"
競艇予想NAVI,06月27日（土）,16,6,"[""2-3-4"",""2-3-5"",""3-5-1"",""3-5-2"",""3-5-4"",""3-5-6"",""5-3-1"",""5-3-2"",""5-3-4"",""5-3-6""]"
競艇予想NAVI,06月27日（土）,17,6,"[""2=3=4"",""2=3=5"",""2=4=5"",""3=4=5""]"
競艇予想NAVI,06月26日（金）,17,5,"[""1-3-2"",""1-3-4"",""1-3-5"",""1-3-6"",""3-1-2"",""3-1-4"",""3-1-5"",""3-1-6"",""5-3-1"",""5-3-2""]"
競艇予想NAVI,06月26日（金）,17,5,"[""1=2=3"",""1=2=5"",""1=3=5"",""2=3=5""]"
競艇予想NAVI,06月26日（金）,17,6,"[""1-2-3"",""1-2-4"",""1-2-5"",""1-2-6"",""2-1-3"",""2-1-4"",""2-1-5"",""2-1-6"",""4-2-1"",""4-2-6""]"
競艇予想NAVI,06月26日（金）,17,6,"[""1=2=4"",""1=2=6"",""1=4=6"",""2=4=6""]"
競艇予想NAVI,06月25日（木）,17,6,"[""1-4-2"",""1-4-3"",""1-4-5"",""1-4-6"",""2-4-1"",""2-4-3"",""4-1-2"",""4-1-3"",""4-1-5"",""4-1-6""]"
競艇予想NAVI,06月25日（木）,17,6,"[""1=2=3"",""1=2=4"",""1=3=4"",""2=3=4""]"
競艇予想NAVI,06月25日（木）,17,5,"[""1-2-3"",""1-2-4"",""1-2-5"",""1-2-6"",""2-1-3"",""2-1-4"",""2-1-5"",""2-1-6"",""3-1-2"",""3-1-4""]"
競艇予想NAVI,06月25日（木）,17,5,"[""1=2=3"",""1=2=4"",""1=3=4"",""2=3=4""]"
競艇予想NAVI,06月24日（水）,17,5,"[""1-2-3"",""1-2-4"",""1-2-5"",""1-2-6"",""2-1-3"",""2-1-4"",""2-1-5"",""2-1-6"",""4-1-2"",""4-1-6""]"
競艇予想NAVI,06月24日（水）,17,5,"[""1=2=4"",""1=2=6"",""1=4=6"",""2=4=6""]"
競艇予想NAVI,06月24日（水）,17,6,"[""1-4-2"",""1-4-3"",""1-4-5"",""1-4-6"",""3-1-4"",""3-1-6"",""4-1-2"",""4-1-3"",""4-1-5"",""4-1-6""]"
競艇予想NAVI,06月24日（水）,17,6,"[""1=3=4"",""1=3=6"",""1=4=6"",""3=4=6""]"
競艇予想NAVI,06月24日（水）,17,8,"[""1-4-2"",""1-4-3"",""1-4-5"",""1-4-6"",""2-4-1"",""2-4-3"",""4-1-2"",""4-1-3"",""4-1-5"",""4-1-6""]"
競艇予想NAVI,06月24日（水）,17,8,"[""1=2=3"",""1=2=4"",""1=3=4"",""2=3=4""]"
競艇予想NAVI,06月23日（火）,17,2,"[""2-5-1"",""2-5-3"",""2-5-4"",""2-5-6"",""3-2-4"",""3-2-5"",""5-2-1"",""5-2-3"",""5-2-4"",""5-2-6""]"
競艇予想NAVI,06月23日（火）,17,2,"[""2=3=4"",""2=3=5"",""2=4=5"",""3=4=5""]"
競艇予想NAVI,06月23日（火）,17,3,"[""1-2-3"",""1-2-4"",""1-2-5"",""1-2-6"",""2-1-3"",""2-1-4"",""2-1-5"",""2-1-6"",""6-1-2"",""6-1-4""]"
競艇予想NAVI,06月23日（火）,17,3,"[""1=2=4"",""1=2=6"",""1=4=6"",""2=4=6""]"
競艇予想NAVI,06月22日（月）,03,6,"[""2-6-3"",""2-6-4"",""3-6-1"",""3-6-2"",""3-6-4"",""3-6-5"",""6-3-1"",""6-3-2"",""6-3-4"",""6-3-5""]"
競艇予想NAVI,06月22日（月）,03,6,"[""2=3=4"",""2=3=6"",""2=4=6"",""3=4=6""]"
競艇予想NAVI,06月22日（月）,03,5,"[""2-5-3"",""2-5-6"",""5-6-1"",""5-6-2"",""5-6-3"",""5-6-4"",""6-5-1"",""6-5-2"",""6-5-3"",""6-5-4""]"
競艇予想NAVI,06月22日（月）,03,5,"[""2=3=5"",""2=3=6"",""2=5=6"",""3=5=6""]"
競艇予想NAVI,06月21日（日）,03,5,"[""1-3-2"",""1-3-4"",""1-3-5"",""1-3-6"",""3-1-2"",""3-1-4"",""3-1-5"",""3-1-6"",""4-3-1"",""4-3-2""]"
競艇予想NAVI,06月21日（日）,03,5,"[""1=2=3"",""1=2=4"",""1=3=4"",""2=3=4""]"
競艇予想NAVI,06月21日（日）,03,5,"[""1-3-2"",""1-3-4"",""1-3-5"",""1-3-6"",""3-1-2"",""3-1-4"",""3-1-5"",""3-1-6"",""4-1-3"",""4-1-5""]"
競艇予想NAVI,06月21日（日）,03,6,"[""1=3=4"",""1=3=5"",""1=4=5"",""3=4=5""]"
競艇予想NAVI,06月20日（土）,03,5,"[""3-6-1"",""3-6-2"",""3-6-4"",""3-6-5"",""4-6-2"",""4-6-3"",""6-3-1"",""6-3-2"",""6-3-4"",""6-3-5""]"
競艇予想NAVI,06月20日（土）,03,5,"[""2=3=4"",""2=3=6"",""2=4=6"",""3=4=6""]"
競艇予想NAVI,06月20日（土）,03,6,"[""1-2-3"",""1-2-4"",""1-2-5"",""1-2-6"",""2-1-3"",""2-1-4"",""2-1-5"",""2-1-6"",""6-1-2"",""6-1-3""]"
競艇予想NAVI,06月20日（土）,03,6,"[""1=2=3"",""1=2=6"",""1=3=6"",""2=3=6""]"
競艇予想NAVI,06月19日（金）,03,5,"[""1-2-3"",""1-2-5"",""2-5-1"",""2-5-3"",""2-5-4"",""2-5-6"",""5-2-1"",""5-2-3"",""5-2-4"",""5-2-6""]"
競艇予想NAVI,06月19日（金）,03,5,"[""1=2=3"",""1=2=5"",""1=3=5"",""2=3=5""]"
競艇予想NAVI,06月19日（金）,03,6,"[""1-3-2"",""1-3-5"",""2-3-1"",""2-3-4"",""2-3-5"",""2-3-6"",""3-2-1"",""3-2-4"",""3-2-5"",""3-2-6""]"
競艇予想NAVI,06月19日（金）,03,6,"[""1=2=3"",""1=2=5"",""1=3=5"",""2=3=5""]"
競艇予想NAVI,06月19日（金）,01,1,"[""1-3-2"",""1-3-4"",""1-3-5"",""1-3-6"",""3-1-2"",""3-1-4"",""3-1-5"",""3-1-6"",""6-1-2"",""6-1-3""]"
競艇予想NAVI,06月19日（金）,01,1,"[""1=2=3"",""1=2=6"",""1=3=6"",""2=3=6""]"
競艇予想NAVI,06月18日（木）,16,6,"[""1-4-2"",""1-4-3"",""1-4-5"",""1-4-6"",""2-4-1"",""2-4-6"",""4-1-2"",""4-1-3"",""4-1-5"",""4-1-6""]"
競艇予想NAVI,06月18日（木）,16,6,"[""1=2=4"",""1=2=6"",""1=4=6"",""2=4=6""]"
競艇予想NAVI,06月18日（木）,16,5,"[""1-3-2"",""1-3-4"",""1-3-5"",""1-3-6"",""3-1-2"",""3-1-4"",""3-1-5"",""3-1-6"",""5-3-1"",""5-3-6""]"
競艇予想NAVI,06月18日（木）,16,5,"[""1=3=5"",""1=3=6"",""1=5=6"",""3=5=6""]"
競艇予想NAVI,06月17日（水）,03,5,"[""1-2-3"",""1-2-5"",""2-3-1"",""2-3-4"",""2-3-5"",""2-3-6"",""3-2-1"",""3-2-4"",""3-2-5"",""3-2-6""]"
競艇予想NAVI,06月17日（水）,03,5,"[""1=2=3"",""1=2=5"",""1=3=5"",""2=3=5""]"
競艇予想NAVI,06月17日（水）,03,6,"[""1-4-5"",""1-4-6"",""4-6-1"",""4-6-2"",""4-6-3"",""4-6-5"",""6-4-1"",""6-4-2"",""6-4-3"",""6-4-5""]"
競艇予想NAVI,06月17日（水）,03,6,"[""1=4=5"",""1=4=6"",""1=5=6"",""4=5=6""]"
競艇予想NAVI,06月17日（水）,01,1,"[""1-3-2"",""1-3-4"",""1-3-5"",""1-3-6"",""2-1-3"",""2-1-6"",""3-1-2"",""3-1-4"",""3-1-5"",""3-1-6""]"
競艇予想NAVI,06月17日（水）,01,1,"[""1=2=3"",""1=2=6"",""1=3=6"",""2=3=6""]"
競艇予想NAVI,06月16日（火）,16,3,"[""3-5-1"",""3-5-2"",""3-5-4"",""3-5-6"",""5-3-1"",""5-3-2"",""5-3-4"",""5-3-6"",""6-3-4"",""6-3-5""]"
競艇予想NAVI,06月16日（火）,16,3,"[""3=4=5"",""3=4=6"",""3=5=6"",""4=5=6""]"
競艇予想NAVI,06月15日（月）,04,3,"[""1-5-2"",""1-5-3"",""1-5-4"",""1-5-6"",""3-1-5"",""3-1-6"",""5-1-2"",""5-1-3"",""5-1-4"",""5-1-6""]"
競艇予想NAVI,06月15日（月）,04,3,"[""1=3=5"",""1=3=6"",""1=5=6"",""3=5=6""]"
競艇予想NAVI,06月15日（月）,04,2,"[""1-4-2"",""1-4-3"",""1-4-5"",""1-4-6"",""4-1-2"",""4-1-3"",""4-1-5"",""4-1-6"",""5-1-2"",""5-1-4""]"
競艇予想NAVI,06月15日（月）,04,2,"[""1=2=4"",""1=2=5"",""1=4=5"",""2=4=5""]"
競艇予想NAVI,06月14日（日）,16,5,"[""2-3-1"",""2-3-4"",""2-3-5"",""2-3-6"",""3-2-1"",""3-2-4"",""3-2-5"",""3-2-6"",""5-2-1"",""5-2-3""]"
競艇予想NAVI,06月14日（日）,16,5,"[""1=2=3"",""1=2=5"",""1=3=5"",""2=3=5""]"
競艇予想NAVI,06月14日（日）,16,6,"[""1-5-2"",""1-5-3"",""1-5-4"",""1-5-6"",""3-1-4"",""3-1-5"",""5-1-2"",""5-1-3"",""5-1-4"",""5-1-6""]"
競艇予想NAVI,06月14日（日）,16,6,"[""1=3=4"",""1=3=5"",""1=4=5"",""3=4=5""]"
競艇予想NAVI,06月13日（土）,08,4,"[""4-6-1"",""4-6-2"",""4-6-3"",""4-6-5"",""5-4-3"",""5-4-6"",""6-4-1"",""6-4-2"",""6-4-3"",""6-4-5""]"
競艇予想NAVI,06月13日（土）,08,4,"[""3=4=5"",""3=4=6"",""3=5=6"",""4=5=6""]"
競艇予想NAVI,06月13日（土）,12,1,"[""1-2-3"",""1-2-4"",""1-2-5"",""1-2-6"",""2-1-3"",""2-1-4"",""2-1-5"",""2-1-6"",""3-1-2"",""3-1-6""]"
競艇予想NAVI,06月13日（土）,12,1,"[""1=2=3"",""1=2=6"",""1=3=6"",""2=3=6""]"
競艇予想NAVI,06月12日（金）,08,4,"[""2-6-1"",""2-6-3"",""2-6-4"",""2-6-5"",""5-6-2"",""5-6-4"",""6-2-1"",""6-2-3"",""6-2-4"",""6-2-5""]"
競艇予想NAVI,06月12日（金）,08,4,"[""2=4=5"",""2=4=6"",""2=5=6"",""4=5=6""]"
競艇予想NAVI,06月12日（金）,08,5,"[""2-6-1"",""2-6-3"",""2-6-4"",""2-6-5"",""3-6-1"",""3-6-2"",""6-2-1"",""6-2-3"",""6-2-4"",""6-2-5""]"
競艇予想NAVI,06月12日（金）,08,5,"[""1=2=3"",""1=2=6"",""1=3=6"",""2=3=6""]"
競艇予想NAVI,06月12日（金）,12,1,"[""1-3-2"",""1-3-4"",""1-3-5"",""1-3-6"",""3-1-2"",""3-1-4"",""3-1-5"",""3-1-6"",""5-3-1"",""5-3-2""]"
競艇予想NAVI,06月12日（金）,12,1,"[""1=2=3"",""1=2=5"",""1=3=5"",""2=3=5""]"
競艇予想NAVI,06月11日（木）,08,5,"[""3-6-1"",""3-6-2"",""3-6-4"",""3-6-5"",""4-6-3"",""4-6-5"",""6-3-1"",""6-3-2"",""6-3-4"",""6-3-5""]"
競艇予想NAVI,06月11日（木）,08,5,"[""3=4=5"",""3=4=6"",""3=5=6"",""4=5=6""]"
競艇予想NAVI,06月11日（木）,08,4,"[""3-5-1"",""3-5-2"",""3-5-4"",""3-5-6"",""5-3-1"",""5-3-2"",""5-3-4"",""5-3-6"",""6-3-1"",""6-3-5""]"
競艇予想NAVI,06月11日（木）,08,4,"[""1=3=5"",""1=3=6"",""1=5=6"",""3=5=6""]"
競艇予想NAVI,06月10日（水）,05,6,"[""2-3-1"",""2-3-4"",""2-3-5"",""2-3-6"",""3-2-1"",""3-2-4"",""3-2-5"",""3-2-6"",""5-2-3"",""5-2-6""]"
競艇予想NAVI,06月10日（水）,05,6,"[""2=3=5"",""2=3=6"",""2=5=6"",""3=5=6""]"
競艇予想NAVI,06月10日（水）,09,5,"[""1-3-2"",""1-3-4"",""1-3-5"",""1-3-6"",""2-1-3"",""2-1-4"",""3-1-2"",""3-1-4"",""3-1-5"",""3-1-6""]"
競艇予想NAVI,06月10日（水）,09,5,"[""1=2=3"",""1=2=4"",""1=3=4"",""2=3=4""]"
競艇予想NAVI,06月09日（火）,14,2,"[""1-4-2"",""1-4-3"",""1-4-5"",""1-4-6"",""3-4-1"",""3-4-2"",""4-1-2"",""4-1-3"",""4-1-5"",""4-1-6""]"
競艇予想NAVI,06月09日（火）,14,2,"[""1=2=3"",""1=2=4"",""1=3=4"",""2=3=4""]"
競艇予想NAVI,06月09日（火）,14,3,"[""1-2-3"",""1-2-4"",""1-2-5"",""1-2-6"",""2-1-3"",""2-1-4"",""2-1-5"",""2-1-6"",""4-1-2"",""4-1-3""]"
競艇予想NAVI,06月09日（火）,14,3,"[""1=2=3"",""1=2=4"",""1=3=4"",""2=3=4""]"
競艇予想NAVI,06月09日（火）,14,4,"[""1-2-3"",""1-2-4"",""1-2-5"",""1-2-6"",""2-1-3"",""2-1-4"",""2-1-5"",""2-1-6"",""6-2-1"",""6-2-5""]"
競艇予想NAVI,06月09日（火）,14,4,"[""1=2=5"",""1=2=6"",""1=5=6"",""2=5=6""]"
競艇予想NAVI,06月09日（火）,14,5,"[""1-5-2"",""1-5-3"",""1-5-4"",""1-5-6"",""5-1-2"",""5-1-3"",""5-1-4"",""5-1-6"",""6-1-4"",""6-1-5""]"
競艇予想NAVI,06月09日（火）,14,5,"[""1=4=5"",""1=4=6"",""1=5=6"",""4=5=6""]"
競艇予想NAVI,06月09日（火）,14,6,"[""1-3-2"",""1-3-4"",""1-3-5"",""1-3-6"",""2-1-3"",""2-1-4"",""3-1-2"",""3-1-4"",""3-1-5"",""3-1-6""]"
競艇予想NAVI,06月09日（火）,14,6,"[""1=2=3"",""1=2=4"",""1=3=4"",""2=3=4""]"
競艇予想NAVI,06月08日（月）,09,6,"[""2-5-1"",""2-5-3"",""2-5-4"",""2-5-6"",""5-2-1"",""5-2-3"",""5-2-4"",""5-2-6"",""6-2-4"",""6-2-5""]"
競艇予想NAVI,06月08日（月）,09,5,"[""1-4-2"",""1-4-3"",""1-4-5"",""1-4-6"",""2-1-3"",""2-1-4"",""4-1-2"",""4-1-3"",""4-1-5"",""4-1-6""]"
競艇予想NAVI,06月07日（日）,14,6,"[""1-2-3"",""1-2-4"",""1-2-5"",""1-2-6"",""2-1-3"",""2-1-4"",""2-1-5"",""2-1-6"",""3-2-1"",""3-2-4""]"
競艇予想NAVI,06月07日（日）,14,6,"[""1=2=3"",""1=2=4"",""1=3=4"",""2=3=4""]"
競艇予想NAVI,06月07日（日）,24,1,"[""1-4-2"",""1-4-3"",""1-4-5"",""1-4-6"",""4-1-2"",""4-1-3"",""4-1-5"",""4-1-6"",""5-4-1"",""5-4-3""]"
競艇予想NAVI,06月07日（日）,24,1,"[""1=3=4"",""1=3=5"",""1=4=5"",""3=4=5""]"
競艇予想NAVI,06月06日（土）,14,4,"[""2-6-1"",""2-6-3"",""2-6-4"",""2-6-5"",""3-2-5"",""3-2-6"",""6-2-1"",""6-2-3"",""6-2-4"",""6-2-5""]"
競艇予想NAVI,06月06日（土）,14,4,"[""2=3=5"",""2=3=6"",""2=5=6"",""3=5=6""]"
競艇予想NAVI,06月05日（金）,09,5,"[""1-3-2"",""1-3-4"",""1-3-5"",""1-3-6"",""2-1-3"",""2-1-4"",""3-1-2"",""3-1-4"",""3-1-5"",""3-1-6""]"
競艇予想NAVI,06月05日（金）,09,5,"[""1=2=3"",""1=2=4"",""1=3=4"",""2=3=4""]"
競艇予想NAVI,06月05日（金）,09,6,"[""1-4-3"",""1-4-6"",""4-6-1"",""4-6-2"",""4-6-3"",""4-6-5"",""6-4-1"",""6-4-2"",""6-4-3"",""6-4-5""]"
競艇予想NAVI,06月05日（金）,09,6,"[""1-3-4"",""1-3-6"",""1-4-6"",""3-4-6""]"
競艇予想NAVI,06月04日（木）,06,4,"[""1-4-2"",""1-4-3"",""1-4-5"",""1-4-6"",""3-1-4"",""3-1-5"",""4-1-2"",""4-1-3"",""4-1-5"",""4-1-6""]"
競艇予想NAVI,06月04日（木）,06,4,"[""1=3=4"",""1=3=5"",""1=4=5"",""3=4=5""]"
競艇予想NAVI,06月04日（木）,06,3,"[""1-4-2"",""1-4-6"",""4-6-1"",""4-6-2"",""4-6-3"",""4-6-5"",""6-4-1"",""6-4-2"",""6-4-3"",""6-4-5""]"
競艇予想NAVI,06月04日（木）,06,3,"[""1=2=4"",""1=2=6"",""1=4=6"",""2=4=6""]"
競艇予想NAVI,06月03日（水）,06,3,"[""1-3-2"",""1-3-6"",""3-6-1"",""3-6-2"",""3-6-4"",""3-6-5"",""6-3-1"",""6-3-2"",""6-3-4"",""6-3-5""]"
競艇予想NAVI,06月03日（水）,06,3,"[""1=2=3"",""1=2=6"",""1=3=6"",""2=3=6""]"
競艇予想NAVI,06月03日（水）,06,3,"[""1-4-2"",""1-4-3"",""1-4-5"",""1-4-6"",""2-1-4"",""2-1-5"",""4-1-2"",""4-1-3"",""4-1-5"",""4-1-6""]"
競艇予想NAVI,06月03日（水）,06,4,"[""1=2=4"",""1=2=5"",""1=4=5"",""2=4=5""]"
競艇予想NAVI,06月03日（水）,01,1,"[""2-3-1"",""2-3-4"",""3-4-1"",""3-4-2"",""3-4-5"",""3-4-6"",""4-3-1"",""4-3-2"",""4-3-5"",""4-3-6""]"
競艇予想NAVI,06月03日（水）,01,1,"[""1=2=3"",""1=2=4"",""1=3=4"",""2=3=4""]"
競艇予想NAVI,06月02日（火）,03,2,"[""1-4-2"",""1-4-3"",""1-4-5"",""1-4-6"",""3-4-1"",""3-4-5"",""4-1-2"",""4-1-3"",""4-1-5"",""4-1-6""]"
競艇予想NAVI,06月02日（火）,03,2,"[""1=3=4"",""1=3=5"",""1=4=5"",""3=4=5""]"
競艇予想NAVI,06月02日（火）,03,3,"[""1-6-2"",""1-6-3"",""1-6-4"",""1-6-5"",""5-6-1"",""5-6-3"",""6-1-2"",""6-1-3"",""6-1-4"",""6-1-5""]"
競艇予想NAVI,06月02日（火）,03,3,"[""1=3=5"",""1=3=6"",""1=5=6"",""3=5=6""]"
競艇予想NAVI,06月02日（火）,03,4,"[""4-5-1"",""4-5-2"",""4-5-3"",""4-5-6"",""5-4-1"",""5-4-2"",""5-4-3"",""5-4-6"",""6-4-2"",""6-4-5""]"
競艇予想NAVI,06月02日（火）,03,4,"[""2=4=5"",""2=4=6"",""2=5=6"",""4=5=6""]"
競艇予想NAVI,06月01日（月）,06,4,"[""1-5-2"",""1-5-3"",""1-5-4"",""1-5-6"",""3-1-4"",""3-1-5"",""5-1-2"",""5-1-3"",""5-1-4"",""5-1-6""]"
競艇予想NAVI,06月01日（月）,06,4,"[""1=3=4"",""1=3=5"",""1=4=5"",""3=4=5""]"
競艇予想NAVI,06月01日（月）,06,3,"[""1=2=4"",""1=2=6"",""1=4=6"",""2=4=6""]"
競艇予想NAVI,06月01日（月）,06,3,"[""1-2-4"",""1-2-6"",""2-6-1"",""2-6-3"",""2-6-4"",""2-6-5"",""6-2-1"",""6-2-3"",""6-2-4"",""6-2-5""]"
競艇予想NAVI,05月31日（日）,06,4,"[""1-6-2"",""1-6-3"",""1-6-4"",""1-6-5"",""3-1-4"",""3-1-6"",""6-1-2"",""6-1-3"",""6-1-4"",""6-1-5""]"
競艇予想NAVI,05月31日（日）,06,4,"[""1=3=4"",""1=3=6"",""1=4=6"",""3=4=6""]"
競艇予想NAVI,05月31日（日）,12,1,"[""1-2-3"",""1-2-4"",""1-2-5"",""1-2-6"",""2-1-3"",""2-1-4"",""2-1-5"",""2-1-6"",""4-2-1"",""4-2-6""]"
競艇予想NAVI,05月31日（日）,12,1,"[""1=2=4"",""1=2=6"",""1=4=6"",""2=4=6""]"
競艇予想NAVI,05月30日（土）,06,3,"[""2-3-1"",""2-3-4"",""2-3-5"",""2-3-6"",""3-2-1"",""3-2-4"",""3-2-5"",""3-2-6"",""5-3-1"",""5-3-2""]"
競艇予想NAVI,05月30日（土）,06,3,"[""1=2=3"",""1=2=5"",""1=3=5"",""2=3=5""]"
競艇予想NAVI,05月30日（土）,06,4,"[""1-3-2"",""1-3-4"",""1-3-5"",""1-3-6"",""3-1-2"",""3-1-4"",""3-1-5"",""3-1-6"",""5-1-2"",""5-1-3""]"
競艇予想NAVI,05月30日（土）,06,4,"[""1=2=3"",""1=2=5"",""1=3=5"",""2=3=5""]"
競艇予想NAVI,05月29日（金）,05,5,"[""2-3-1"",""2-3-4"",""2-3-5"",""2-3-6"",""3-2-1"",""3-2-4"",""3-2-5"",""3-2-6"",""6-2-1"",""6-2-3""]"
競艇予想NAVI,05月29日（金）,05,5,"[""1=2=3"",""1=2=6"",""1=3=6"",""2=3=6""]"
競艇予想NAVI,05月29日（金）,05,4,"[""1-5-2"",""1-5-3"",""1-5-4"",""1-5-6"",""5-1-2"",""5-1-3"",""5-1-4"",""5-1-6"",""6-5-1"",""6-5-4""]"
競艇予想NAVI,05月29日（金）,05,4,"[""1=4=5"",""1=4=6"",""1=5=6"",""4=5=6""]"
競艇予想NAVI,05月28日（木）,05,5,"[""2-4-1"",""2-4-6"",""4-6-1"",""4-6-2"",""4-6-3"",""4-6-5"",""6-4-1"",""6-4-2"",""6-4-3"",""6-4-5""]"
競艇予想NAVI,05月28日（木）,05,5,"[""1=2=4"",""1=2=6"",""1=4=6"",""2=4=6""]"
競艇予想NAVI,05月28日（木）,05,4,"[""1=3=5"",""1=3=6"",""1=5=6"",""3=5=6""]"
競艇予想NAVI,05月28日（木）,05,4,"[""3-5-1"",""3-5-2"",""3-5-4"",""3-5-6"",""5-3-1"",""5-3-2"",""5-3-4"",""5-3-6"",""6-5-1"",""6-5-3""]"
競艇予想NAVI,05月27日（水）,05,4,"[""1-4-2"",""1-4-3"",""1-4-5"",""1-4-6"",""4-1-2"",""4-1-3"",""4-1-5"",""4-1-6"",""6-4-1"",""6-4-5""]"
競艇予想NAVI,05月27日（水）,05,4,"[""1=4=5"",""1=4=6"",""1=5=6"",""4=5=6""]"
競艇予想NAVI,05月27日（水）,05,5,"[""1-3-4"",""1-3-5"",""3-5-1"",""3-5-2"",""3-5-4"",""3-5-6"",""5-3-1"",""5-3-2"",""5-3-4"",""5-3-6""]"
競艇予想NAVI,05月27日（水）,05,5,"[""1=3=4"",""1=3=5"",""1=4=5"",""3=4=5""]"
競艇予想NAVI,05月26日（火）,12,1,"[""1-3-2"",""1-3-4"",""1-3-5"",""1-3-6"",""2-1-3"",""2-1-4"",""3-1-2"",""3-1-4"",""3-1-5"",""3-1-6""]"
競艇予想NAVI,05月26日（火）,12,1,"[""1=2=3"",""1=2=4"",""1=3=4"",""2=3=4""]"
競艇予想NAVI,05月26日（火）,12,2,"[""1-2-3"",""1-2-4"",""1-2-5"",""1-2-6"",""2-1-3"",""2-1-4"",""2-1-5"",""2-1-6"",""5-1-2"",""5-1-4""]"
競艇予想NAVI,05月26日（火）,12,2,"[""1=2=4"",""1=2=5"",""1=4=5"",""2=4=5""]"
競艇予想NAVI,05月25日（月）,05,4,"[""1-4-2"",""1-4-3"",""1-4-5"",""1-4-6"",""3-4-1"",""3-4-2"",""4-1-2"",""4-1-3"",""4-1-5"",""4-1-6""]"
競艇予想NAVI,05月25日（月）,05,4,"[""1=2=3"",""1=2=4"",""1=3=4"",""2=3=4""]"
競艇予想NAVI,05月25日（月）,05,5,"[""3-4-1"",""3-4-2"",""3-4-5"",""3-4-6"",""4-3-1"",""4-3-2"",""4-3-5"",""4-3-6"",""5-3-1"",""5-3-4""]"
競艇予想NAVI,05月25日（月）,05,5,"[""1=3=4"",""1=3=5"",""1=4=5"",""3=4=5""]"
競艇予想NAVI,05月24日（日）,05,5,"[""1-3-2"",""1-3-5"",""3-5-1"",""3-5-2"",""3-5-4"",""3-5-6"",""5-3-1"",""5-3-2"",""5-3-4"",""5-3-6""]"
競艇予想NAVI,05月24日（日）,05,5,"[""1=2=3"",""1=2=5"",""1=3=5"",""2=3=5""]"
競艇予想NAVI,05月23日（土）,04,2,"[""1-5-2"",""1-5-3"",""1-5-4"",""1-5-6"",""4-5-1"",""4-5-2"",""5-1-2"",""5-1-3"",""5-1-4"",""5-1-6""]"
競艇予想NAVI,05月23日（土）,04,2,"[""1=2=4"",""1=2=5"",""1=4=5"",""2=4=5""]"
競艇予想NAVI,05月22日（金）,04,3,"[""3-4-1"",""3-4-5"",""4-5-1"",""4-5-2"",""4-5-3"",""4-5-6"",""5-4-1"",""5-4-2"",""5-4-3"",""5-4-6""]"
競艇予想NAVI,05月22日（金）,04,3,"[""1=3=4"",""1=3=5"",""1=4=5"",""3=4=5""]"
競艇予想NAVI,05月22日（金）,04,2,"[""2-3-1"",""2-3-4"",""2-3-5"",""2-3-6"",""3-2-1"",""3-2-4"",""3-2-5"",""3-2-6"",""5-3-1"",""5-3-2""]"
競艇予想NAVI,05月22日（金）,04,2,"[""1=2=3"",""1=2=5"",""1=3=5"",""2=3=5""]"
競艇予想NAVI,05月21日（木）,18,6,"[""1-2-3"",""1-2-4"",""1-2-5"",""1-2-6"",""2-1-3"",""2-1-4"",""2-1-5"",""2-1-6"",""3-1-2"",""3-1-4""]"
競艇予想NAVI,05月21日（木）,18,5,"[""1-2-3"",""1-2-4"",""1-2-5"",""1-2-6"",""2-1-3"",""2-1-4"",""2-1-5"",""2-1-6"",""5-2-1"",""5-2-3""]"
競艇予想NAVI,05月21日（木）,18,5,"[""1=2=3"",""1=2=5"",""1=3=5"",""2=3=5""]"
競艇予想NAVI,05月21日（木）,18,6,"[""1=2=3"",""1=2=4"",""1=3=4"",""2=3=4""]"
競艇予想NAVI,05月20日（水）,04,2,"[""2-3-1"",""2-3-4"",""2-3-5"",""2-3-6"",""3-2-1"",""3-2-4"",""3-2-5"",""3-2-6"",""6-3-1"",""6-3-2""]"
競艇予想NAVI,05月20日（水）,04,2,"[""1=2=3"",""1=2=6"",""1=3=6"",""2=3=6""]"
競艇予想NAVI,05月20日（水）,04,3,"[""1-3-2"",""1-3-4"",""1-3-5"",""1-3-6"",""2-1-3"",""2-1-5"",""3-1-2"",""3-1-4"",""3-1-5"",""3-1-6""]"
競艇予想NAVI,05月20日（水）,04,3,"[""1=2=3"",""1=2=5"",""1=3=5"",""2=3=5""]"
競艇予想NAVI,05月19日（火）,18,1,"[""1-4-2"",""1-4-3"",""1-4-5"",""1-4-6"",""4-1-2"",""4-1-3"",""4-1-5"",""4-1-6"",""5-4-1"",""5-4-3""]"
競艇予想NAVI,05月19日（火）,18,1,"[""1=3=4"",""1=3=5"",""1=4=5"",""3=4=5""]"
競艇予想NAVI,05月19日（火）,18,2,"[""1-2-3"",""1-2-4"",""1-2-5"",""1-2-6"",""2-1-3"",""2-1-4"",""2-1-5"",""2-1-6"",""3-1-2"",""3-1-6""]"
競艇予想NAVI,05月19日（火）,18,2,"[""1=2=3"",""1=2=6"",""1=3=6"",""2=3=6""]"
競艇予想NAVI,05月19日（火）,18,3,"[""1-2-3"",""1-2-5"",""2-3-1"",""2-3-4"",""2-3-5"",""2-3-6"",""3-2-1"",""3-2-4"",""3-2-5"",""3-2-6""]"
競艇予想NAVI,05月19日（火）,18,3,"[""1=2=3"",""1=2=5"",""1=3=5"",""2=3=5""]"
競艇予想NAVI,05月19日（火）,18,4,"[""2-4-1"",""2-4-3"",""2-4-5"",""2-4-6"",""4-2-1"",""4-2-3"",""4-2-5"",""4-2-6"",""5-2-1"",""5-2-4""]"
競艇予想NAVI,05月19日（火）,18,4,"[""1=2=4"",""1=2=5"",""1=4=5"",""2=4=5""]"
競艇予想NAVI,05月19日（火）,18,5,"[""1-6-2"",""1-6-3"",""1-6-4"",""1-6-5"",""5-1-4"",""5-1-6"",""6-1-2"",""6-1-3"",""6-1-4"",""6-1-5""]"
競艇予想NAVI,05月18日（月）,04,2,"[""2-3-4"",""2-3-5"",""3-4-1"",""3-4-2"",""3-4-5"",""3-4-6"",""4-3-1"",""4-3-2"",""4-3-5"",""4-3-6""]"
競艇予想NAVI,05月18日（月）,04,2,"[""2=3=4"",""2=3=5"",""2=4=5"",""3=4=5""]"
競艇予想NAVI,05月18日（月）,04,3,"[""1-3-2"",""1-3-4"",""1-3-5"",""1-3-6"",""3-1-2"",""3-1-4"",""3-1-5"",""3-1-6"",""4-1-3"",""4-1-5""]"
競艇予想NAVI,05月18日（月）,04,3,"[""1=3=4"",""1=3=5"",""1=4=5"",""3=4=5""]"
競艇予想NAVI,05月17日（日）,18,5,"[""1-3-2"",""1-3-4"",""1-3-5"",""1-3-6"",""3-1-2"",""3-1-4"",""3-1-5"",""3-1-6"",""6-1-2"",""6-1-3""]"
競艇予想NAVI,05月17日（日）,18,5,"[""1=2=3"",""1=2=6"",""1=3=6"",""2=3=6""]"
競艇予想NAVI,05月16日（土）,18,5,"[""2-4-1"",""2-4-3"",""2-4-5"",""2-4-6"",""4-2-1"",""4-2-3"",""4-2-5"",""4-2-6"",""6-2-1"",""6-2-4""]"
競艇予想NAVI,05月16日（土）,18,5,"[""1=2=4"",""1=2=6"",""1=4=6"",""2=4=6""]"
競艇予想NAVI,05月16日（土）,18,6,"[""1-3-2"",""1-3-4"",""1-3-5"",""1-3-6"",""3-1-2"",""3-1-4"",""3-1-5"",""3-1-6"",""6-1-3"",""6-1-5""]"
競艇予想NAVI,05月16日（土）,18,6,"[""1=3=5"",""1=3=6"",""1=5=6"",""3=5=6""]"
競艇予想NAVI,05月15日（金）,21,4,"[""1-2-3"",""1-2-4"",""1-2-5"",""1-2-6"",""2-1-3"",""2-1-4"",""2-1-5"",""2-1-6"",""3-1-2"",""3-1-4""]"
競艇予想NAVI,05月15日（金）,21,4,"[""1=2=3"",""1=2=4"",""1=3=4"",""2=3=4""]"
競艇予想NAVI,05月15日（金）,21,5,"[""1-4-2"",""1-4-3"",""1-4-5"",""1-4-6"",""2-1-4"",""2-1-6"",""4-1-2"",""4-1-3"",""4-1-5"",""4-1-6""]"
競艇予想NAVI,05月15日（金）,21,5,"[""1=2=4"",""1=2=6"",""1=4=6"",""2=4=6""]"
競艇予想NAVI,05月15日（金）,20,1,"[""1-3-2"",""1-3-5"",""3-5-1"",""3-5-2"",""3-5-4"",""3-5-6"",""5-3-1"",""5-3-2"",""5-3-4"",""5-3-6""]"
競艇予想NAVI,05月15日（金）,20,1,"[""1=2=3"",""1=2=5"",""1=3=5"",""2=3=5""]"
競艇予想NAVI,05月14日（木）,21,4,"[""1-3-5"",""1-3-6"",""3-6-1"",""3-6-2"",""3-6-4"",""3-6-5"",""6-3-1"",""6-3-2"",""6-3-4"",""6-3-5""]"
競艇予想NAVI,05月14日（木）,21,4,"[""1=3=5"",""1=3=6"",""1=5=6"",""3=5=6""]"
競艇予想NAVI,05月14日（木）,21,5,"[""1=3=4"",""1=3=6"",""1=4=6"",""3=4=6""]"
競艇予想NAVI,05月14日（木）,21,5,"[""1-3-2"",""1-3-4"",""1-3-5"",""1-3-6"",""3-1-2"",""3-1-4"",""3-1-5"",""3-1-6"",""4-1-3"",""4-1-6""]"
競艇予想NAVI,05月13日（水）,21,5,"[""3-4-2"",""3-4-5"",""4-5-1"",""4-5-2"",""4-5-3"",""4-5-6"",""5-4-1"",""5-4-2"",""5-4-3"",""5-4-6""]"
競艇予想NAVI,05月13日（水）,21,5,"[""2=3=4"",""2=3=5"",""2=4=5"",""3=4=5""]"
競艇予想NAVI,05月13日（水）,21,6,"[""1-2-3"",""1-2-4"",""1-2-5"",""1-2-6"",""2-1-3"",""2-1-4"",""2-1-5"",""2-1-6"",""3-2-1"",""3-2-6""]"
競艇予想NAVI,05月13日（水）,21,6,"[""1=2=3"",""1=2=6"",""1=3=6"",""2=3=6""]"
競艇予想NAVI,05月13日（水）,24,1,"[""1-2-3"",""1-2-4"",""1-2-5"",""1-2-6"",""2-1-3"",""2-1-4"",""2-1-5"",""2-1-6"",""4-1-2"",""4-1-5""]"
競艇予想NAVI,05月13日（水）,24,1,"[""1=2=4"",""1=2=5"",""1=4=5"",""2=4=5""]"
競艇予想NAVI,05月12日（火）,21,1,"[""1-3-2"",""1-3-4"",""1-3-5"",""1-3-6"",""2-1-3"",""2-1-5"",""3-1-2"",""3-1-4"",""3-1-5"",""3-1-6""]"
競艇予想NAVI,05月12日（火）,21,1,"[""1=2=3"",""1=2=5"",""1=3=5"",""2=3=5""]"
競艇予想NAVI,05月12日（火）,21,2,"[""1-6-3"",""1-6-5"",""5-6-1"",""5-6-2"",""5-6-3"",""5-6-4"",""6-5-1"",""6-5-2"",""6-5-3"",""6-5-4""]"
競艇予想NAVI,05月12日（火）,21,2,"[""1=3=5"",""1=3=6"",""1=5=6"",""3=5=6""]"
競艇予想NAVI,05月12日（火）,21,3,"[""1-4-2"",""1-4-5"",""2-4-1"",""2-4-3"",""2-4-5"",""2-4-6"",""4-2-1"",""4-2-3"",""4-2-5"",""4-2-6""]"
競艇予想NAVI,05月12日（火）,21,3,"[""1=2=4"",""1=2=5"",""1=4=5"",""2=4=5""]"
競艇予想NAVI,05月12日（火）,21,4,"[""1-2-3"",""1-2-4"",""1-2-5"",""1-2-6"",""2-1-3"",""2-1-4"",""2-1-5"",""2-1-6"",""5-1-2"",""5-1-4""]"
競艇予想NAVI,05月12日（火）,21,4,"[""1=2=4"",""1=2=5"",""1=4=5"",""2=4=5""]"
競艇予想NAVI,05月11日（月）,21,4,"[""1-2-3"",""1-2-4"",""2-3-1"",""2-3-4"",""2-3-5"",""2-3-6"",""3-2-1"",""3-2-4"",""3-2-5"",""3-2-6""]"
競艇予想NAVI,05月11日（月）,21,4,"[""1=2=3"",""1=2=4"",""1=3=4"",""2=3=4""]"
競艇予想NAVI,05月11日（月）,21,5,"[""1-3-2"",""1-3-4"",""1-3-5"",""1-3-6"",""3-1-2"",""3-1-4"",""3-1-5"",""3-1-6"",""6-1-3"",""6-1-4""]"
競艇予想NAVI,05月11日（月）,21,5,"[""1=3=4"",""1=3=6"",""1=4=6"",""3=4=6""]"
競艇予想NAVI,05月10日（日）,21,4,"[""1-2-3"",""1-2-4"",""1-2-5"",""1-2-6"",""2-1-3"",""2-1-4"",""2-1-5"",""2-1-6"",""6-1-2"",""6-1-5""]"
競艇予想NAVI,05月10日（日）,21,4,"[""1=2=5"",""1=2=6"",""1=5=6"",""2=5=6""]"
競艇予想NAVI,05月10日（日）,21,5,"[""1-5-2"",""1-5-3"",""1-5-4"",""1-5-6"",""2-5-1"",""2-5-3"",""5-1-2"",""5-1-3"",""5-1-4"",""5-1-6""]"
競艇予想NAVI,05月10日（日）,21,5,"[""1=2=3"",""1=2=5"",""1=3=5"",""2=3=5""]"
競艇予想NAVI,05月09日（土）,02,4,"[""2-6-1"",""2-6-3"",""2-6-4"",""2-6-5"",""5-6-2"",""5-6-3"",""6-2-1"",""6-2-3"",""6-2-4"",""6-2-5""]"
競艇予想NAVI,05月09日（土）,02,4,"[""2=3=5"",""2=3=6"",""2=5=6"",""3=5=6""]"
競艇予想NAVI,05月09日（土）,02,5,"[""1-6-2"",""1-6-3"",""1-6-4"",""1-6-5"",""5-6-1"",""5-6-2"",""6-1-2"",""6-1-3"",""6-1-4"",""6-1-5""]"
競艇予想NAVI,05月09日（土）,02,5,"[""1=2=5"",""1=2=6"",""1=5=6"",""2=5=6""]"
競艇予想NAVI,05月08日（金）,11,4,"[""2-5-1"",""2-5-3"",""2-5-4"",""2-5-6"",""3-2-4"",""3-2-5"",""5-2-1"",""5-2-3"",""5-2-4"",""5-2-6""]"
競艇予想NAVI,05月08日（金）,11,4,"[""2=3=4"",""2=3=5"",""2=4=5"",""3=4=5""]"
競艇予想NAVI,05月08日（金）,11,5,"[""1-2-3"",""1-2-4"",""1-2-5"",""1-2-6"",""2-1-3"",""2-1-4"",""2-1-5"",""2-1-6"",""4-1-2"",""4-1-3""]"
競艇予想NAVI,05月08日（金）,11,5,"[""1=2=3"",""1=2=4"",""1=3=4"",""2=3=4""]"
競艇予想NAVI,05月07日（木）,10,8,"[""1-6-2"",""1-6-3"",""2-6-1"",""2-6-3"",""2-6-4"",""2-6-5"",""6-2-1"",""6-2-3"",""6-2-4"",""6-2-5""]"
競艇予想NAVI,05月07日（木）,10,8,"[""1=2=3"",""1=2=6"",""1=3=6"",""2=3=6""]"
競艇予想NAVI,05月07日（木）,10,7,"[""3-4-1"",""3-4-2"",""3-4-5"",""3-4-6"",""4-3-1"",""4-3-2"",""4-3-5"",""4-3-6"",""6-4-3"",""6-4-5""]"
競艇予想NAVI,05月07日（木）,10,7,"[""3=4=5"",""3=4=6"",""3=5=6"",""4=5=6""]"
競艇予想NAVI,05月06日（水）,22,2,"[""1-2-3"",""1-2-4"",""1-2-5"",""1-2-6"",""2-1-3"",""2-1-4"",""2-1-5"",""2-1-6"",""5-2-1"",""5-2-4""]"
競艇予想NAVI,05月06日（水）,22,2,"[""1-2-4"",""1-2-5"",""1-4-5"",""2-4-5""]"
競艇予想NAVI,05月06日（水）,22,3,"[""2-4-5"",""2-4-6"",""4-6-1"",""4-6-2"",""4-6-3"",""4-6-5"",""6-4-1"",""6-4-2"",""6-4-3"",""6-4-5""]"
競艇予想NAVI,05月06日（水）,22,3,"[""2=4=5"",""2=4=6"",""2=5=6"",""4=5=6""]"
競艇予想NAVI,05月05日（火）,06,1,"[""1-2-3"",""1-2-4"",""1-2-5"",""1-2-6"",""2-1-3"",""2-1-4"",""2-1-5"",""2-1-6"",""3-1-2"",""3-1-6""]"
競艇予想NAVI,05月05日（火）,06,1,"[""1=2=3"",""1=2=6"",""1=3=6"",""2=3=6""]"
競艇予想NAVI,05月05日（火）,06,2,"[""1-2-3"",""1-2-4"",""1-2-5"",""1-2-6"",""2-1-3"",""2-1-4"",""2-1-5"",""2-1-6"",""4-2-1"",""4-2-5""]"
競艇予想NAVI,05月05日（火）,06,2,"[""1=2=4"",""1=2=5"",""1=4=5"",""2=4=5""]"
競艇予想NAVI,05月05日（火）,06,3,"[""3-6-1"",""3-6-2"",""3-6-4"",""3-6-5"",""4-6-1"",""4-6-3"",""6-3-1"",""6-3-2"",""6-3-4"",""6-3-5""]"
競艇予想NAVI,05月05日（火）,05,3,"[""1=3=4"",""1=3=6"",""1=4=6"",""3=4=6""]"
競艇予想NAVI,05月04日（月）,04,3,"[""1-3-2"",""1-3-4"",""1-3-5"",""1-3-6"",""3-1-2"",""3-1-4"",""3-1-5"",""3-1-6"",""6-1-3"",""6-1-4""]"
競艇予想NAVI,05月04日（月）,04,3,"[""1=3=4"",""1=3=6"",""1=4=6"",""3=4=6""]"
競艇予想NAVI,05月03日（日）,04,3,"[""1-4-2"",""1-4-3"",""1-4-5"",""1-4-6"",""4-1-2"",""4-1-3"",""4-1-5"",""4-1-6"",""5-1-2"",""5-1-4""]"
競艇予想NAVI,05月03日（日）,04,3,"[""1=2=4"",""1=2=5"",""1=4=5"",""2=4=5""]"
競艇予想NAVI,05月03日（日）,04,2,"[""2-4-1"",""2-4-3"",""2-4-5"",""2-4-6"",""3-4-1"",""3-4-2"",""4-2-1"",""4-2-3"",""4-2-5"",""4-2-6""]"
競艇予想NAVI,05月03日（日）,04,2,"[""1=2=3"",""1=2=4"",""1=3=4"",""2=3=4""]"
競艇予想NAVI,05月02日（土）,10,7,"[""1-5-2"",""1-5-3"",""1-5-4"",""1-5-6"",""4-5-1"",""4-5-2"",""5-1-2"",""5-1-3"",""5-1-4"",""5-1-6""]"
競艇予想NAVI,05月02日（土）,10,7,"[""1=2=4"",""1=2=5"",""1=4=5"",""2=4=5""]"
競艇予想NAVI,05月02日（土）,10,8,"[""1-5-2"",""1-5-3"",""1-5-4"",""1-5-6"",""3-5-1"",""3-5-4"",""5-1-2"",""5-1-3"",""5-1-4"",""5-1-6""]"
競艇予想NAVI,05月02日（土）,10,8,"[""1=3=4"",""1=3=5"",""1=4=5"",""3=4=5""]"
競艇予想NAVI,05月01日（金）,10,8,"[""1-4-2"",""1-4-3"",""1-4-5"",""1-4-6"",""2-4-1"",""2-4-5"",""4-1-2"",""4-1-3"",""4-1-5"",""4-1-6""]"
競艇予想NAVI,05月01日（金）,10,8,"[""1=2=4"",""1=2=5"",""1=4=5"",""2=4=5""]"
競艇予想NAVI,05月01日（金）,10,7,"[""1-2-3"",""1-2-4"",""1-2-5"",""1-2-6"",""2-1-3"",""2-1-4"",""2-1-5"",""2-1-6"",""3-1-2"",""3-1-5""]"
競艇予想NAVI,05月01日（金）,10,7,"[""1=2=3"",""1=2=5"",""1=3=5"",""2=3=5""]"
競艇予想NAVI,04月30日（木）,10,7,"[""1-2-4"",""1-2-6"",""2-6-1"",""2-6-3"",""2-6-4"",""2-6-5"",""6-2-1"",""6-2-3"",""6-2-4"",""6-2-5""]"
競艇予想NAVI,04月30日（木）,10,7,"[""1=2=4"",""1=2=6"",""1=4=6"",""2=4=6""]"
競艇予想NAVI,04月30日（木）,10,8,"[""2-5-3"",""2-5-6"",""3-5-1"",""3-5-2"",""3-5-4"",""3-5-6"",""5-3-1"",""5-3-2"",""5-3-4"",""5-3-6""]"
競艇予想NAVI,04月30日（木）,10,8,"[""2=3=5"",""2=3=6"",""2=5=6"",""3=5=6""]"
競艇予想NAVI,04月29日（水）,10,7,"[""2-6-1"",""2-6-3"",""2-6-4"",""2-6-5"",""3-2-4"",""3-2-6"",""6-2-1"",""6-2-3"",""6-2-4"",""6-2-5""]"
競艇予想NAVI,04月29日（水）,10,7,"[""2=3=4"",""2=3=6"",""2=4=6"",""3=4=6""]"
競艇予想NAVI,04月29日（水）,10,8,"[""3-6-1"",""3-6-2"",""3-6-4"",""3-6-5"",""5-6-1"",""5-6-3"",""6-3-1"",""6-3-2"",""6-3-4"",""6-3-5""]"
競艇予想NAVI,04月29日（水）,10,8,"[""1=3=5"",""1=3=6"",""1=5=6"",""3=5=6""]"
競艇予想NAVI,04月28日（火）,10,7,"[""1-2-3"",""1-2-6"",""2-6-1"",""2-6-3"",""2-6-4"",""2-6-5"",""6-2-1"",""6-2-3"",""6-2-4"",""6-2-5""]"
競艇予想NAVI,04月28日（火）,10,7,"[""1=2=3"",""1=2=6"",""1=3=6"",""2=3=6""]"
競艇予想NAVI,04月28日（火）,10,8,"[""3-4-1"",""3-4-2"",""3-4-5"",""3-4-6"",""4-3-1"",""4-3-2"",""4-3-5"",""4-3-6"",""6-4-1"",""6-4-3""]"
競艇予想NAVI,04月28日（火）,10,8,"[""1=3=4"",""1=3=6"",""1=4=6"",""3=4=6""]"
競艇予想NAVI,04月28日（火）,10,9,"[""2-4-3"",""2-4-5"",""4-5-1"",""4-5-2"",""4-5-3"",""4-5-6"",""5-4-1"",""5-4-2"",""5-4-3"",""5-4-6""]"
競艇予想NAVI,04月28日（火）,10,9,"[""2=3=4"",""2=3=5"",""2=4=5"",""3=4=5""]"
競艇予想NAVI,04月28日（火）,10,1,"[""1-2-3"",""1-2-4"",""1-2-5"",""1-2-6"",""2-1-3"",""2-1-4"",""2-1-5"",""2-1-6"",""3-2-1"",""3-2-6""]"
競艇予想NAVI,04月28日（火）,10,1,"[""1=2=3"",""1=2=6"",""1=3=6"",""2=3=6""]"
競艇予想NAVI,04月27日（月）,10,7,"[""1-4-2"",""1-4-5"",""4-5-1"",""4-5-2"",""4-5-3"",""4-5-6"",""5-4-1"",""5-4-2"",""5-4-3"",""5-4-6""]"
競艇予想NAVI,04月27日（月）,10,7,"[""1=2=4"",""1=2=5"",""1=4=5"",""2=4=5""]"
競艇予想NAVI,04月27日（月）,10,6,"[""1-6-2"",""1-6-3"",""2-6-1"",""2-6-3"",""2-6-4"",""2-6-5"",""6-2-1"",""6-2-3"",""6-2-4"",""6-2-5""]"
競艇予想NAVI,04月27日（月）,10,6,"[""1=2=3"",""1=2=6"",""1=3=6"",""2=3=6""]"
競艇予想NAVI,04月27日（月）,10,5,"[""3-6-1"",""3-6-2"",""3-6-4"",""3-6-5"",""4-3-1"",""4-3-6"",""6-3-1"",""6-3-2"",""6-3-4"",""6-3-5""]"
競艇予想NAVI,04月27日（月）,10,5,"[""1=3=4"",""1=3=6"",""1=4=6"",""3=4=6""]"
競艇予想NAVI,04月27日（月）,10,8,"[""3-4-1"",""3-4-2"",""3-4-5"",""3-4-6"",""4-3-1"",""4-3-2"",""4-3-5"",""4-3-6"",""5-4-3"",""5-4-6""]"
競艇予想NAVI,04月27日（月）,10,8,"[""3=4=5"",""3=4=6"",""3=5=6"",""4=5=6""]"
競艇予想NAVI,04月26日（日）,09,4,"[""1-2-3"",""1-2-4"",""1-2-5"",""1-2-6"",""2-1-3"",""2-1-4"",""2-1-5"",""2-1-6"",""3-1-2"",""3-1-5""]"
競艇予想NAVI,04月26日（日）,09,4,"[""1=2=3"",""1=2=5"",""1=3=5"",""2=3=5""]"
競艇予想NAVI,04月26日（日）,09,5,"[""1-3-2"",""1-3-4"",""1-3-5"",""1-3-6"",""2-1-3"",""2-1-4"",""3-1-2"",""3-1-4"",""3-1-1"",""3-1-6""]"
競艇予想NAVI,04月26日（日）,09,5,"[""1-2-3"",""1-2-4"",""1-3-4"",""2-3-4""]"
競艇予想NAVI,04月26日（日）,19,1,"[""1-2-3"",""1-2-4"",""1-2-5"",""1-2-6"",""2-1-3"",""2-1-4"",""2-1-5"",""2-1-6"",""4-2-1"",""4-2-3""]"
競艇予想NAVI,04月26日（日）,19,1,"[""1=2=3"",""1=2=4"",""1=3=4"",""2=3=4""]"
競艇予想NAVI,04月25日（土）,09,4,"[""1-5-2"",""1-5-3"",""1-5-4"",""1-5-6"",""2-1-3"",""2-1-5"",""5-1-2"",""5-1-3"",""5-1-4"",""5-1-6""]"
競艇予想NAVI,04月25日（土）,09,4,"[""1=2=3"",""1=2=5"",""1=3=5"",""2=3=5""]"
競艇予想NAVI,04月25日（土）,09,5,"[""3-4-1"",""3-4-2"",""3-4-5"",""3-4-6"",""4-3-1"",""4-3-2"",""4-3-5"",""4-3-6"",""5-4-2"",""5-4-3""]"
競艇予想NAVI,04月25日（土）,09,5,"[""2=3=4"",""2=3=5"",""2=4=5"",""3=4=5""]"
競艇予想NAVI,04月24日（金）,01,1,"[""1-2-3"",""1-2-4"",""1-2-5"",""1-2-6"",""2-1-3"",""2-1-4"",""2-1-5"",""2-1-6"",""6-1-2"",""6-1-5""]"
競艇予想NAVI,04月24日（金）,01,1,"[""1=2=5"",""1=2=6"",""1=5=6"",""2=5=6""]"
競艇予想NAVI,04月24日（金）,09,5,"[""1-2-3"",""1-2-4"",""1-2-5"",""1-2-6"",""2-1-3"",""2-1-4"",""2-1-5"",""2-1-6"",""5-2-1"",""5-2-4""]"
競艇予想NAVI,04月24日（金）,09,4,"[""1=2=4"",""1=2=5"",""1=4=5"",""2=4=5""]"
競艇予想NAVI,04月24日（金）,09,4,"[""1-4-2"",""1-4-3"",""2-4-1"",""2-4-3"",""2-4-5"",""2-4-6"",""4-2-1"",""4-2-3"",""4-2-5"",""4-2-6""]"
競艇予想NAVI,04月24日（金）,09,4,"[""1=2=3"",""1=2=4"",""1=3=4"",""2=3=4""]"
競艇予想NAVI,04月23日（木）,09,5,"[""1-2-3"",""1-2-4"",""1-2-5"",""1-2-6"",""2-1-3"",""2-1-4"",""2-1-5"",""2-1-6"",""3-1-2"",""3-1-4""]"
競艇予想NAVI,04月23日（木）,09,5,"[""1=2=3"",""1=2=4"",""1=3=4"",""2=3=4""]"
競艇予想NAVI,04月23日（木）,09,4,"[""1-5-2"",""1-5-3"",""1-5-4"",""1-5-6"",""2-1-3"",""2-1-5"",""5-1-2"",""5-1-3"",""5-1-4"",""5-1-6""]"
競艇予想NAVI,04月23日（木）,09,4,"[""1=2=3"",""1=2=5"",""1=3=5"",""2=3=5""]"
競艇予想NAVI,04月22日（水）,09,4,"[""1-3-2"",""1-3-4"",""1-3-5"",""1-3-6"",""3-1-2"",""3-1-4"",""3-1-5"",""3-1-6"",""5-3-1"",""5-3-6""]"
競艇予想NAVI,04月22日（水）,09,4,"[""1=3=5"",""1=3=6"",""1=5=6"",""3=5=6""]"
競艇予想NAVI,04月22日（水）,09,5,"[""1-2-3"",""1-2-4"",""1-2-5"",""1-2-6"",""2-1-3"",""2-1-4"",""2-1-5"",""2-1-6"",""5-2-1"",""5-2-3""]"
競艇予想NAVI,04月22日（水）,09,5,"[""1=2=3"",""1=2=5"",""1=3=5"",""2=3=5""]"
競艇予想NAVI,04月21日（火）,09,1,"[""1-3-2"",""1-3-4"",""1-3-5"",""1-3-6"",""3-1-2"",""3-1-4"",""3-1-5"",""3-1-6"",""5-1-3"",""5-1-4""]"
競艇予想NAVI,04月21日（火）,09,1,"[""1=3=4"",""1=3=5"",""1=4=5"",""3=4=5""]"
競艇予想NAVI,04月21日（火）,09,2,"[""1-4-2"",""1-4-3"",""1-4-5"",""1-4-6"",""4-1-2"",""4-1-3"",""4-1-5"",""4-1-6"",""6-1-3"",""6-1-4""]"
競艇予想NAVI,04月21日（火）,09,2,"[""1=3=4"",""1=3=6"",""1=4=6"",""3=4=6""]"
競艇予想NAVI,04月21日（火）,09,3,"[""1-5-2"",""1-5-3"",""1-5-4"",""1-5-6"",""4-1-5"",""4-1-6"",""5-1-2"",""5-1-3"",""5-1-4"",""5-1-6""]"
競艇予想NAVI,04月21日（火）,09,3,"[""1=4=5"",""1=4=6"",""1=5=6"",""4=5=6""]"
競艇予想NAVI,04月21日（火）,09,4,"[""1-4-2"",""1-4-3"",""1-4-5"",""1-4-6"",""4-1-2"",""4-1-3"",""4-1-5"",""4-1-6"",""6-1-4"",""6-1-5""]"
競艇予想NAVI,04月21日（火）,09,4,"[""1=4=5"",""1=4=6"",""1=5=6"",""4=5=6""]"
競艇予想NAVI,04月19日（日）,07,1,"[""1-2-3"",""1-2-4"",""1-2-5"",""1-2-6"",""2-1-3"",""2-1-4"",""2-1-5"",""2-1-6"",""5-1-2"",""5-1-3""]"
競艇予想NAVI,04月19日（日）,07,1,"[""1=2=3"",""1=2=5"",""1=3=5"",""2=3=5""]"
競艇予想NAVI,04月19日（日）,17,5,"[""1-4-2"",""1-4-3"",""1-4-5"",""1-4-6"",""2-1-3"",""2-1-4"",""4-1-2"",""4-1-3"",""4-1-5"",""4-1-6""]"
競艇予想NAVI,04月19日（日）,17,5,"[""1=2=3"",""1=2=4"",""1=3=4"",""2=3=4""]"
競艇予想NAVI,04月19日（日）,17,4,"[""1-6-2"",""1-6-3"",""1-6-4"",""1-6-5"",""2-1-5"",""2-1-6"",""6-1-2"",""6-1-3"",""6-1-4"",""6-1-5""]"
競艇予想NAVI,04月19日（日）,17,4,"[""1=2=5"",""1=2=6"",""1=5=6"",""2=5=6""]"
競艇予想NAVI,04月18日（土）,17,4,"[""1-6-2"",""1-6-3"",""1-6-4"",""1-6-5"",""2-1-3"",""2-1-6"",""6-1-2"",""6-1-3"",""6-1-4"",""6-1-5""]"
競艇予想NAVI,04月18日（土）,17,4,"[""1=2=3"",""1=2=6"",""1=3=6"",""2=3=6""]"
競艇予想NAVI,04月18日（土）,17,5,"[""1-3-2"",""1-3-4"",""1-3-5"",""1-3-6"",""3-1-2"",""3-1-4"",""3-1-5"",""3-1-6"",""4-1-3"",""4-1-5""]"
競艇予想NAVI,04月18日（土）,17,5,"[""1=3=4"",""1=3=5"",""1=4=5"",""3=4=5""]"
競艇予想NAVI,04月17日（金）,17,4,"[""2-6-1"",""2-6-3"",""2-6-4"",""2-6-5"",""4-2-3"",""4-2-6"",""6-2-1"",""6-2-3"",""6-2-4"",""6-2-5""]"
競艇予想NAVI,04月17日（金）,17,4,"[""2=3=4"",""2=3=6"",""2=4=6"",""3=4=6""]"
競艇予想NAVI,04月17日（金）,17,5,"[""1-2-3"",""1-2-4"",""1-2-5"",""1-2-6"",""2-1-3"",""2-1-4"",""2-1-5"",""2-1-6"",""4-1-2"",""4-1-3""]"
競艇予想NAVI,04月17日（金）,17,5,"[""1=2=3"",""1=2=4"",""1=3=4"",""2=3=4""]"
競艇予想NAVI,04月16日（木）,18,8,"[""1-2-3"",""1-2-4"",""1-2-5"",""1-2-6"",""2-1-3"",""2-1-4"",""2-1-5"",""2-1-6"",""3-2-1"",""3-2-4""]"
競艇予想NAVI,04月16日（木）,18,8,"[""1=2=3"",""1=2=4"",""1=3=4"",""2=3=4""]"
競艇予想NAVI,04月16日（木）,18,7,"[""1-3-2"",""1-3-4"",""1-3-5"",""1-3-6"",""3-1-2"",""3-1-4"",""3-1-5"",""3-1-6"",""4-1-2"",""4-1-3""]"
競艇予想NAVI,04月16日（木）,18,7,"[""1=2=3"",""1=2=4"",""1=3=4"",""2=3=4""]"
競艇予想NAVI,04月15日（水）,17,5,"[""1-4-2"",""1-4-3"",""1-4-5"",""1-4-6"",""3-1-4"",""3-1-5"",""4-1-2"",""4-1-3"",""4-1-5"",""4-1-6""]"
競艇予想NAVI,04月15日（水）,17,5,"[""1=3=4"",""1=3=5"",""1=4=5"",""3=4=5""]"
競艇予想NAVI,04月15日（水）,17,4,"[""3-4-2"",""3-4-6"",""4-6-1"",""4-6-2"",""4-6-3"",""4-6-5"",""6-4-1"",""6-4-2"",""6-4-3"",""6-4-5""]"
競艇予想NAVI,04月15日（水）,17,4,"[""2=3=4"",""2=3=6"",""2=4=6"",""3=4=6""]"
競艇予想NAVI,04月15日（水）,01,1,"[""1-3-2"",""1-3-4"",""1-3-5"",""1-3-6"",""2-1-3"",""2-1-5"",""3-1-2"",""3-1-4"",""3-1-5"",""3-1-6""]"
競艇予想NAVI,04月15日（水）,01,1,"[""1=2=3"",""1=2=5"",""1=3=5"",""2=3=5""]"
競艇予想NAVI,04月14日（火）,05,1,"[""1-2-3"",""1-2-4"",""2-3-1"",""2-3-4"",""2-3-5"",""2-3-6"",""3-2-1"",""3-2-4"",""3-2-5"",""3-2-6""]"
競艇予想NAVI,04月14日（火）,05,1,"[""1=2=3"",""1=2=4"",""1=3=4"",""2=3=4""]"
競艇予想NAVI,04月14日（火）,05,2,"[""1-5-2"",""1-5-3"",""1-5-4"",""1-5-6"",""4-1-5"",""4-1-6"",""5-1-2"",""5-1-3"",""5-1-4"",""5-1-6""]"
競艇予想NAVI,04月14日（火）,05,2,"[""1=4=5"",""1=4=6"",""1=5=6"",""4=5=6""]"
競艇予想NAVI,04月14日（火）,05,3,"[""1-2-3"",""1-2-4"",""1-2-5"",""1-2-6"",""2-1-3"",""2-1-4"",""2-1-5"",""2-1-6"",""4-2-1"",""4-2-6""]"
競艇予想NAVI,04月14日（火）,05,3,"[""1=2=4"",""1=2=6"",""1=4=6"",""2=4=6""]"
競艇予想NAVI,04月14日（火）,05,4,"[""1-2-3"",""1-2-4"",""1-2-5"",""1-2-6"",""2-1-3"",""2-1-4"",""2-1-5"",""2-1-6"",""5-2-1"",""5-2-3""]"
競艇予想NAVI,04月14日（火）,05,4,"[""1=2=3"",""1=2=5"",""1=3=5"",""2=3=5""]"
競艇予想NAVI,04月13日（月）,05,5,"[""1-2-3"",""1-2-4"",""1-2-5"",""1-2-6"",""2-1-3"",""2-1-4"",""2-1-5"",""2-1-6"",""3-1-2"",""3-1-4""]"
競艇予想NAVI,04月13日（月）,05,6,"[""1=2=3"",""1=2=4"",""1=3=4"",""2=3=4""]"
競艇予想NAVI,04月12日（日）,01,1,"[""1-3-2"",""1-3-4"",""1-3-5"",""1-3-6"",""2-3-1"",""2-3-5"",""3-1-2"",""3-1-4"",""3-1-5"",""3-1-6""]"
競艇予想NAVI,04月12日（日）,01,1,"[""1=2=3"",""1=2=5"",""1=3=5"",""2=3=5""]"
競艇予想NAVI,04月12日（日）,22,3,"[""1-4-2"",""1-4-3"",""1-4-5"",""1-4-6"",""3-1-4"",""3-1-6"",""4-1-2"",""4-1-3"",""4-1-5"",""4-1-6""]"
競艇予想NAVI,04月12日（日）,22,3,"[""1=3=4"",""1=3=6"",""1=4=6"",""3=4=6""]"
競艇予想NAVI,04月12日（日）,22,2,"[""1-4-2"",""1-4-3"",""1-4-5"",""1-4-6"",""2-1-3"",""2-1-4"",""4-1-2"",""4-1-3"",""4-1-5"",""4-1-6""]"
競艇予想NAVI,04月12日（日）,22,2,"[""1=2=3"",""1=2=4"",""1=3=4"",""2=3=4""]"
競艇予想NAVI,04月11日（土）,05,4,"[""3-6-1"",""3-6-2"",""3-6-4"",""3-6-5"",""5-3-1"",""5-3-6"",""6-3-1"",""6-3-2"",""6-3-4"",""6-3-5""]"
競艇予想NAVI,04月11日（土）,05,4,"[""1=3=5"",""1=3=6"",""1=5=6"",""3=5=6""]"
競艇予想NAVI,04月11日（土）,12,1,"[""1-2-3"",""1-2-4"",""1-2-5"",""1-2-6"",""2-1-3"",""2-1-4"",""2-1-5"",""2-1-6"",""6-1-2"",""6-1-3""]"
競艇予想NAVI,04月11日（土）,12,1,"[""1=2=3"",""1=2=6"",""1=3=6"",""2=3=6""]"
競艇予想NAVI,04月10日（金）,12,1,"[""1=2=4"",""1=2=6"",""1=4=6"",""2=4=6""]"
競艇予想NAVI,04月10日（金）,12,1,"[""1-4-2"",""1-4-3"",""1-4-5"",""1-4-6"",""2-4-1"",""2-4-6"",""4-1-2"",""4-1-3"",""4-1-5"",""4-1-6""]"
競艇予想NAVI,04月10日（金）,22,3,"[""1=3=5"",""1=3=6"",""1=5=6"",""3=5=6""]"
競艇予想NAVI,04月10日（金）,22,3,"[""1-3-2"",""1-3-4"",""1-3-5"",""1-3-6"",""3-1-2"",""3-1-4"",""3-1-5"",""3-1-6"",""5-1-3"",""5-1-6""]"
競艇予想NAVI,04月10日（金）,22,2,"[""1-4-2"",""1-4-3"",""1-4-5"",""1-4-6"",""3-4-1"",""3-4-6"",""4-1-2"",""4-1-3"",""4-1-5"",""4-1-6""]"
競艇予想NAVI,04月10日（金）,22,2,"[""1=3=4"",""1=3=6"",""1=4=6"",""3=4=6""]"
競艇予想NAVI,04月09日（木）,22,3,"[""2-5-1"",""2-5-3"",""2-5-4"",""2-5-6"",""5-2-1"",""5-2-3"",""5-2-4"",""5-2-6"",""6-2-3"",""6-2-5""]"
競艇予想NAVI,04月09日（木）,22,3,"[""2=3=5"",""2=3=6"",""2=5=6"",""3=5=6""]"
競艇予想NAVI,04月09日（木）,22,2,"[""1-5-2"",""1-5-3"",""1-5-4"",""1-5-6"",""3-1-4"",""3-1-5"",""5-1-2"",""5-1-3"",""5-1-4"",""5-1-6""]"
競艇予想NAVI,04月09日（木）,22,2,"[""1=3=4"",""1=3=5"",""1=4=5"",""3=4=5""]"
競艇予想NAVI,04月08日（水）,22,3,"[""1-3-2"",""1-3-4"",""1-3-5"",""1-3-6"",""3-1-2"",""3-1-4"",""3-1-5"",""3-1-6"",""5-3-1"",""5-3-2""]"
競艇予想NAVI,04月08日（水）,22,3,"[""1=2=3"",""1=2=5"",""1=3=5"",""2=3=5""]"
競艇予想NAVI,04月08日（水）,22,2,"[""1-6-2"",""1-6-3"",""1-6-4"",""1-6-5"",""2-6-1"",""2-6-3"",""6-1-2"",""6-1-3"",""6-1-4"",""6-1-5""]"
競艇予想NAVI,04月08日（水）,22,2,"[""1=2=3"",""1=2=6"",""1=3=6"",""2=3=6""]"
競艇予想NAVI,04月08日（水）,19,1,"[""2-4-1"",""2-4-3"",""2-4-5"",""2-4-6"",""4-2-1"",""4-2-3"",""4-2-5"",""4-2-6"",""5-2-1"",""5-2-4""]"
競艇予想NAVI,04月08日（水）,19,1,"[""1=2=4"",""1=2=5"",""1=4=5"",""2=4=5""]"
競艇予想NAVI,04月07日（火）,02,5,"[""1=4=5"",""1=4=6"",""1=5=6"",""4=5=6""]"
競艇予想NAVI,04月07日（火）,02,5,"[""1-6-2"",""1-6-3"",""1-6-4"",""1-6-5"",""4-1-5"",""4-1-6"",""6-1-2"",""6-1-3"",""6-1-4"",""6-1-5""]"
競艇予想NAVI,04月07日（火）,02,4,"[""1=2=3"",""1=2=4"",""1=3=4"",""2=3=4""]"
競艇予想NAVI,04月07日（火）,02,4,"[""1-3-2"",""1-3-4"",""1-3-5"",""1-3-6"",""2-1-3"",""2-1-4"",""3-1-2"",""3-1-4"",""3-1-5"",""3-1-6""]"
競艇予想NAVI,04月07日（火）,02,3,"[""1=2=4"",""1=2=5"",""1=4=5"",""2=4=5""]"
競艇予想NAVI,04月07日（火）,02,3,"[""1-2-3"",""1-2-4"",""1-2-5"",""1-2-6"",""2-1-3"",""2-1-4"",""2-1-5"",""2-1-6"",""5-1-2"",""5-1-4""]"
競艇予想NAVI,04月07日（火）,02,2,"[""1=2=4"",""1=2=6"",""1=4=6"",""2=4=6""]"
競艇予想NAVI,04月07日（火）,02,2,"[""1-6-2"",""1-6-4"",""2-6-1"",""2-6-3"",""2-6-4"",""2-6-5"",""6-2-1"",""6-2-3"",""6-2-4"",""6-2-5""]"
