競艇道,10月03日（土）,23,7,"[""3-1-4"",""3-4-1"",""4-1-2"",""4-1-3"",""4-2-1"",""4-2-3"",""4-3-1"",""4-3-2""]"
競艇道,10月03日（土）,23,8,"[""3-1-2"",""3-2-1"",""4-1-2"",""4-1-3"",""4-2-1"",""4-2-3"",""4-3-1"",""4-3-2""]"
競艇道,10月03日（土）,07,3,"[""1-2-3"",""1-2-5"",""1-3-2"",""1-5-2"",""2-1-3"",""2-3-1"",""3-1-2"",""3-2-1""]"
競艇道,10月03日（土）,07,4,"[""2-1-3"",""2-1-4"",""2-3-1"",""2-3-4"",""2-4-1"",""2-4-3"",""6-1-2"",""6-2-1""]"
競艇道,10月02日（金）,21,7,"[""1-2-3"",""1-2-4"",""1-3-2"",""1-4-2"",""2-1-3"",""2-3-1"",""3-1-2"",""3-2-1""]"
競艇道,10月02日（金）,10,8,"[""1-2-3"",""1-2-4"",""1-3-2"",""1-3-4"",""1-4-2"",""1-4-3"",""2-1-3"",""2-3-1""]"
競艇道,10月02日（金）,07,3,"[""1-2-3"",""1-3-2"",""2-1-3"",""2-3-1"",""3-1-2"",""3-2-1"",""3-2-4"",""3-4-2""]"
競艇道,10月02日（金）,07,4,"[""1-2-3"",""1-3-2"",""2-3-4"",""2-4-3"",""3-2-4"",""3-4-2"",""4-2-3"",""4-3-2""]"
競艇道,10月01日（木）,01,3,"[""1-2-3"",""1-3-2"",""2-1-3"",""2-1-4"",""2-3-1"",""2-3-4"",""2-4-1"",""2-4-3""]"
競艇道,10月01日（木）,15,5,"[""1-2-3"",""1-2-6"",""1-3-2"",""1-3-6"",""1-6-2"",""1-6-3"",""6-1-2"",""6-2-1""]"
競艇道,10月01日（木）,10,7,"[""1-2-3"",""1-3-2"",""2-1-3"",""2-1-4"",""2-3-1"",""2-3-4"",""2-4-1"",""2-4-3""]"
競艇道,10月01日（木）,10,8,"[""1-2-3"",""1-2-4"",""1-3-2"",""1-3-4"",""1-4-2"",""1-4-3"",""2-1-3"",""2-3-1""]"
競艇道,09月30日（水）,21,7,"[""1-2-3"",""1-2-4"",""1-3-2"",""1-3-4"",""1-4-2"",""1-4-3"",""2-1-3"",""2-3-1""]"
競艇道,09月30日（水）,21,8,"[""1-2-3"",""1-3-2"",""2-1-3"",""2-1-4"",""2-3-1"",""2-3-4"",""2-4-1"",""2-4-3""]"
競艇道,09月30日（水）,12,4,"[""1-2-3"",""1-2-4"",""1-3-2"",""1-3-4"",""1-4-2"",""1-4-3"",""4-1-2"",""4-2-1""]"
競艇道,09月30日（水）,15,5,"[""1-2-3"",""1-2-5"",""1-3-2"",""1-3-5"",""1-5-2"",""1-5-3"",""5-1-2"",""5-2-1""]"
競艇道,09月29日（火）,03,4,"[""1-2-3"",""1-2-6"",""1-3-2"",""1-3-6"",""1-6-2"",""1-6-3"",""3-1-2"",""3-1-6""]"
競艇道,09月29日（火）,09,7,"[""1-2-3"",""1-2-4"",""1-2-5"",""1-2-6"",""1-4-2"",""1-4-3"",""2-1-3"",""2-1-4""]"
競艇道,09月29日（火）,07,4,"[""1-2-3"",""1-2-6"",""1-3-2"",""1-3-6"",""2-1-3"",""2-1-6"",""2-3-1"",""2-3-6""]"
競艇道,09月29日（火）,12,5,"[""1-2-3"",""1-2-4"",""1-2-6"",""1-3-2"",""1-3-4"",""1-3-6"",""1-4-2"",""1-4-6""]"
競艇道,09月27日（日）,23,7,"[""1-2-3"",""1-3-2"",""2-1-3"",""2-3-1"",""3-1-2"",""3-1-6"",""3-2-1"",""3-6-1""]"
競艇道,09月27日（日）,10,8,"[""1-2-3"",""1-3-2"",""2-1-3"",""2-1-4"",""2-3-1"",""2-3-4"",""2-4-1"",""2-4-3""]"
競艇道,09月27日（日）,12,3,"[""1-2-3"",""1-2-4"",""1-3-2"",""1-3-4"",""1-4-2"",""1-4-3"",""2-1-3"",""2-3-1""]"
競艇道,09月27日（日）,12,4,"[""2-1-3"",""2-1-4"",""2-3-1"",""2-3-4"",""2-4-1"",""2-4-3"",""4-1-2"",""4-2-1""]"
競艇道,09月26日（土）,14,9,"[""1-2-3"",""1-2-4"",""1-2-6"",""1-3-2"",""1-3-4"",""1-3-6"",""3-1-2"",""3-1-6""]"
競艇道,09月26日（土）,17,7,"[""1-2-3"",""1-2-4"",""1-2-6"",""1-4-2"",""1-4-3"",""1-4-6"",""4-1-2"",""4-1-6""]"
競艇道,09月26日（土）,24,3,"[""1-2-3"",""1-3-2"",""3-1-2"",""3-1-4"",""3-2-1"",""3-2-4"",""3-4-1"",""3-4-2""]"
競艇道,09月26日（土）,24,4,"[""2-1-3"",""2-3-1"",""2-3-6"",""2-6-3"",""3-1-2"",""3-2-1"",""3-2-6"",""3-6-2""]"
競艇道,09月25日（金）,19,3,"[""2-1-3"",""2-1-5"",""2-3-1"",""2-3-5"",""2-5-1"",""2-5-3"",""5-1-2"",""5-2-1""]"
競艇道,09月25日（金）,19,4,"[""1-2-3"",""1-2-4"",""1-3-2"",""1-4-2"",""2-1-3"",""2-3-1"",""3-1-2"",""3-2-1""]"
競艇道,09月25日（金）,23,7,"[""1-2-3"",""1-2-4"",""1-3-2"",""1-4-2"",""2-1-3"",""2-1-4"",""2-3-1"",""2-4-1""]"
競艇道,09月25日（金）,23,8,"[""1-2-3"",""1-3-2"",""3-1-2"",""3-1-4"",""3-2-1"",""3-2-4"",""3-4-1"",""3-4-2""]"
競艇道,09月24日（木）,14,7,"[""1-2-3"",""1-3-2"",""2-1-3"",""2-1-4"",""2-3-1"",""2-3-4"",""2-4-1"",""2-4-3""]"
競艇道,09月24日（木）,14,8,"[""1-3-4"",""1-4-3"",""3-1-2"",""3-1-4"",""3-2-1"",""3-2-4"",""3-4-1"",""3-4-2""]"
競艇道,09月24日（木）,15,4,"[""1-2-3"",""1-2-6"",""1-3-2"",""1-3-6"",""1-6-2"",""1-6-3"",""6-1-2"",""6-2-1""]"
競艇道,09月24日（木）,19,4,"[""1-2-3"",""3-2-4"",""3-2-5"",""3-4-2"",""3-5-2"",""5-2-3"",""5-3-2"",""5-3-4""]"
競艇道,09月23日（水）,23,7,"[""1-2-3"",""1-2-4"",""1-3-2"",""1-3-4"",""1-4-2"",""1-4-3"",""4-1-2"",""4-2-1""]"
競艇道,09月23日（水）,23,8,"[""1-2-3"",""1-3-2"",""4-1-2"",""4-1-3"",""4-2-1"",""4-2-3"",""4-3-1"",""4-3-2""]"
競艇道,09月23日（水）,19,3,"[""1-2-3"",""1-3-2"",""2-1-3"",""2-3-1"",""2-3-4"",""3-1-2"",""3-2-1"",""3-2-4""]"
競艇道,09月23日（水）,19,4,"[""2-1-3"",""2-3-1"",""2-3-6"",""2-6-3"",""6-1-2"",""6-2-1"",""6-2-3"",""6-3-2""]"
競艇道,09月22日（火）,21,8,"[""1-2-3"",""1-2-4"",""1-2-5"",""1-3-2"",""1-3-4"",""3-1-2"",""3-1-4"",""3-2-1""]"
競艇道,09月22日（火）,02,6,"[""1-2-3"",""1-2-4"",""1-2-6"",""1-3-2"",""1-3-6"",""3-1-2"",""3-1-6"",""3-6-1""]"
競艇道,09月22日（火）,15,5,"[""1-2-3"",""1-2-5"",""1-3-2"",""1-3-5"",""1-5-2"",""1-5-3"",""3-1-5"",""3-5-1""]"
競艇道,09月22日（火）,19,5,"[""1-3-2"",""1-3-4"",""1-4-2"",""1-4-3"",""3-1-2"",""3-1-4"",""3-4-1"",""4-1-3""]"
競艇道,09月21日（月）,21,7,"[""1-2-3"",""1-2-4"",""1-3-2"",""1-3-4"",""1-4-2"",""1-4-3"",""2-1-3"",""2-3-1""]"
競艇道,09月21日（月）,21,8,"[""1-2-3"",""1-3-2"",""1-3-4"",""1-4-3"",""3-1-2"",""3-1-4"",""3-2-1"",""3-4-1""]"
競艇道,09月21日（月）,19,3,"[""1-2-3"",""1-3-2"",""2-1-3"",""2-3-1"",""3-1-2"",""3-1-6"",""3-2-1"",""3-6-1""]"
競艇道,09月21日（月）,19,4,"[""1-2-3"",""1-3-2"",""2-1-3"",""2-1-6"",""2-3-1"",""2-3-6"",""2-6-1"",""2-6-3""]"
競艇道,09月20日（日）,21,7,"[""1-2-3"",""1-3-2"",""2-1-3"",""2-1-4"",""2-3-1"",""2-3-4"",""2-4-1"",""2-4-3""]"
競艇道,09月20日（日）,21,8,"[""1-2-3"",""1-2-4"",""1-3-2"",""1-4-2"",""2-1-3"",""2-1-4"",""2-3-1"",""2-4-1""]"
競艇道,09月20日（日）,24,3,"[""2-1-3"",""2-3-1"",""3-1-2"",""3-2-1"",""5-1-2"",""5-2-1"",""5-2-3"",""5-3-2""]"
競艇道,09月20日（日）,15,5,"[""1-2-3"",""1-2-6"",""1-3-2"",""1-3-6"",""1-6-2"",""1-6-3"",""3-1-6"",""3-6-1""]"
競艇道,09月19日（土）,10,6,"[""2-1-4"",""2-1-5"",""2-4-1"",""2-4-5"",""2-5-1"",""2-5-4"",""5-2-4"",""5-4-2""]"
競艇道,09月19日（土）,10,8,"[""1-2-3"",""1-3-2"",""3-1-2"",""3-1-5"",""3-2-1"",""3-5-1"",""5-1-3"",""5-3-1""]"
競艇道,09月19日（土）,24,3,"[""3-2-1"",""3-2-5"",""3-5-1"",""3-5-2"",""5-2-3"",""5-3-1"",""5-3-2"",""5-3-4""]"
競艇道,09月19日（土）,24,4,"[""1-2-3"",""1-3-2"",""3-1-2"",""3-2-1"",""3-6-1"",""3-6-2"",""6-3-1"",""6-3-2""]"
競艇道,09月18日（金）,21,7,"[""1-2-3"",""1-2-4"",""1-3-2"",""1-3-4"",""1-4-2"",""1-4-3"",""2-1-3"",""2-3-1""]"
競艇道,09月18日（金）,21,8,"[""1-2-3"",""1-2-5"",""1-3-2"",""1-5-2"",""5-1-2"",""5-2-1"",""5-2-3"",""5-3-2""]"
競艇道,09月18日（金）,19,4,"[""3-1-2"",""3-1-4"",""3-2-1"",""3-2-4"",""3-4-1"",""3-4-2"",""6-1-3"",""6-3-1""]"
競艇道,09月18日（金）,19,5,"[""1-2-3"",""1-2-4"",""1-3-2"",""1-3-4"",""1-4-2"",""1-4-3"",""2-1-3"",""2-3-1""]"
競艇道,09月17日（木）,19,3,"[""2-3-4"",""2-3-5"",""2-4-3"",""2-4-5"",""2-5-3"",""2-5-4"",""3-2-5"",""3-5-2""]"
競艇道,09月17日（木）,19,4,"[""2-3-4"",""2-3-5"",""2-3-6"",""2-4-3"",""2-5-3"",""2-6-3"",""6-2-3"",""6-3-2""]"
競艇道,09月17日（木）,10,7,"[""1-2-4"",""1-4-2"",""2-1-4"",""2-4-1"",""4-1-2"",""4-2-1"",""4-2-6"",""4-6-2""]"
競艇道,09月17日（木）,10,8,"[""1-2-4"",""1-2-5"",""1-4-2"",""1-5-2"",""5-1-2"",""5-2-1"",""5-2-4"",""5-4-2""]"
競艇道,09月16日（水）,18,6,"[""1-2-3"",""1-3-2"",""2-1-3"",""2-3-1"",""3-1-2"",""3-1-4"",""3-2-1"",""3-4-1""]"
競艇道,09月16日（水）,18,7,"[""2-1-3"",""2-3-1"",""3-1-2"",""3-1-4"",""3-2-1"",""3-2-4"",""3-4-1"",""3-4-2""]"
競艇道,09月16日（水）,24,3,"[""3-1-2"",""3-1-4"",""3-2-1"",""3-4-1"",""4-1-2"",""4-1-3"",""4-2-1"",""4-3-1""]"
競艇道,09月16日（水）,24,4,"[""1-2-3"",""1-3-2"",""3-1-2"",""3-1-4"",""3-2-1"",""3-2-4"",""3-4-1"",""3-4-2""]"
競艇道,09月15日（火）,10,7,"[""1-2-3"",""1-2-4"",""1-2-6"",""2-4-5"",""2-4-6"",""2-5-6"",""2-6-5"",""4-6-5""]"
競艇道,09月15日（火）,18,8,"[""1-2-3"",""1-2-4"",""1-2-6"",""1-6-2"",""1-6-3"",""1-6-4"",""4-1-6"",""6-1-4""]"
競艇道,09月15日（火）,20,5,"[""1-2-3"",""1-2-4"",""1-2-5"",""1-4-2"",""1-4-5"",""2-1-4"",""2-1-6"",""2-4-1""]"
競艇道,09月15日（火）,12,6,"[""2-1-3"",""2-1-4"",""2-1-5"",""2-3-1"",""2-3-4"",""2-3-5"",""3-2-5"",""3-5-2""]"
競艇道,09月13日（日）,18,6,"[""1-2-3"",""1-3-2"",""2-1-3"",""2-1-4"",""2-3-1"",""2-3-4"",""2-4-1"",""2-4-3""]"
競艇道,09月13日（日）,18,7,"[""1-2-3"",""1-3-2"",""3-1-2"",""3-2-1"",""4-1-2"",""4-1-3"",""4-2-1"",""4-3-1""]"
競艇道,09月13日（日）,24,4,"[""1-2-3"",""1-3-2"",""2-1-3"",""2-3-1"",""3-1-2"",""3-1-4"",""3-2-1"",""3-4-1""]"
競艇道,09月13日（日）,24,5,"[""1-2-3"",""1-2-4"",""1-3-2"",""1-3-4"",""1-4-2"",""1-4-3"",""2-1-3"",""2-3-1""]"
競艇道,09月12日（土）,23,7,"[""1-2-3"",""1-2-4"",""1-3-2"",""1-3-4"",""1-4-2"",""1-4-3"",""2-1-3"",""2-3-1""]"
競艇道,09月12日（土）,23,8,"[""2-1-3"",""2-3-1"",""2-3-4"",""2-4-3"",""3-2-4"",""3-4-2"",""4-2-3"",""4-3-2""]"
競艇道,09月12日（土）,07,3,"[""1-2-3"",""1-2-4"",""1-3-2"",""1-3-4"",""1-4-3""]"
競艇道,09月12日（土）,20,5,"[""1-2-3"",""1-2-4"",""1-3-2"",""1-3-4"",""1-4-2"",""1-4-3"",""2-1-3"",""2-3-1""]"
競艇道,09月11日（金）,20,4,"[""2-1-3"",""2-3-1"",""2-3-4"",""2-4-3"",""3-1-2"",""3-2-1"",""3-2-4"",""3-4-2""]"
競艇道,09月11日（金）,20,5,"[""1-2-3"",""1-2-4"",""1-3-2"",""1-3-4"",""1-4-2"",""1-4-3"",""2-1-3"",""2-3-1""]"
競艇道,09月11日（金）,04,5,"[""1-2-4"",""1-2-6"",""1-3-4"",""1-3-6"",""1-4-5"",""1-4-6"",""1-5-2"",""1-6-4"",""2-1-6"",""3-1-5"",""3-2-5"",""4-1-6""]"
競艇道,09月11日（金）,23,7,"[""1-2-3"",""1-3-2"",""2-1-3"",""2-1-4"",""2-3-1"",""2-3-4"",""2-4-1"",""2-4-3""]"
競艇道,09月11日（金）,23,8,"[""1-2-3"",""1-3-2"",""2-1-3"",""2-3-1"",""3-1-2"",""3-1-4"",""3-2-1"",""3-4-1""]"
競艇道,09月10日（木）,21,7,"[""1-2-3"",""1-2-4"",""1-3-2"",""1-4-2"",""2-1-3"",""2-1-4"",""2-3-1"",""2-4-1""]"
競艇道,09月10日（木）,10,8,"[""1-2-3"",""1-3-2"",""2-1-3"",""2-3-1"",""3-1-2"",""3-1-5"",""3-2-1"",""3-5-1""]"
競艇道,09月10日（木）,19,4,"[""1-2-3"",""1-2-5"",""1-3-2"",""1-5-2"",""2-1-3"",""2-3-1"",""5-1-2"",""5-2-1""]"
競艇道,09月10日（木）,24,4,"[""1-2-3"",""1-3-2"",""2-1-3"",""2-3-1"",""3-1-2"",""3-2-1"",""3-2-4"",""3-4-2""]"
競艇道,09月09日（水）,20,3,"[""1-2-4"",""1-4-2"",""4-1-2"",""4-1-3"",""4-2-1"",""4-2-3"",""4-3-1"",""4-3-2""]"
競艇道,09月09日（水）,20,5,"[""1-2-3"",""1-2-4"",""1-3-2"",""1-3-4"",""1-4-2"",""1-4-3"",""2-1-3"",""2-3-1""]"
競艇道,09月08日（火）,19,5,"[""1-2-4"",""1-4-2"",""1-4-3"",""1-4-6"",""4-1-2"",""4-1-3"",""4-1-6"",""4-2-1""]"
競艇道,09月08日（火）,12,7,"[""1-2-3"",""1-2-4"",""1-2-6"",""1-3-2"",""1-3-4"",""2-1-3"",""2-1-4"",""2-1-6""]"
競艇道,09月08日（火）,05,4,"[""1-2-3"",""1-3-2"",""1-3-4"",""2-1-3"",""2-1-4"",""2-3-1"",""3-1-2"",""3-1-4""]"
競艇道,09月08日（火）,05,5,"[""1-2-3"",""1-2-5"",""1-2-6"",""2-1-3"",""2-1-5"",""2-1-6"",""2-5-6"",""2-6-1""]"
競艇道,09月06日（日）,10,7,"[""1-2-3"",""1-3-2"",""2-1-3"",""2-3-1"",""3-1-2"",""3-2-1"",""6-1-2"",""6-2-1""]"
競艇道,09月06日（日）,10,8,"[""1-2-3"",""1-3-2"",""2-1-3"",""2-1-4"",""2-3-1"",""2-3-4"",""2-4-1"",""2-4-3""]"
競艇道,09月06日（日）,07,4,"[""1-2-3"",""1-3-2"",""2-1-3"",""2-1-4"",""2-3-1"",""2-3-4"",""2-4-1"",""2-4-3""]"
競艇道,09月06日（日）,07,5,"[""1-2-3"",""1-3-2"",""2-1-3"",""2-3-1"",""3-1-2"",""3-1-4"",""3-2-1"",""3-4-1""]"
競艇道,09月05日（土）,11,3,"[""1-2-3"",""1-3-2"",""2-1-3"",""2-3-1"",""3-1-2"",""3-1-5"",""3-2-1"",""3-5-1""]"
競艇道,09月05日（土）,18,8,"[""1-2-3"",""1-3-2"",""2-1-3"",""2-3-1"",""3-1-2"",""3-2-1"",""3-2-4"",""3-4-2""]"
競艇道,09月05日（土）,19,3,"[""1-2-3"",""1-3-2"",""2-1-3"",""2-1-4"",""2-3-1"",""2-3-4"",""2-4-1"",""2-4-3""]"
競艇道,09月05日（土）,19,4,"[""2-1-3"",""2-3-1"",""2-3-6"",""2-6-3"",""3-1-2"",""3-2-1"",""3-2-6"",""3-6-2""]"
競艇道,09月04日（金）,23,7,"[""1-2-3"",""1-2-4"",""1-3-2"",""1-4-2"",""2-1-4"",""2-4-1"",""4-1-2"",""4-2-1""]"
競艇道,09月04日（金）,23,8,"[""1-2-3"",""1-2-4"",""1-3-2"",""1-3-4"",""1-4-2"",""1-4-3"",""2-1-3"",""2-3-1""]"
競艇道,09月04日（金）,07,3,"[""1-2-3"",""1-3-2"",""2-1-3"",""2-3-1"",""3-1-2"",""3-2-1"",""5-1-2"",""5-2-1""]"
競艇道,09月04日（金）,07,5,"[""1-2-3"",""1-2-4"",""1-3-2"",""1-4-2"",""2-1-4"",""2-4-1"",""4-1-2"",""4-2-1""]"
競艇道,09月03日（木）,23,7,"[""1-2-3"",""1-2-6"",""1-3-2"",""1-6-2"",""2-1-3"",""2-3-1"",""6-1-2"",""6-2-1""]"
競艇道,09月03日（木）,23,8,"[""1-2-3"",""1-3-2"",""2-1-3"",""2-1-4"",""2-3-1"",""2-3-4"",""2-4-1"",""2-4-3""]"
競艇道,09月03日（木）,15,4,"[""1-2-3"",""1-3-2"",""2-1-3"",""2-1-4"",""2-3-1"",""2-3-4"",""2-4-1"",""2-4-3""]"
競艇道,09月03日（木）,15,5,"[""1-2-3"",""1-4-2"",""1-4-6"",""1-6-4"",""4-1-2"",""4-2-1"",""6-1-2"",""6-2-1""]"
競艇道,09月02日（水）,15,4,"[""2-1-3"",""2-1-4"",""2-3-1"",""2-4-1"",""4-1-2"",""4-2-1"",""4-2-3"",""4-3-2""]"
競艇道,09月02日（水）,07,5,"[""2-1-3"",""2-3-1"",""3-1-2"",""3-1-4"",""3-2-1"",""3-2-4"",""3-4-1"",""3-4-2""]"
競艇道,09月02日（水）,23,7,"[""1-2-4"",""1-4-2"",""4-1-2"",""4-1-3"",""4-2-1"",""4-2-3"",""4-3-1"",""4-3-2""]"
競艇道,09月02日（水）,23,8,"[""2-3-4"",""2-4-3"",""3-2-4"",""3-4-2"",""4-1-2"",""4-2-1"",""4-2-3"",""4-3-2""]"
競艇道,09月01日（火）,04,3,"[""1-2-4"",""1-2-6"",""1-4-2"",""1-4-6"",""1-6-2"",""1-6-4"",""4-1-2"",""4-1-6""]"
競艇道,09月01日（火）,03,3,"[""1-3-4"",""1-3-6"",""1-6-3"",""1-6-4"",""3-4-5"",""3-4-6"",""3-6-4"",""4-3-6""]"
競艇道,09月01日（火）,07,3,"[""1-4-2"",""1-4-3"",""1-4-6"",""4-1-2"",""4-1-6"",""4-2-1"",""4-6-1"",""4-6-2""]"
競艇道,09月01日（火）,01,3,"[""1-3-4"",""1-3-6"",""1-6-3"",""1-6-4"",""3-1-6"",""3-6-1"",""6-1-3"",""6-3-1""]"
競艇道,08月30日（日）,01,3,"[""1-2-3"",""1-3-2"",""2-1-3"",""2-3-1"",""3-1-2"",""3-2-1"",""6-1-2"",""6-2-1""]"
競艇道,08月30日（日）,01,5,"[""1-2-3"",""1-3-2"",""1-3-5"",""1-5-3"",""3-1-5"",""3-5-1"",""5-1-3"",""5-3-1""]"
競艇道,08月30日（日）,21,6,"[""2-1-3"",""2-3-1"",""3-1-2"",""3-1-4"",""3-2-1"",""3-2-4"",""3-4-1"",""3-4-2""]"
競艇道,08月30日（日）,21,8,"[""1-2-3"",""1-3-2"",""3-1-2"",""3-1-4"",""3-2-1"",""3-2-4"",""3-4-1"",""3-4-2""]"
競艇道,08月29日（土）,21,6,"[""2-1-3"",""2-3-1"",""2-3-4"",""2-4-3"",""3-1-2"",""3-2-1"",""3-2-4"",""3-4-2""]"
競艇道,08月29日（土）,13,4,"[""2-1-3"",""2-3-1"",""2-3-4"",""2-4-3"",""3-1-2"",""3-2-1"",""3-2-4"",""3-4-2""]"
競艇道,08月29日（土）,01,3,"[""1-2-3"",""1-3-2"",""2-1-3"",""2-1-4"",""2-3-1"",""2-3-4"",""2-4-1"",""2-4-3""]"
競艇道,08月29日（土）,01,5,"[""1-2-3"",""1-2-4"",""1-3-2"",""1-4-2"",""4-1-2"",""4-1-3"",""4-2-1"",""4-3-1""]"
競艇道,08月28日（金）,21,6,"[""1-2-3"",""1-3-2"",""2-1-3"",""2-1-4"",""2-3-1"",""2-3-4"",""2-4-1"",""2-4-3""]"
競艇道,08月28日（金）,10,7,"[""1-2-3"",""1-2-5"",""1-2-6"",""1-3-2"",""1-5-2"",""1-5-6"",""1-6-2"",""1-6-5""]"
競艇道,08月28日（金）,15,4,"[""1-2-3"",""1-3-2"",""2-1-3"",""2-3-1"",""2-3-4"",""2-4-3"",""3-1-2"",""3-2-1""]"
競艇道,08月28日（金）,01,5,"[""1-2-3"",""1-2-4"",""1-3-2"",""1-4-2"",""2-1-4"",""2-4-1"",""4-1-2"",""4-2-1""]"
競艇道,08月27日（木）,15,4,"[""1-2-3"",""1-3-2"",""2-1-3"",""2-3-1"",""3-1-2"",""3-2-1"",""5-1-2"",""5-2-1""]"
競艇道,08月27日（木）,01,5,"[""1-2-3"",""1-3-2"",""2-1-3"",""2-3-1"",""3-1-2"",""3-2-1"",""5-2-3"",""5-3-2""]"
競艇道,08月27日（木）,10,6,"[""1-2-3"",""1-2-4"",""1-3-2"",""1-4-2"",""3-1-2"",""3-2-1"",""4-1-2"",""4-2-1""]"
競艇道,08月27日（木）,10,7,"[""1-2-3"",""1-2-5"",""1-3-2"",""1-3-5"",""1-5-2"",""1-5-3"",""3-1-2"",""3-2-1""]"
競艇道,08月26日（水）,18,6,"[""1-2-3"",""1-3-2"",""2-1-3"",""2-3-1"",""6-1-2"",""6-1-3"",""6-2-1"",""6-3-1""]"
競艇道,08月26日（水）,10,7,"[""1-2-3"",""1-2-4"",""1-4-2"",""2-1-3"",""2-1-4"",""2-4-1"",""4-1-2"",""4-2-1""]"
競艇道,08月26日（水）,12,3,"[""1-2-3"",""1-2-4"",""1-3-2"",""1-3-4"",""1-4-2"",""1-4-3"",""2-1-3"",""2-3-1""]"
競艇道,08月26日（水）,12,5,"[""1-2-3"",""1-2-4"",""1-2-6"",""1-3-2"",""1-3-6"",""1-4-2"",""1-6-2"",""1-6-3""]"
競艇道,08月25日（火）,08,3,"[""1-2-3"",""1-3-2"",""2-1-3"",""2-3-1"",""2-3-4"",""2-3-5"",""2-4-3"",""2-5-3""]"
競艇道,08月25日（火）,04,1,"[""1-2-5"",""1-2-6"",""1-5-2"",""1-5-6"",""2-1-5"",""2-5-1"",""5-1-2"",""5-2-1""]"
競艇道,08月25日（火）,12,4,"[""1-3-4"",""1-3-6"",""1-4-3"",""1-4-6"",""3-1-4"",""3-1-6"",""3-6-1"",""3-6-4""]"
競艇道,08月25日（火）,15,5,"[""1-3-5"",""1-3-6"",""1-5-3"",""1-5-6"",""1-6-3"",""1-6-5"",""3-1-5"",""3-5-1""]"
競艇道,08月23日（日）,23,6,"[""1-2-3"",""1-3-2"",""2-1-3"",""2-3-1"",""3-1-2"",""3-2-1"",""3-2-5"",""3-5-2""]"
競艇道,08月23日（日）,23,7,"[""2-1-3"",""2-3-1"",""2-3-4"",""2-4-3"",""3-1-2"",""3-2-1"",""3-2-4"",""3-4-2""]"
競艇道,08月23日（日）,20,3,"[""1-2-3"",""1-3-2"",""2-1-3"",""2-1-4"",""2-3-1"",""2-3-4"",""2-4-1"",""2-4-3""]"
競艇道,08月23日（日）,20,5,"[""1-2-3"",""1-2-4"",""1-3-2"",""1-3-4"",""1-4-2"",""1-4-3"",""2-1-3"",""2-3-1""]"
競艇道,08月22日（土）,02,2,"[""2-1-4"",""2-4-1"",""4-1-2"",""4-1-3"",""4-2-1"",""4-2-3"",""4-3-1"",""4-3-2""]"
競艇道,08月22日（土）,08,3,"[""1-2-3"",""1-2-4"",""1-3-2"",""1-4-2"",""2-1-3"",""2-1-4"",""2-3-1"",""2-4-1""]"
競艇道,08月22日（土）,11,1,"[""1-2-3"",""1-2-4"",""1-3-2"",""1-3-4"",""1-4-2"",""1-4-3"",""2-1-3"",""2-3-1""]"
競艇道,08月22日（土）,24,5,"[""1-2-3"",""1-3-2"",""2-1-3"",""2-3-1"",""3-1-2"",""3-1-4"",""3-2-1"",""3-4-1""]"
競艇道,08月21日（金）,02,2,"[""1-2-4"",""1-4-2"",""4-1-2"",""4-1-3"",""4-2-1"",""4-2-3"",""4-3-1"",""4-3-2""]"
競艇道,08月21日（金）,17,3,"[""1-2-3"",""1-2-4"",""1-3-2"",""1-4-2"",""3-1-4"",""3-4-1"",""4-1-3"",""4-3-1""]"
競艇道,08月21日（金）,17,1,"[""1-2-3"",""1-2-4"",""1-3-2"",""1-4-2"",""2-1-3"",""2-1-4"",""2-3-1"",""2-4-1""]"
競艇道,08月21日（金）,20,5,"[""1-2-3"",""1-2-4"",""1-2-5"",""1-3-2"",""1-4-2"",""1-5-2"",""2-1-3"",""2-3-1""]"
競艇道,08月20日（木）,13,3,"[""1-2-3"",""1-3-2"",""3-1-2"",""3-1-4"",""3-2-1"",""3-2-4"",""3-4-1"",""3-4-2""]"
競艇道,08月20日（木）,17,4,"[""1-2-3"",""1-3-2"",""2-1-3"",""2-3-1"",""2-3-4"",""2-4-3"",""4-1-2"",""4-2-1""]"
競艇道,08月20日（木）,17,1,"[""1-2-3"",""1-2-4"",""1-3-2"",""1-3-4"",""1-4-2"",""1-4-3"",""2-1-3"",""2-3-1""]"
競艇道,08月20日（木）,24,5,"[""1-2-3"",""1-3-2"",""3-1-2"",""3-1-4"",""3-2-1"",""3-2-4"",""3-4-1"",""3-4-2""]"
競艇道,08月19日（水）,09,3,"[""1-2-3"",""1-2-4"",""1-3-2"",""1-3-4"",""1-4-2"",""1-4-3"",""4-1-2"",""4-2-1""]"
競艇道,08月19日（水）,11,4,"[""1-2-3"",""1-2-4"",""2-1-3"",""2-1-4"",""2-3-1"",""2-3-4"",""2-4-1"",""2-4-3""]"
競艇道,08月19日（水）,05,1,"[""1-2-3"",""1-2-6"",""1-3-2"",""1-3-6"",""1-6-2"",""1-6-3"",""2-1-3"",""2-3-1""]"
競艇道,08月19日（水）,04,1,"[""1-2-3"",""1-2-4"",""1-2-5"",""1-3-2"",""1-4-2"",""1-4-5"",""1-5-2"",""1-5-4""]"
競艇道,08月18日（火）,04,1,"[""1-3-4"",""1-3-5"",""1-4-3"",""1-4-5"",""3-1-4"",""3-1-5"",""3-4-1"",""4-1-3""]"
競艇道,08月18日（火）,05,4,"[""2-3-4"",""2-3-5"",""2-3-6"",""2-4-3"",""3-2-4"",""3-4-2"",""4-2-3"",""4-3-2""]"
競艇道,08月18日（火）,01,3,"[""1-3-4"",""1-3-6"",""1-4-3"",""1-4-6"",""3-1-4"",""3-1-6"",""3-4-1"",""3-6-1""]"
競艇道,08月18日（火）,15,3,"[""1-3-4"",""1-3-5"",""1-4-3"",""2-1-3"",""2-3-1"",""2-3-5"",""2-5-3"",""3-1-2""]"
競艇道,08月16日（日）,18,7,"[""2-1-3"",""2-1-4"",""2-1-5"",""2-1-6"",""2-3-1"",""2-3-6"",""2-4-6"",""2-5-6""]"
競艇道,08月16日（日）,18,8,"[""1-2-3"",""1-3-2"",""2-1-3"",""2-1-4"",""2-3-1"",""2-3-4"",""2-3-5"",""2-4-5""]"
競艇道,08月16日（日）,07,3,"[""2-3-4"",""2-4-5"",""2-4-6"",""2-6-4"",""4-2-6"",""4-6-2"",""6-2-4"",""6-4-2""]"
競艇道,08月16日（日）,15,3,"[""1-2-4"",""1-4-2"",""1-4-5"",""1-4-6"",""4-1-6"",""4-6-1"",""6-4-5"",""6-5-1""]"
競艇道,08月15日（土）,09,3,"[""2-1-3"",""2-3-1"",""5-2-3"",""5-2-4"",""5-3-2"",""5-3-4"",""5-4-2"",""5-4-3""]"
競艇道,08月15日（土）,16,4,"[""3-1-2"",""3-2-1"",""3-4-6"",""3-6-4"",""6-1-3"",""6-2-3"",""6-3-1"",""6-3-2""]"
競艇道,08月15日（土）,01,3,"[""8-/-1"",""3-1-2"",""3-1-4"",""3-1-5"",""3-2-1"",""3-4-1"",""3-4-2"",""3-5-1"",""3-5-2""]"
競艇道,08月15日（土）,06,1,"[""8-/-1"",""1-2-3"",""1-2-5"",""1-3-2"",""1-5-2"",""5-1-2"",""5-1-3"",""5-2-1"",""5-3-1""]"
競艇道,08月14日（金）,06,4,"[""1-2-3"",""1-2-4"",""1-2-5"",""1-2-6"",""1-3-2"",""1-3-4"",""1-4-2"",""1-4-3""]"
競艇道,08月14日（金）,02,6,"[""1-2-3"",""1-2-4"",""1-2-5"",""1-3-2"",""1-3-4"",""1-3-5"",""3-1-5"",""3-5-1""]"
競艇道,08月14日（金）,20,4,"[""1-2-3"",""1-2-6"",""2-4-1"",""2-4-6"",""3-4-2"",""3-4-6"",""4-2-6"",""4-6-2""]"
競艇道,08月14日（金）,07,6,"[""1-2-3"",""1-2-5"",""2-1-3"",""2-1-5"",""2-5-1"",""5-1-2"",""5-2-1"",""5-2-3""]"
競艇道,08月13日（木）,01,1,"[""1-2-3"",""1-2-4"",""1-3-2"",""1-4-2"",""4-1-2"",""4-1-3"",""4-2-1"",""4-3-1""]"
競艇道,08月13日（木）,14,8,"[""2-1-3"",""2-3-1"",""2-3-4"",""2-4-3"",""3-1-2"",""3-2-1"",""3-2-4"",""3-4-2""]"
競艇道,08月13日（木）,10,7,"[""1-2-3"",""1-2-5"",""1-3-2"",""1-3-5"",""1-5-2"",""1-5-3"",""2-1-3"",""2-3-1""]"
競艇道,08月13日（木）,11,4,"[""3-1-2"",""3-1-5"",""3-2-1"",""3-2-5"",""3-5-1"",""3-5-2"",""5-1-3"",""5-3-1""]"
競艇道,08月12日（水）,02,2,"[""1-2-3"",""1-2-4"",""1-3-2"",""1-4-2"",""4-1-2"",""4-1-3"",""4-2-1"",""4-3-1""]"
競艇道,08月12日（水）,13,4,"[""1-2-3"",""1-3-2"",""2-1-3"",""2-1-4"",""2-3-1"",""2-3-4"",""2-4-1"",""2-4-3""]"
競艇道,08月12日（水）,11,1,"[""1-2-3"",""1-2-5"",""1-3-2"",""1-3-5"",""1-5-2"",""1-5-3"",""5-1-2"",""5-2-1""]"
競艇道,08月12日（水）,04,9,"[""1-2-3"",""1-3-2"",""1-3-5"",""1-5-3"",""5-1-2"",""5-1-3"",""5-2-1"",""5-3-1""]"
競艇道,08月11日（火）,02,2,"[""1-2-3"",""1-3-2"",""1-3-4"",""2-1-3"",""2-3-1"",""3-1-2"",""3-2-1"",""4-1-2""]"
競艇道,08月11日（火）,08,3,"[""1-2-4"",""1-4-2"",""4-1-2"",""4-1-3"",""4-2-1"",""4-2-3"",""4-3-1"",""4-3-2""]"
競艇道,08月11日（火）,02,1,"[""1-2-3"",""1-3-2"",""2-1-3"",""2-1-5"",""2-3-1"",""2-3-5"",""2-5-1"",""2-5-3""]"
競艇道,08月11日（火）,22,9,"[""2-3-4"",""2-4-3"",""4-1-2"",""4-1-3"",""4-2-1"",""4-2-3"",""4-3-1"",""4-3-2""]"
競艇道,08月10日（月）,06,9,"[""1-2-3"",""1-2-4"",""1-3-2"",""1-4-2"",""2-1-3"",""2-1-4"",""2-3-1"",""2-4-1""]"
競艇道,08月10日（月）,05,1,"[""1-2-3"",""1-2-5"",""1-2-6"",""1-3-2"",""1-5-2"",""1-6-2"",""6-1-2"",""6-2-1""]"
競艇道,08月10日（月）,05,1,"[""1-2-5"",""1-3-5"",""1-4-2"",""1-4-3"",""1-4-5"",""1-5-2"",""1-5-3"",""2-1-3"",""2-1-4"",""3-1-2"",""3-1-4"",""3-2-1""]"
競艇道,08月10日（月）,09,3,"[""1-2-4"",""1-2-6"",""1-4-2"",""1-6-2"",""2-1-4"",""2-1-6"",""2-4-1"",""2-6-1""]"
競艇道,08月10日（月）,06,2,"[""2-1-3"",""2-1-4"",""2-1-5"",""2-4-1"",""2-4-5"",""2-5-1"",""2-5-4"",""4-2-1""]"
競艇道,08月09日（日）,10,6,"[""2-1-3"",""2-1-4"",""2-3-1"",""2-4-1"",""4-1-2"",""4-1-3"",""4-2-1"",""4-3-1""]"
競艇道,08月09日（日）,10,7,"[""1-2-4"",""1-4-2"",""2-1-4"",""2-4-1"",""4-1-2"",""4-2-1"",""4-2-3"",""4-3-2""]"
競艇道,08月09日（日）,11,1,"[""1-2-3"",""1-3-2"",""2-1-3"",""2-1-4"",""2-3-1"",""2-4-1"",""3-1-2"",""3-2-1""]"
競艇道,08月09日（日）,06,1,"[""1-2-3"",""1-2-4"",""1-3-2"",""1-4-2"",""4-1-2"",""4-1-3"",""4-2-1"",""4-3-1""]"
競艇道,08月08日（土）,21,6,"[""2-1-3"",""2-1-5"",""2-3-1"",""2-5-1"",""5-1-2"",""5-2-1"",""5-2-3"",""5-3-2""]"
競艇道,08月08日（土）,10,7,"[""3-1-2"",""3-1-4"",""3-2-1"",""3-4-1"",""4-1-2"",""4-1-3"",""4-2-1"",""4-3-1""]"
競艇道,08月08日（土）,06,9,"[""1-2-3"",""1-3-2"",""1-3-5"",""1-5-3"",""3-1-2"",""3-1-5"",""3-2-1"",""3-5-1""]"
競艇道,08月08日（土）,04,9,"[""1-2-4"",""1-2-5"",""1-4-2"",""1-4-5"",""1-5-2"",""1-5-4"",""4-1-5"",""4-5-1""]"
競艇道,08月07日（金）,07,1,"[""1-2-3"",""1-3-2"",""3-1-2"",""3-1-4"",""3-2-1"",""3-2-4"",""3-4-1"",""3-4-2""]"
競艇道,08月07日（金）,01,2,"[""2-1-3"",""2-3-1"",""2-3-4"",""2-4-3"",""3-1-2"",""3-2-1"",""3-2-4"",""3-4-2""]"
競艇道,08月07日（金）,21,6,"[""2-1-3"",""2-1-6"",""2-3-1"",""2-3-6"",""2-6-1"",""2-6-3"",""6-1-2"",""6-2-1""]"
競艇道,08月07日（金）,02,3,"[""2-1-4"",""2-1-5"",""2-4-1"",""2-5-1"",""5-1-2"",""5-2-1"",""5-2-4"",""5-4-2""]"
競艇道,08月06日（木）,02,2,"[""1-2-3"",""1-2-4"",""1-3-2"",""1-4-2"",""4-1-2"",""4-1-3"",""4-2-1"",""4-3-1""]"
競艇道,08月06日（木）,16,3,"[""2-1-3"",""2-1-4"",""2-3-1"",""2-4-1"",""4-1-2"",""4-2-1"",""4-2-3"",""4-3-2""]"
競艇道,08月06日（木）,01,1,"[""1-2-4"",""1-4-2"",""2-1-4"",""2-4-1"",""4-1-2"",""4-2-1"",""4-2-5"",""4-5-2""]"
競艇道,08月06日（木）,19,3,"[""1-2-4"",""1-4-2"",""1-4-6"",""1-6-4"",""4-1-2"",""4-1-6"",""4-6-1"",""4-6-2""]"
競艇道,08月05日（水）,02,2,"[""1-2-4"",""1-4-2"",""4-1-2"",""4-1-3"",""4-2-1"",""4-2-3"",""4-3-1"",""4-3-2""]"
競艇道,08月05日（水）,02,3,"[""3-1-2"",""3-1-6"",""3-2-1"",""3-2-6"",""3-6-1"",""3-6-2"",""6-1-3"",""6-3-1""]"
競艇道,08月05日（水）,14,7,"[""1-4-6"",""1-6-4"",""6-1-2"",""6-1-4"",""6-2-1"",""6-2-4"",""6-4-1"",""6-4-2""]"
競艇道,08月05日（水）,16,1,"[""1-2-3"",""1-3-2"",""3-1-2"",""3-1-4"",""3-2-1"",""3-2-4"",""3-4-1"",""3-4-2""]"
競艇道,08月04日（火）,13,3,"[""1-2-3"",""1-2-4"",""1-2-5"",""1-3-2"",""1-4-2"",""1-5-2"",""1-5-3"",""1-5-4""]"
競艇道,08月04日（火）,22,1,"[""1-2-3"",""1-2-6"",""1-3-2"",""1-3-6"",""1-6-2"",""1-6-3"",""2-1-3"",""2-1-6""]"
競艇道,08月04日（火）,22,8,"[""1-2-3"",""1-2-5"",""1-3-2"",""1-3-5"",""1-5-2"",""1-5-3"",""3-1-2"",""5-1-2""]"
競艇道,08月04日（火）,02,1,"[""1-2-3"",""1-2-6"",""1-3-2"",""1-3-6"",""1-6-2"",""1-6-3"",""3-1-6"",""6-1-3""]"
競艇道,08月02日（日）,04,2,"[""1-2-3"",""2-1-3"",""2-1-4"",""2-3-1"",""2-3-4"",""2-6-1"",""2-6-3"",""3-2-4""]"
競艇道,08月02日（日）,12,4,"[""1-2-3"",""1-2-4"",""1-2-6"",""2-1-3"",""2-1-4"",""2-1-6"",""2-4-1"",""2-4-6""]"
競艇道,08月02日（日）,15,6,"[""1-2-3"",""1-3-2"",""1-3-4"",""3-1-2"",""3-1-4"",""3-2-1"",""3-2-4"",""3-4-1""]"
競艇道,08月01日（土）,21,9,"[""1-2-3"",""1-2-4"",""1-2-5"",""1-4-2"",""1-4-5"",""2-1-4"",""2-1-5"",""2-4-5""]"
競艇道,08月01日（土）,04,4,"[""1-2-3"",""1-2-4"",""1-2-5"",""2-1-3"",""2-1-4"",""2-1-5"",""3-1-2"",""3-1-4""]"
競艇道,08月01日（土）,12,5,"[""1-2-3"",""1-2-4"",""1-4-2"",""1-4-3"",""1-4-6"",""4-1-2"",""4-1-3"",""4-2-1""]"
競艇道,08月01日（土）,15,7,"[""1-2-3"",""1-2-4"",""1-3-2"",""1-3-4"",""3-1-2"",""3-1-4"",""3-4-1"",""3-4-5""]"
競艇道,07月31日（金）,23,6,"[""2-1-3"",""2-3-1"",""2-3-5"",""2-5-3"",""5-1-2"",""5-2-1"",""5-2-3"",""5-3-2""]"
競艇道,07月31日（金）,03,3,"[""3-1-2"",""3-1-6"",""3-2-1"",""3-2-6"",""3-6-1"",""3-6-2"",""6-3-1"",""6-3-2""]"
競艇道,07月31日（金）,03,1,"[""1-2-3"",""1-2-5"",""1-3-2"",""1-5-2"",""3-1-2"",""3-1-5"",""3-2-1"",""3-5-1""]"
競艇道,07月31日（金）,06,1,"[""1-2-3"",""1-2-4"",""1-3-2"",""1-4-2"",""2-1-3"",""2-1-4"",""2-3-1"",""2-4-1""]"
競艇道,07月30日（木）,04,8,"[""1-2-3"",""1-3-2"",""3-1-2"",""3-1-5"",""3-2-1"",""3-2-5"",""3-5-1"",""3-5-2""]"
競艇道,07月30日（木）,03,1,"[""1-2-3"",""1-2-5"",""1-3-2"",""1-3-5"",""1-5-2"",""1-5-3"",""2-1-3"",""2-3-1""]"
競艇道,07月30日（木）,11,3,"[""1-2-3"",""1-3-2"",""1-3-4"",""1-4-3"",""1-4-6"",""1-6-4"",""6-1-2"",""6-2-1""]"
競艇道,07月30日（木）,06,3,"[""2-1-3"",""2-1-6"",""2-3-1"",""2-6-1"",""6-1-2"",""6-1-3"",""6-2-1"",""6-3-1""]"
競艇道,07月29日（水）,10,6,"[""1-2-4"",""1-4-2"",""2-1-4"",""2-4-1"",""4-1-2"",""4-2-1"",""4-2-6"",""4-6-2""]"
競艇道,07月29日（水）,16,4,"[""1-2-3"",""1-3-2"",""1-3-4"",""1-3-6"",""1-4-3"",""1-4-6"",""1-6-3"",""1-6-4""]"
競艇道,07月29日（水）,05,1,"[""1-2-5"",""1-5-2"",""2-1-5"",""2-5-1"",""2-5-3"",""5-1-2"",""5-2-1"",""5-2-3""]"
競艇道,07月29日（水）,04,9,"[""1-2-3"",""1-3-2"",""2-1-3"",""2-1-4"",""2-3-1"",""2-3-4"",""2-4-1"",""2-4-3""]"
競艇道,07月28日（火）,21,6,"[""1-2-3"",""1-2-6"",""1-3-2"",""1-6-2"",""6-1-2"",""6-1-3"",""6-2-1"",""6-3-1""]"
競艇道,07月28日（火）,08,3,"[""2-1-3"",""2-3-1"",""3-1-2"",""3-1-4"",""3-2-1"",""3-2-4"",""3-4-1"",""3-4-2""]"
競艇道,07月28日（火）,05,1,"[""1-2-3"",""1-2-6"",""1-3-2"",""1-6-2"",""6-1-2"",""6-1-3"",""6-2-1"",""6-3-1""]"
競艇道,07月28日（火）,04,9,"[""1-2-3"",""1-3-2"",""1-3-5"",""1-5-3"",""5-1-2"",""5-1-3"",""5-2-1"",""5-3-1""]"
競艇道,07月26日（日）,10,6,"[""2-1-3"",""2-1-4"",""2-3-1"",""2-4-1"",""4-1-2"",""4-1-3"",""4-2-1"",""4-2-3""]"
競艇道,07月26日（日）,17,4,"[""1-2-5"",""1-5-2"",""2-1-3"",""2-1-5"",""2-3-1"",""2-5-1"",""5-1-2"",""5-2-1""]"
競艇道,07月26日（日）,06,9,"[""1-2-3"",""1-2-5"",""1-3-2"",""1-5-2"",""5-1-2"",""5-1-3"",""5-2-1"",""5-3-1""]"
競艇道,07月26日（日）,11,1,"[""1-2-3"",""1-3-2"",""3-1-2"",""3-1-5"",""3-2-1"",""3-2-5"",""3-5-1"",""3-5-2""]"
競艇道,07月25日（土）,02,4,"[""1-2-3"",""1-3-2"",""2-1-3"",""2-1-4"",""2-4-1"",""4-1-2"",""4-1-3"",""4-3-1""]"
競艇道,07月25日（土）,14,5,"[""1-2-3"",""1-2-4"",""1-3-2"",""1-3-4"",""1-3-5"",""3-1-2"",""3-1-4"",""3-4-1""]"
競艇道,07月25日（土）,12,4,"[""1-2-3"",""1-2-4"",""2-1-3"",""2-1-4"",""2-3-1"",""3-1-2"",""3-1-4"",""3-2-1""]"
競艇道,07月25日（土）,20,6,"[""3-1-2"",""3-1-4"",""3-1-5"",""3-1-6"",""3-5-6"",""3-6-5"",""5-3-6"",""5-6-3""]"
競艇道,07月24日（金）,13,3,"[""1-2-4"",""1-4-2"",""2-1-4"",""2-4-1"",""4-1-2"",""4-2-1"",""4-2-6"",""4-6-2""]"
競艇道,07月24日（金）,16,4,"[""2-1-3"",""2-3-1"",""3-1-2"",""3-2-1"",""6-1-2"",""6-2-1"",""6-2-3"",""6-3-2""]"
競艇道,07月24日（金）,05,1,"[""1-3-4"",""1-3-6"",""1-4-3"",""1-4-6"",""1-6-3"",""1-6-4"",""6-1-3"",""6-1-4""]"
競艇道,07月24日（金）,06,1,"[""2-1-3"",""2-1-4"",""2-3-1"",""2-3-4"",""2-4-1"",""2-4-3"",""2-4-6"",""2-6-4""]"
競艇道,07月23日（木）,18,6,"[""2-1-3"",""2-1-5"",""2-3-1"",""2-3-5"",""2-5-1"",""2-5-3"",""3-1-2"",""3-2-1""]"
競艇道,07月23日（木）,13,4,"[""2-1-3"",""2-3-1"",""2-3-6"",""3-1-2"",""3-2-1"",""3-2-6"",""3-6-1"",""3-6-2""]"
競艇道,07月23日（木）,01,1,"[""4-1-2"",""4-1-3"",""4-1-5"",""4-2-1"",""4-2-3"",""4-2-5"",""4-3-1"",""4-5-1""]"
競艇道,07月23日（木）,17,1,"[""1-2-3"",""1-2-6"",""1-3-2"",""1-3-6"",""1-6-2"",""1-6-3"",""3-1-2"",""3-2-1""]"
競艇道,07月22日（水）,05,1,"[""1-2-3"",""1-2-4"",""1-2-5"",""1-3-2"",""1-4-2"",""1-5-2"",""2-1-3"",""2-3-1""]"
競艇道,07月22日（水）,11,1,"[""1-2-3"",""1-3-2"",""1-3-4"",""1-4-3"",""3-1-4"",""3-4-1"",""4-1-3"",""4-3-1""]"
競艇道,07月22日（水）,18,6,"[""3-1-2"",""3-1-4"",""3-2-1"",""3-4-1"",""4-1-2"",""4-1-3"",""4-2-1"",""4-3-1""]"
競艇道,07月22日（水）,09,8,"[""4-1-2"",""4-1-3"",""4-1-5"",""4-2-1"",""4-2-5"",""4-3-1"",""4-5-1"",""4-5-2""]"
競艇道,07月21日（火）,10,6,"[""1-2-3"",""1-2-4"",""1-3-2"",""1-4-2"",""2-1-3"",""2-1-4"",""2-3-1"",""2-4-1""]"
競艇道,07月21日（火）,18,7,"[""2-1-3"",""2-1-4"",""2-1-6"",""2-3-1"",""2-4-1"",""2-6-1"",""6-1-2"",""6-2-1""]"
競艇道,07月21日（火）,11,1,"[""1-2-3"",""1-2-4"",""1-3-2"",""1-4-2"",""4-1-2"",""4-1-3"",""4-2-1"",""4-3-1""]"
競艇道,07月21日（火）,12,2,"[""2-1-3"",""2-1-4"",""2-1-6"",""2-3-1"",""2-4-1"",""2-4-6"",""2-6-1"",""6-4-2""]"
競艇道,07月19日（日）,05,1,"[""1-2-3"",""1-2-5"",""1-3-2"",""1-5-2"",""5-1-2"",""5-1-3"",""5-2-1"",""5-3-1""]"
競艇道,07月19日（日）,05,1,"[""1-2-3"",""1-2-4"",""1-3-2"",""1-3-4"",""1-4-2"",""1-4-3"",""2-1-3"",""2-3-1""]"
競艇道,07月19日（日）,03,4,"[""1-2-3"",""1-3-2"",""1-3-4"",""1-3-6"",""3-1-2"",""3-1-4"",""3-1-6"",""3-6-1""]"
競艇道,07月19日（日）,05,6,"[""1-2-3"",""1-3-2"",""1-3-6"",""3-1-2"",""3-1-6"",""3-6-1"",""3-6-2"",""6-1-3""]"
競艇道,07月18日（土）,23,6,"[""1-2-3"",""1-2-5"",""1-2-6"",""1-3-2"",""1-5-2"",""1-5-6"",""1-6-2"",""1-6-5""]"
競艇道,07月18日（土）,10,7,"[""2-1-3"",""2-1-4"",""2-3-1"",""2-4-1"",""4-1-2"",""4-2-1"",""4-2-3"",""4-3-2""]"
競艇道,07月18日（土）,09,1,"[""1-2-3"",""1-2-4"",""1-3-2"",""1-4-2"",""2-1-3"",""2-1-4"",""2-3-1"",""2-4-1""]"
競艇道,07月18日（土）,01,2,"[""1-3-4"",""1-3-6"",""1-4-3"",""1-4-6"",""1-6-3"",""1-6-4"",""6-1-4"",""6-4-1""]"
競艇道,07月17日（金）,02,5,"[""1-2-3"",""1-2-4"",""1-3-2"",""1-3-4"",""3-1-2"",""3-1-4"",""3-4-1"",""3-4-2""]"
競艇道,07月17日（金）,21,1,"[""1-2-3"",""1-2-4"",""2-1-3"",""2-1-4"",""3-1-2"",""3-1-4"",""3-1-5"",""3-2-4""]"
競艇道,07月17日（金）,19,4,"[""2-1-3"",""2-1-4"",""2-4-1"",""2-4-3"",""4-1-2"",""4-1-3"",""4-2-1"",""4-2-3""]"
競艇道,07月17日（金）,01,6,"[""1-2-3"",""1-2-4"",""1-2-5"",""1-2-6"",""1-4-2"",""1-4-6"",""1-6-2"",""1-6-4""]"
競艇道,07月16日（木）,21,6,"[""1-2-3"",""1-3-2"",""2-1-3"",""2-1-4"",""2-3-1"",""2-4-1"",""4-1-2"",""4-2-1""]"
競艇道,07月16日（木）,23,7,"[""2-1-3"",""2-3-1"",""2-3-4"",""2-4-3"",""4-1-2"",""4-2-1"",""4-2-3"",""4-3-2""]"
競艇道,07月16日（木）,13,1,"[""1-2-3"",""1-2-4"",""1-3-2"",""1-4-2"",""1-4-3"",""1-4-6"",""1-6-4"",""4-1-2""]"
競艇道,07月16日（木）,16,1,"[""1-2-3"",""1-2-4"",""1-3-2"",""1-4-2"",""2-1-3"",""2-1-4"",""2-4-1"",""4-1-2""]"
競艇道,07月15日（水）,21,6,"[""1-2-3"",""1-3-2"",""2-1-3"",""2-3-1"",""5-1-2"",""5-1-3"",""5-2-1"",""5-3-1""]"
競艇道,07月15日（水）,23,7,"[""2-3-4"",""2-3-6"",""2-4-3"",""2-4-6"",""2-6-4"",""4-2-3"",""4-3-2"",""4-6-2""]"
競艇道,07月15日（水）,07,1,"[""1-2-3"",""1-2-4"",""1-3-2"",""1-3-4"",""1-4-2"",""1-4-3"",""2-1-3"",""2-3-1""]"
競艇道,07月15日（水）,16,1,"[""1-2-4"",""1-2-5"",""1-4-2"",""1-5-2"",""2-1-4"",""2-1-5"",""2-4-1"",""2-5-1""]"
競艇道,07月14日（火）,21,6,"[""2-1-3"",""2-1-4"",""2-1-5"",""2-3-1"",""2-4-1"",""2-5-1"",""5-1-2"",""5-2-1""]"
競艇道,07月14日（火）,06,2,"[""1-2-3"",""1-2-5"",""1-2-6"",""1-3-2"",""1-5-2"",""1-6-2"",""6-1-2"",""6-2-1""]"
競艇道,07月14日（火）,19,1,"[""1-2-3"",""1-2-4"",""1-2-5"",""1-3-2"",""1-4-2"",""1-5-2"",""2-1-3"",""2-3-1""]"
競艇道,07月14日（火）,20,2,"[""1-2-3"",""1-3-2"",""3-1-2"",""3-1-4"",""3-2-1"",""3-2-4"",""3-4-1"",""3-4-2""]"
競艇道,07月12日（日）,11,3,"[""2-1-3"",""2-1-4"",""2-1-5"",""2-3-1"",""2-4-1"",""2-5-1"",""5-1-2"",""5-2-1""]"
競艇道,07月12日（日）,10,4,"[""1-2-3"",""1-2-4"",""1-3-2"",""1-3-4"",""1-4-2"",""1-4-3"",""3-1-2"",""3-2-1""]"
競艇道,07月12日（日）,12,1,"[""1-2-3"",""1-2-4"",""1-3-2"",""1-4-2"",""2-1-3"",""2-1-4"",""2-3-1"",""2-4-1""]"
競艇道,07月12日（日）,17,1,"[""1-2-3"",""1-3-2"",""1-3-4"",""1-4-3"",""2-1-3"",""2-1-4"",""2-3-1"",""2-4-1""]"
競艇道,07月11日（土）,02,2,"[""1-2-3"",""1-2-4"",""1-3-2"",""1-4-2"",""4-1-2"",""4-1-3"",""4-2-1"",""4-3-1""]"
競艇道,07月11日（土）,06,2,"[""2-1-3"",""2-1-4"",""2-3-1"",""2-3-4"",""2-3-5"",""2-4-1"",""2-4-3"",""2-5-3""]"
競艇道,07月11日（土）,10,1,"[""1-2-3"",""1-2-4"",""1-3-2"",""1-4-2"",""2-1-3"",""2-1-4"",""2-3-1"",""2-4-1""]"
競艇道,07月11日（土）,09,1,"[""1-2-3"",""1-2-5"",""1-3-2"",""1-5-2"",""2-1-3"",""2-1-5"",""2-3-1"",""2-5-1""]"
競艇道,07月10日（金）,23,7,"[""3-1-2"",""3-1-5"",""3-4-5"",""3-5-4"",""4-3-5"",""4-5-3"",""5-3-4"",""5-4-3""]"
競艇道,07月10日（金）,18,7,"[""1-3-4"",""1-4-3"",""3-1-4"",""3-4-1"",""4-1-2"",""4-1-3"",""4-3-1"",""4-5-1""]"
競艇道,07月10日（金）,01,2,"[""2-3-4"",""2-4-3"",""2-4-5"",""2-4-6"",""3-2-4"",""3-4-2"",""4-2-3"",""4-3-2""]"
競艇道,07月10日（金）,01,3,"[""1-6-4"",""1-6-5"",""2-5-6"",""2-6-5"",""5-2-6"",""5-6-2"",""6-2-5"",""6-5-2""]"
競艇道,07月09日（木）,23,6,"[""1-2-3"",""1-2-4"",""1-3-2"",""1-4-2"",""4-1-2"",""4-1-3"",""4-2-1"",""4-3-1""]"
競艇道,07月09日（木）,10,4,"[""1-2-3"",""1-2-4"",""1-3-2"",""1-4-2"",""3-1-2"",""3-2-1"",""3-4-1"",""4-1-2""]"
競艇道,07月09日（木）,12,1,"[""1-2-3"",""1-3-2"",""3-1-2"",""3-2-1"",""5-1-2"",""5-1-3"",""5-2-1"",""5-3-1""]"
競艇道,07月09日（木）,02,1,"[""1-2-3"",""1-2-4"",""1-3-2"",""1-3-4"",""1-4-2"",""1-4-3"",""3-4-1"",""4-3-1""]"
競艇道,07月08日（水）,15,5,"[""1-2-3"",""1-2-5"",""1-2-6"",""2-1-5"",""2-1-6"",""5-2-6"",""5-6-2"",""6-2-5""]"
競艇道,07月08日（水）,01,6,"[""1-2-3"",""1-2-4"",""1-2-5"",""1-3-2"",""1-3-5"",""1-5-2"",""1-5-3"",""1-5-4""]"
競艇道,07月08日（水）,10,4,"[""1-2-3"",""1-2-4"",""1-2-6"",""2-4-1"",""2-4-1"",""4-2-6"",""6-2-4"",""6-4-2""]"
競艇道,07月08日（水）,05,5,"[""1-2-3"",""1-2-6"",""4-3-6"",""4-6-3"",""6-3-4"",""6-4-3"",""6-5-3"",""6-5-4""]"
競艇道,07月07日（火）,05,1,"[""1-2-3"",""1-2-4"",""1-3-2"",""1-4-2"",""2-1-3"",""2-1-4"",""2-3-1"",""2-4-1""]"
競艇道,07月07日（火）,08,3,"[""1-2-3"",""1-2-4"",""2-1-3"",""2-1-4"",""2-1-5"",""2-3-1"",""2-4-1"",""2-5-1""]"
競艇道,07月07日（火）,01,1,"[""1-2-3"",""1-2-4"",""1-3-2"",""1-4-2"",""4-1-2"",""4-1-3"",""4-2-1"",""4-3-1""]"
競艇道,07月07日（火）,16,1,"[""1-2-3"",""1-2-4"",""1-2-5"",""1-3-2"",""1-4-2"",""1-5-2"",""5-1-2"",""5-2-1""]"
競艇道,07月05日（日）,07,1,"[""1-2-3"",""1-2-4"",""1-3-2"",""1-4-2"",""2-1-3"",""2-1-4"",""2-3-1"",""2-4-1""]"
競艇道,07月05日（日）,24,2,"[""1-2-3"",""1-2-5"",""1-3-2"",""2-1-3"",""2-1-5"",""2-3-1"",""2-5-1"",""5-1-2""]"
競艇道,07月05日（日）,04,1,"[""1-2-3"",""1-2-4"",""1-2-5"",""1-2-6"",""2-1-3"",""2-1-4"",""2-5-1"",""2-5-3""]"
競艇道,07月05日（日）,08,4,"[""1-3-4"",""1-3-6"",""1-6-3"",""1-6-4"",""3-1-4"",""3-1-6"",""3-6-1"",""3-6-4""]"
競艇道,07月04日（土）,04,2,"[""1-3-4"",""1-3-5"",""1-4-3"",""1-4-5"",""3-1-4"",""3-1-5"",""3-4-1"",""3-4-5""]"
競艇道,07月04日（土）,06,4,"[""1-2-3"",""1-2-4"",""1-2-5"",""1-2-6"",""2-1-3"",""2-1-4"",""2-1-5"",""2-1-6""]"
競艇道,07月04日（土）,24,2,"[""1-6-2"",""1-6-3"",""1-6-4"",""1-6-5"",""3-4-6"",""3-6-4"",""6-3-4"",""6-4-3""]"
競艇道,07月04日（土）,24,3,"[""2-1-3"",""2-1-4"",""2-1-5"",""2-1-6"",""2-3-5"",""2-4-5"",""2-5-1"",""2-6-5""]"
競艇道,07月03日（金）,21,6,"[""1-2-3"",""1-2-5"",""1-3-2"",""1-5-2"",""2-1-3"",""2-1-4"",""2-1-5"",""2-4-1""]"
競艇道,07月03日（金）,21,7,"[""1-2-3"",""1-2-4"",""1-2-5"",""1-2-6"",""1-3-2"",""1-4-2"",""1-5-2"",""1-6-2""]"
競艇道,07月03日（金）,12,1,"[""1-2-3"",""1-3-2"",""2-1-3"",""2-3-1"",""3-1-2"",""3-1-4"",""3-2-1"",""3-4-1""]"
競艇道,07月03日（金）,20,2,"[""1-2-3"",""1-3-2"",""2-1-3"",""2-1-4"",""2-3-1"",""2-4-1"",""3-1-2"",""3-2-1""]"
競艇道,07月02日（木）,01,1,"[""1-2-3"",""1-2-4"",""1-3-2"",""1-4-2"",""4-1-2"",""4-1-3"",""4-2-1"",""4-3-1""]"
競艇道,07月02日（木）,14,8,"[""1-2-3"",""1-2-4"",""1-3-2"",""1-4-2"",""4-1-2"",""4-1-5"",""4-2-1"",""4-5-1""]"
競艇道,07月02日（木）,04,2,"[""2-1-4"",""2-1-5"",""2-4-1"",""2-4-5"",""4-1-2"",""4-1-5"",""4-5-1"",""4-5-2""]"
競艇道,07月02日（木）,05,8,"[""1-2-3"",""1-2-4"",""1-4-2"",""1-4-3"",""4-1-2"",""4-1-3"",""4-2-1"",""4-2-3""]"
競艇道,07月01日（水）,23,8,"[""1-2-3"",""1-2-4"",""1-2-5"",""1-2-6"",""1-3-2"",""1-3-4"",""1-3-5"",""1-3-6""]"
競艇道,07月01日（水）,18,8,"[""1-3-2"",""1-3-4"",""1-3-5"",""1-3-6"",""1-4-2"",""1-4-3"",""1-4-5"",""1-4-6""]"
競艇道,07月01日（水）,12,3,"[""1-3-2"",""1-3-4"",""1-3-5"",""1-3-6"",""3-1-2"",""3-1-4"",""3-1-5"",""3-1-6""]"
競艇道,07月01日（水）,20,3,"[""1-3-2"",""1-3-4"",""1-3-5"",""1-3-6"",""3-1-2"",""3-1-4"",""3-1-5"",""3-1-6""]"
競艇道,06月30日（火）,13,5,"[""1-3-2"",""1-3-4"",""1-3-5"",""1-3-6"",""2-1-3"",""2-1-4"",""2-1-5"",""2-1-6""]"
競艇道,06月30日（火）,23,8,"[""1-2-3"",""1-2-4"",""1-2-5"",""1-2-6"",""1-3-2"",""1-3-4"",""1-3-5"",""1-3-6""]"
競艇道,06月30日（火）,20,3,"[""1-2-3"",""1-2-4"",""1-2-5"",""1-2-6"",""2-1-3"",""2-1-4"",""2-1-5"",""2-1-6""]"
競艇道,06月30日（火）,24,4,"[""1-3-2"",""1-3-4"",""1-3-5"",""1-3-6"",""1-6-2"",""1-6-3"",""1-6-4"",""1-6-5""]"
競艇道,06月28日（日）,16,4,"[""1-5-2"",""1-5-3"",""1-5-4"",""1-5-6"",""5-1-2"",""5-1-3"",""5-1-4"",""5-1-6""]"
競艇道,06月28日（日）,09,5,"[""1-2-3"",""1-2-4"",""1-2-5"",""1-2-6"",""2-1-3"",""2-1-4"",""2-1-5"",""2-1-6""]"
競艇道,06月28日（日）,07,3,"[""1-2-3"",""1-2-4"",""1-2-5"",""1-2-3"",""1-5-2"",""1-5-3"",""1-5-4"",""1-5-6""]"
競艇道,06月28日（日）,19,3,"[""1-4-2"",""1-4-3"",""1-4-5"",""1-4-6"",""4-1-2"",""4-1-3"",""4-1-5"",""4-1-6""]"
競艇道,06月27日（土）,16,4,"[""1-3-2"",""1-3-4"",""1-3-5"",""1-3-6"",""3-1-2"",""3-1-4"",""3-1-5"",""3-1-6""]"
競艇道,06月27日（土）,08,4,"[""1-2-3"",""1-2-4"",""1-2-5"",""1-2-6"",""2-1-3"",""2-1-4"",""2-1-5"",""2-1-6""]"
競艇道,06月27日（土）,24,3,"[""1-2-3"",""1-2-4"",""1-2-5"",""1-2-6"",""1-5-2"",""1-5-3"",""1-5-4"",""1-5-6""]"
競艇道,06月27日（土）,19,3,"[""1-3-2"",""1-3-4"",""1-3-5"",""1-3-6"",""2-3-1"",""2-3-4"",""2-3-5"",""2-3-6""]"
競艇道,06月26日（金）,07,2,"[""1-2-3"",""1-2-4"",""1-2-5"",""1-2-6"",""2-3-1"",""2-3-4"",""2-3-5"",""2-3-6""]"
競艇道,06月26日（金）,19,2,"[""1-2-3"",""1-2-4"",""1-2-5"",""1-2-6"",""1-6-2"",""1-6-3"",""1-6-4"",""1-6-5""]"
競艇道,06月26日（金）,16,4,"[""1-2-3"",""1-2-4"",""1-2-5"",""1-2-6"",""1-3-2"",""1-3-4"",""1-3-5"",""1-3-6""]"
競艇道,06月26日（金）,09,5,"[""1-2-3"",""1-2-4"",""1-2-5"",""1-2-6"",""3-1-2"",""3-1-4"",""3-1-5"",""3-1-6""]"
競艇道,06月25日（木）,16,4,"[""1-2-3"",""1-2-4"",""1-2-5"",""1-2-6"",""1-3-2"",""1-3-4"",""1-3-5"",""1-3-6""]"
競艇道,06月25日（木）,09,5,"[""1-2-3"",""1-2-4"",""1-2-5"",""1-2-6"",""1-6-2"",""1-6-3"",""1-6-4"",""1-6-5""]"
競艇道,06月25日（木）,07,2,"[""1-4-2"",""1-4-3"",""1-4-5"",""1-4-6"",""3-1-2"",""3-1-4"",""3-1-5"",""3-1-6""]"
競艇道,06月25日（木）,15,3,"[""1-2-3"",""1-2-4"",""1-2-5"",""1-2-6"",""1-3-2"",""1-3-4"",""1-3-5"",""1-3-6""]"
競艇道,06月24日（水）,10,8,"[""1-2-3"",""1-2-4"",""1-2-5"",""1-2-6"",""1-3-2"",""1-3-4"",""1-3-5"",""1-3-6""]"
競艇道,06月24日（水）,21,8,"[""1-2-3"",""1-2-4"",""1-2-5"",""1-2-6"",""1-3-2"",""1-3-4"",""1-3-5"",""1-3-6""]"
競艇道,06月24日（水）,15,3,"[""1-4-2"",""1-4-3"",""1-4-5"",""1-4-6"",""4-1-2"",""4-1-3"",""4-1-5"",""4-1-6""]"
競艇道,06月24日（水）,07,3,"[""1-2-3"",""1-2-4"",""1-2-5"",""1-2-6"",""3-5-1"",""3-5-2"",""3-5-4"",""3-5-6""]"
競艇道,06月23日（火）,16,4,"[""1-2-3"",""1-2-4"",""1-2-5"",""1-2-6"",""2-6-1"",""2-6-3"",""2-6-4"",""2-6-5""]"
競艇道,06月23日（火）,08,4,"[""1-2-3"",""1-2-4"",""1-2-5"",""1-2-6"",""1-3-2"",""1-3-4"",""1-3-5"",""1-3-6""]"
競艇道,06月23日（火）,15,4,"[""1-2-3"",""1-2-4"",""1-2-5"",""1-2-6"",""1-4-2"",""1-4-3"",""1-4-5"",""1-4-6""]"
競艇道,06月23日（火）,20,3,"[""1-2-3"",""1-2-4"",""1-2-5"",""1-2-6"",""1-5-2"",""1-5-3"",""1-5-4"",""1-5-6""]"
競艇道,06月21日（日）,11,4,"[""1-3-2"",""1-3-4"",""1-3-5"",""1-3-6"",""1-4-2"",""1-4-3"",""1-4-5"",""1-4-6""]"
競艇道,06月21日（日）,13,5,"[""1-2-3"",""1-2-4"",""1-2-5"",""1-2-6"",""1-4-2"",""1-4-3"",""1-4-5"",""1-4-6""]"
競艇道,06月21日（日）,24,4,"[""1-2-3"",""1-2-4"",""1-2-5"",""1-2-3"",""1-3-2"",""1-3-4"",""1-3-5"",""1-3-6""]"
競艇道,06月21日（日）,20,4,"[""1-2-3"",""1-2-4"",""1-2-5"",""1-2-6"",""2-1-3"",""2-1-4"",""2-1-5"",""2-1-6""]"
競艇道,06月20日（土）,13,5,"[""1-3-2"",""1-3-4"",""1-3-5"",""1-3-6"",""1-4-2"",""1-4-3"",""1-4-5"",""1-4-6""]"
競艇道,06月20日（土）,08,4,"[""1-2-3"",""1-2-4"",""1-2-5"",""1-2-6"",""1-5-2"",""1-5-3"",""1-5-4"",""1-5-6""]"
競艇道,06月20日（土）,24,3,"[""1-2-3"",""1-2-4"",""1-2-5"",""1-2-6"",""1-4-2"",""1-4-3"",""1-4-5"",""1-4-6""]"
競艇道,06月20日（土）,20,3,"[""2-1-3"",""2-1-4"",""2-1-5"",""2-1-6"",""3-2-1"",""3-2-4"",""3-2-5"",""3-2-6""]"
競艇道,06月19日（金）,13,4,"[""1-2-3"",""1-2-4"",""1-2-5"",""1-2-6"",""4-2-1"",""4-2-3"",""4-2-5"",""4-2-6""]"
競艇道,06月19日（金）,09,5,"[""1-2-3"",""1-2-4"",""1-2-5"",""1-2-6"",""1-3-2"",""1-3-4"",""1-3-5"",""1-3-6""]"
競艇道,06月19日（金）,24,2,"[""1-6-2"",""1-6-3"",""1-6-4"",""1-6-5"",""6-1-2"",""6-1-3"",""6-1-4"",""6-1-5""]"
競艇道,06月19日（金）,19,2,"[""1-3-2"",""1-3-4"",""1-3-5"",""1-3-6"",""3-1-2"",""3-1-4"",""3-1-5"",""3-1-6""]"
競艇道,06月18日（木）,24,3,"[""1-3-6"",""1-6-2"",""1-6-3"",""1-6-4"",""3-1-2"",""3-1-4"",""3-1-5"",""3-1-6""]"
競艇道,06月18日（木）,12,3,"[""3-4-5"",""3-4-6"",""3-5-4"",""3-6-4"",""4-5-3"",""4-5-6"",""4-6-3"",""4-6-5""]"
競艇道,06月18日（木）,09,4,"[""1-2-3"",""1-2-5"",""1-5-2"",""1-5-3"",""3-1-5"",""3-2-5"",""3-5-1"",""3-5-2""]"
競艇道,06月18日（木）,13,4,"[""3-4-2"",""3-4-6"",""3-6-2"",""3-6-4"",""4-3-2"",""4-3-6"",""4-6-2"",""4-6-3""]"
競艇道,06月17日（水）,13,4,"[""2-1-4"",""2-1-5"",""2-4-1"",""2-4-5"",""2-5-1"",""2-5-4"",""4-2-3"",""4-2-5""]"
競艇道,06月17日（水）,16,4,"[""1-3-2"",""1-3-4"",""1-4-2"",""1-4-3"",""3-1-2"",""3-1-4"",""3-4-1"",""3-4-2""]"
競艇道,06月17日（水）,20,3,"[""1-4-2"",""1-4-3"",""1-4-5"",""1-5-4"",""4-1-2"",""4-1-5"",""4-5-1"",""4-5-2""]"
競艇道,06月17日（水）,19,3,"[""2-3-4"",""2-3-6"",""2-4-3"",""2-4-6"",""2-6-3"",""2-6-4"",""3-2-4"",""3-4-2""]"
競艇道,06月16日（火）,08,3,"[""1-2-3"",""1-3-2"",""2-1-3"",""2-1-5"",""2-3-1"",""2-3-5"",""2-5-1"",""2-5-3""]"
競艇道,06月16日（火）,02,4,"[""1-2-5"",""1-2-6"",""1-5-2"",""1-5-6"",""1-6-2"",""1-6-5"",""2-5-6"",""2-6-5""]"
競艇道,06月16日（火）,20,3,"[""1-2-4"",""1-3-4"",""1-4-2"",""1-4-3"",""4-1-2"",""4-1-3"",""4-2-1"",""4-3-1""]"
競艇道,06月16日（火）,01,3,"[""1-3-5"",""1-5-2"",""1-5-3"",""3-1-5"",""3-4-5"",""3-5-1"",""3-5-2"",""3-5-4""]"
競艇道,06月14日（日）,22,1,"[""1-2-3"",""1-2-4"",""1-2-5"",""1-2-6"",""1-3-2"",""1-3-4"",""1-3-5"",""1-3-6""]"
競艇道,06月14日（日）,18,8,"[""1-2-3"",""1-2-4"",""1-2-5"",""1-2-6"",""1-5-2"",""1-5-3"",""1-5-4"",""1-5-6""]"
競艇道,06月14日（日）,12,2,"[""1-2-3"",""1-2-4"",""1-2-5"",""1-2-3"",""2-1-3"",""2-1-4"",""2-1-5"",""2-1-6""]"
競艇道,06月14日（日）,20,2,"[""1-5-2"",""1-5-3"",""1-5-4"",""1-5-6"",""5-1-2"",""5-1-3"",""5-1-4"",""5-1-6""]"
競艇道,06月13日（土）,02,3,"[""2-3-4"",""2-3-6"",""2-4-3"",""2-4-6"",""4-2-3"",""4-2-6"",""4-6-2"",""4-6-3""]"
競艇道,06月13日（土）,06,2,"[""1-2-3"",""1-2-5"",""1-3-2"",""1-3-5"",""1-5-2"",""1-5-3"",""2-3-1"",""2-3-5""]"
競艇道,06月13日（土）,15,3,"[""3-4-1"",""3-4-5"",""3-5-1"",""3-5-4"",""4-3-1"",""4-3-5"",""4-5-1"",""4-5-3""]"
競艇道,06月13日（土）,12,3,"[""2-3-5"",""2-3-6"",""2-5-3"",""2-5-6"",""2-6-3"",""2-6-5"",""6-2-3"",""6-2-5""]"
競艇道,06月12日（金）,08,3,"[""1-2-6"",""1-6-2"",""2-1-6"",""2-6-1"",""4-5-6"",""4-6-5"",""6-4-5"",""6-5-4""]"
競艇道,06月12日（金）,06,2,"[""2-3-1"",""2-3-6"",""2-6-1"",""2-6-3"",""3-2-6"",""3-6-2"",""6-2-3"",""6-2-4""]"
競艇道,06月12日（金）,15,3,"[""1-3-5"",""1-5-3"",""3-1-2"",""3-1-4"",""3-1-5"",""3-5-1"",""3-5-2"",""3-5-4""]"
競艇道,06月12日（金）,19,3,"[""1-2-5"",""1-3-5"",""1-5-2"",""1-5-3"",""5-1-2"",""5-1-3"",""5-2-1"",""5-2-3""]"
競艇道,06月11日（木）,05,3,"[""1-3-6"",""1-4-6"",""1-6-3"",""1-6-4"",""3-1-6"",""3-6-1"",""6-1-3"",""6-1-4""]"
競艇道,06月11日（木）,08,3,"[""1-2-3"",""1-2-6"",""1-3-2"",""1-3-6"",""2-1-3"",""2-1-6"",""2-3-1"",""2-3-6""]"
競艇道,06月11日（木）,15,2,"[""1-2-3"",""1-2-6"",""1-3-2"",""1-3-6"",""1-6-2"",""1-6-3"",""2-1-3"",""2-1-6""]"
競艇道,06月11日（木）,19,2,"[""1-2-3"",""1-2-4"",""2-1-3"",""2-1-4"",""2-3-4"",""2-4-3"",""3-2-4"",""3-4-2""]"
競艇道,06月10日（水）,15,2,"[""1-2-3"",""1-2-4"",""1-2-5"",""1-2-6"",""1-3-2"",""1-3-4"",""1-3-5"",""1-3-6""]"
競艇道,06月10日（水）,19,2,"[""1-2-3"",""1-2-4"",""1-2-5"",""1-2-6"",""2-1-3"",""2-1-4"",""2-1-5"",""2-1-6""]"
競艇道,06月10日（水）,10,7,"[""1-2-3"",""1-2-4"",""1-2-5"",""1-2-6"",""2-1-3"",""2-1-4"",""2-1-5"",""2-1-6""]"
競艇道,06月10日（水）,11,4,"[""1-2-3"",""1-2-4"",""1-2-5"",""1-2-6"",""2-3-1"",""2-3-4"",""2-3-5"",""2-3-6""]"
競艇道,06月09日（火）,05,3,"[""1-5-2"",""1-5-6"",""1-6-2"",""1-6-5"",""5-1-4"",""5-1-6"",""5-6-1"",""5-6-4""]"
競艇道,06月09日（火）,14,4,"[""2-5-6"",""2-6-5"",""5-1-2"",""5-1-6"",""5-2-1"",""5-6-1"",""5-6-2"",""6-5-1""]"
競艇道,06月09日（火）,19,3,"[""1-2-3"",""1-2-5"",""1-2-6"",""1-5-2"",""1-5-3"",""2-1-3"",""2-1-5"",""2-1-6""]"
競艇道,06月09日（火）,24,5,"[""1-3-4"",""1-3-5"",""1-5-3"",""1-5-4"",""3-1-2"",""3-1-4"",""3-1-5"",""3-1-6""]"
競艇道,06月08日（月）,09,4,"[""1-2-3"",""1-2-6"",""1-3-2"",""1-6-2"",""1-6-3"",""2-1-3"",""2-1-6"",""2-3-1""]"
競艇道,06月08日（月）,14,4,"[""1-2-3"",""1-2-4"",""1-2-5"",""1-5-2"",""1-5-3"",""1-5-4"",""2-1-3"",""2-1-5""]"
競艇道,06月07日（日）,20,3,"[""1-2-3"",""1-2-4"",""1-2-5"",""1-2-3"",""1-3-2"",""1-3-4"",""1-3-5"",""1-3-6""]"
競艇道,06月07日（日）,19,3,"[""3-1-2"",""3-1-4"",""3-1-5"",""3-1-6"",""3-2-1"",""3-2-4"",""3-2-5"",""3-2-6""]"
競艇道,06月07日（日）,16,4,"[""1-2-3"",""1-2-4"",""1-2-5"",""1-2-6"",""2-1-3"",""2-1-4"",""2-1-5"",""2-1-6""]"
競艇道,06月07日（日）,17,4,"[""1-2-3"",""1-2-4"",""1-2-5"",""1-2-6"",""1-6-2"",""1-6-3"",""1-6-4""]"
競艇道,06月06日（土）,03,2,"[""1-3-4"",""1-4-3"",""1-4-5"",""1-5-4"",""4-1-3"",""4-1-5"",""4-5-1"",""4-5-3""]"
競艇道,06月06日（土）,16,4,"[""1-2-3"",""1-3-2"",""1-3-5"",""1-3-6"",""2-1-3"",""2-1-6"",""2-3-1"",""2-3-6""]"
競艇道,06月06日（土）,19,3,"[""2-3-4"",""2-3-6"",""2-4-3"",""2-4-6"",""2-6-3"",""2-6-4"",""3-2-4"",""3-2-6""]"
競艇道,06月06日（土）,20,3,"[""1-3-4"",""1-3-6"",""1-4-3"",""1-6-3"",""3-1-4"",""3-4-1"",""4-1-3"",""4-3-1""]"
競艇道,06月05日（金）,10,7,"[""1-2-3"",""1-2-4"",""1-2-5"",""1-3-2"",""2-1-3"",""2-3-1"",""3-1-2"",""3-2-1""]"
競艇道,06月05日（金）,16,4,"[""1-2-4"",""1-2-5"",""1-4-5"",""1-5-4"",""2-1-4"",""2-1-5"",""2-4-1"",""2-4-5""]"
競艇道,06月05日（金）,15,3,"[""2-4-5"",""2-4-6"",""2-5-4"",""2-5-6"",""4-2-1"",""4-2-5"",""4-2-6"",""4-5-2""]"
競艇道,06月05日（金）,20,3,"[""1-3-4"",""1-4-3"",""3-1-4"",""3-1-5"",""3-4-1"",""3-4-5"",""3-4-6"",""3-6-4""]"
競艇道,06月04日（木）,15,2,"[""1-3-4"",""1-3-5"",""1-4-3"",""1-4-5"",""1-5-3"",""1-5-4"",""4-1-3"",""4-1-5""]"
競艇道,06月04日（木）,20,3,"[""2-3-4"",""2-3-5"",""2-4-3"",""2-4-5"",""3-4-2"",""3-4-5"",""4-3-2"",""4-3-5""]"
競艇道,06月04日（木）,03,3,"[""1-2-5"",""1-2-6"",""1-5-2"",""1-6-2"",""2-1-5"",""2-1-6"",""2-5-1"",""2-6-1""]"
競艇道,06月04日（木）,10,8,"[""1-2-5"",""1-5-2"",""1-5-3"",""1-5-4"",""5-1-2"",""5-1-3"",""5-1-4"",""5-3-1""]"
競艇道,06月03日（水）,03,3,"[""1-5-6"",""1-6-5"",""4-5-6"",""4-6-5"",""5-1-6"",""5-6-1"",""5-6-2"",""5-6-3""]"
競艇道,06月03日（水）,05,4,"[""1-2-5"",""1-3-5"",""1-5-2"",""1-5-3"",""2-1-3"",""2-1-5"",""2-3-5"",""2-5-3""]"
競艇道,06月03日（水）,15,3,"[""2-3-4"",""2-3-5"",""2-4-3"",""2-5-3"",""3-2-4"",""3-2-5"",""3-4-2"",""3-5-2""]"
競艇道,06月03日（水）,20,3,"[""1-3-5"",""1-3-6"",""1-5-3"",""1-5-6"",""1-6-3"",""1-6-5"",""3-1-5"",""3-1-6""]"
競艇道,06月02日（火）,02,3,"[""1-2-5"",""1-3-5"",""1-5-2"",""1-5-3"",""2-1-5"",""2-3-5"",""2-5-1"",""2-5-3""]"
競艇道,06月02日（火）,05,3,"[""1-5-6"",""1-6-5"",""2-5-6"",""2-6-5"",""4-6-1"",""4-6-2"",""4-6-3"",""4-6-5""]"
競艇道,06月02日（火）,15,3,"[""1-2-4"",""1-2-6"",""1-4-2"",""1-4-6"",""1-6-2"",""1-6-4"",""4-1-6"",""4-6-1""]"
競艇道,06月02日（火）,20,3,"[""1-3-4"",""1-3-6"",""1-4-3"",""1-6-3"",""1-6-4"",""4-1-3"",""4-1-6"",""4-6-1""]"
競艇道,06月01日（月）,01,3,"[""1-3-4"",""1-4-2"",""1-4-3"",""1-4-5"",""4-1-2"",""4-1-3"",""4-1-5"",""4-1-6""]"
競艇道,06月01日（月）,15,4,"[""2-1-3"",""2-3-1"",""2-3-5"",""2-3-6"",""3-1-2"",""3-2-1"",""3-2-5"",""3-2-6""]"
競艇道,06月01日（月）,02,3,"[""1-2-4"",""1-4-2"",""1-4-6"",""1-6-2"",""1-6-4"",""2-1-4"",""2-1-6"",""2-4-1""]"
競艇道,06月01日（月）,06,3,"[""1-2-6"",""1-6-2"",""2-1-6"",""2-4-6"",""2-6-1"",""2-6-4"",""6-1-2"",""6-2-1""]"
競艇道,05月31日（日）,16,4,"[""1-2-3"",""1-2-4"",""1-2-5"",""1-2-6"",""2-1-3"",""2-1-4"",""2-1-5"",""2-1-6""]"
競艇道,05月31日（日）,09,5,"[""1-2-3"",""1-2-4"",""1-2-5"",""1-2-6"",""1-4-2"",""1-4-3"",""1-4-5"",""1-4-6""]"
競艇道,05月31日（日）,01,2,"[""2-1-3"",""2-1-4"",""2-1-5"",""2-1-6"",""2-3-1"",""2-3-4"",""2-3-5"",""2-3-6""]"
競艇道,05月31日（日）,01,3,"[""1-2-3"",""1-2-4"",""1-2-5"",""1-2-6"",""5-3-1"",""5-3-2"",""5-3-4"",""5-3-6""]"
競艇道,05月30日（土）,02,3,"[""1-4-5"",""1-5-4"",""4-1-5"",""4-1-6"",""4-5-1"",""4-5-2"",""4-5-6"",""4-6-5""]"
競艇道,05月30日（土）,06,3,"[""1-2-3"",""1-2-5"",""1-3-2"",""1-3-5"",""1-5-2"",""1-5-3"",""2-1-3"",""2-1-5""]"
競艇道,05月29日（金）,01,2,"[""2-4-5"",""2-5-4"",""5-2-4"",""5-2-6"",""5-4-2"",""5-4-6"",""5-6-2"",""5-6-4""]"
競艇道,05月29日（金）,20,3,"[""1-3-4"",""1-3-5"",""1-4-3"",""1-5-3"",""3-1-4"",""3-1-5"",""3-4-1"",""3-5-1""]"
競艇道,05月29日（金）,05,3,"[""1-3-4"",""1-4-3"",""3-1-4"",""3-4-1"",""3-4-5"",""3-5-4"",""4-3-5"",""4-5-3""]"
競艇道,05月29日（金）,17,4,"[""1-2-4"",""1-2-5"",""1-4-2"",""1-5-2"",""2-1-4"",""2-1-5"",""2-4-1"",""2-5-1""]"
競艇道,05月28日（木）,05,3,"[""1-2-4"",""1-3-4"",""1-4-2"",""1-4-3"",""2-1-4"",""2-3-1"",""2-3-4"",""2-4-1""]"
競艇道,05月28日（木）,16,4,"[""1-2-4"",""1-4-2"",""1-4-5"",""1-5-4"",""2-1-4"",""2-4-1"",""4-1-2"",""4-1-5""]"
競艇道,05月28日（木）,01,2,"[""2-3-4"",""2-3-5"",""3-4-2"",""3-4-5"",""3-5-4"",""4-3-5"",""4-5-3"",""4-5-6""]"
競艇道,05月28日（木）,20,3,"[""1-3-4"",""1-3-5"",""1-4-3"",""1-4-5"",""1-5-3"",""1-5-4"",""4-5-1"",""4-5-3""]"
競艇道,05月27日（水）,06,2,"[""1-3-4"",""1-3-6"",""1-4-3"",""1-4-6"",""1-6-3"",""1-6-4"",""4-1-3"",""4-1-6""]"
競艇道,05月27日（水）,05,4,"[""1-2-4"",""1-2-6"",""1-4-2"",""1-4-6"",""1-6-2"",""1-6-3"",""1-6-4"",""1-6-5""]"
競艇道,05月27日（水）,20,3,"[""1-2-3"",""1-3-2"",""1-3-6"",""1-6-3"",""2-1-3"",""2-3-1"",""3-1-2"",""3-2-1""]"
競艇道,05月27日（水）,19,3,"[""2-3-4"",""2-3-6"",""2-4-3"",""2-6-3"",""3-4-2"",""3-4-6"",""3-6-2"",""3-6-4""]"
競艇道,05月26日（火）,05,3,"[""1-2-3"",""1-2-4"",""1-3-2"",""1-3-4"",""2-1-3"",""2-1-4"",""2-3-1"",""2-4-1""]"
競艇道,05月26日（火）,06,3,"[""1-4-5"",""1-4-6"",""1-6-4"",""1-6-5"",""4-5-1"",""4-5-6"",""4-6-1"",""4-6-5""]"
競艇道,05月26日（火）,19,2,"[""1-2-5"",""1-3-5"",""1-5-2"",""1-5-3"",""1-5-6"",""1-6-5"",""2-1-5"",""2-1-6""]"
競艇道,05月26日（火）,20,2,"[""1-5-6"",""1-6-5"",""5-1-2"",""5-1-3"",""5-1-4"",""5-1-6"",""6-1-5"",""6-5-1""]"
競艇道,05月25日（月）,02,3,"[""1-3-4"",""1-3-5"",""1-4-3"",""1-5-3"",""3-1-4"",""3-1-5"",""3-4-5"",""3-5-4""]"
競艇道,05月25日（月）,05,3,"[""1-2-3"",""1-2-5"",""1-3-2"",""1-3-5"",""1-5-2"",""1-5-3"",""2-1-3"",""2-3-1""]"
競艇道,05月25日（月）,24,3,"[""1-2-6"",""1-6-2"",""2-4-1"",""2-4-6"",""2-6-1"",""2-6-4"",""4-2-6"",""4-6-2""]"
競艇道,05月25日（月）,19,3,"[""1-3-4"",""1-3-6"",""1-4-3"",""1-4-6"",""3-1-4"",""3-1-6"",""3-4-1"",""3-4-6""]"
競艇道,05月24日（日）,08,3,"[""1-4-2"",""1-4-3"",""1-4-5"",""1-4-6"",""4-1-2"",""4-1-3"",""4-1-5"",""4-1-6""]"
競艇道,05月24日（日）,22,1,"[""1-2-3"",""1-2-4"",""1-2-5"",""1-2-6"",""1-3-2"",""1-3-4"",""1-3-5"",""1-3-6""]"
競艇道,05月24日（日）,24,3,"[""1-2-3"",""1-2-4"",""1-2-5"",""1-2-3"",""2-1-3"",""2-1-4"",""2-1-5"",""2-1-6""]"
競艇道,05月24日（日）,19,3,"[""1-2-3"",""1-2-4"",""1-2-5"",""1-2-6"",""3-1-2"",""3-1-4"",""3-1-5"",""3-1-6""]"
競艇道,05月23日（土）,02,3,"[""1-4-5"",""1-4-6"",""1-5-4"",""1-6-4"",""4-1-5"",""4-1-6"",""4-5-1"",""4-5-6""]"
競艇道,05月23日（土）,04,2,"[""1-2-3"",""1-2-5"",""1-3-2"",""1-3-5"",""2-1-3"",""2-1-5"",""2-3-1"",""2-3-5""]"
競艇道,05月23日（土）,15,3,"[""1-2-3"",""1-2-4"",""1-3-2"",""1-4-2"",""4-1-2"",""4-1-3"",""4-2-1"",""4-3-1""]"
競艇道,05月23日（土）,19,3,"[""2-3-4"",""2-3-5"",""2-4-3"",""2-4-5"",""3-2-4"",""3-2-5"",""3-4-2"",""3-4-5""]"
競艇道,05月22日（金）,03,3,"[""1-2-3"",""1-2-4"",""1-4-2"",""2-1-4"",""2-3-1"",""2-3-4"",""2-4-1"",""2-4-3""]"
競艇道,05月22日（金）,04,2,"[""1-2-3"",""1-3-2"",""1-5-3"",""2-1-3"",""2-3-1"",""2-3-5"",""2-5-1"",""2-5-3""]"
競艇道,05月22日（金）,19,2,"[""1-2-5"",""1-3-5"",""1-5-2"",""1-5-3"",""1-5-4"",""1-5-6"",""2-1-3"",""2-1-5""]"
競艇道,05月22日（金）,20,3,"[""1-2-4"",""1-2-6"",""1-4-2"",""1-4-6"",""1-6-2"",""1-6-4"",""2-1-6"",""2-6-1""]"
競艇道,05月21日（木）,23,7,"[""1-2-4"",""1-4-2"",""1-4-6"",""1-6-4"",""2-1-4"",""2-4-1"",""4-1-2"",""4-1-6""]"
競艇道,05月21日（木）,23,8,"[""1-2-3"",""1-2-6"",""1-3-2"",""1-3-6"",""1-6-2"",""1-6-3"",""3-1-6"",""3-6-1""]"
競艇道,05月21日（木）,15,3,"[""2-3-5"",""2-3-6"",""2-5-3"",""2-6-3"",""3-2-5"",""3-2-6"",""3-5-2"",""3-6-2""]"
競艇道,05月21日（木）,20,3,"[""1-2-3"",""1-3-4"",""1-3-6"",""1-4-3"",""1-4-6"",""1-6-2"",""1-6-3"",""1-6-4""]"
競艇道,05月20日（水）,04,1,"[""1-3-4"",""1-4-3"",""3-1-4"",""3-4-1"",""3-4-5"",""3-5-4"",""4-3-5"",""4-5-3""]"
競艇道,05月20日（水）,21,8,"[""1-2-3"",""1-3-6"",""1-6-2"",""1-6-3"",""2-1-6"",""2-6-1"",""6-1-2"",""6-1-3""]"
競艇道,05月20日（水）,15,3,"[""1-2-4"",""1-2-6"",""1-4-2"",""1-4-6"",""4-1-2"",""4-1-6"",""4-6-1"",""4-6-2""]"
競艇道,05月20日（水）,12,3,"[""1-2-3"",""1-2-4"",""1-2-5"",""1-3-2"",""1-3-4"",""1-3-5"",""1-4-2"",""1-4-3""]"
競艇道,05月19日（火）,10,7,"[""1-2-3"",""1-2-4"",""1-3-2"",""1-3-4"",""1-4-2"",""1-4-3"",""2-1-3"",""2-3-1""]"
競艇道,05月19日（火）,21,8,"[""1-3-4"",""1-3-6"",""1-4-3"",""1-4-6"",""4-1-3"",""4-1-6"",""4-3-1"",""4-6-1""]"
競艇道,05月19日（火）,15,4,"[""1-2-3"",""1-2-5"",""1-3-2"",""1-3-5"",""1-5-2"",""1-5-3"",""3-1-2"",""3-1-5""]"
競艇道,05月19日（火）,12,3,"[""2-3-1"",""2-3-4"",""2-4-1"",""2-4-3"",""3-2-4"",""3-4-2"",""4-2-3"",""4-3-2""]"
競艇道,05月18日（月）,10,7,"[""1-3-4"",""1-4-3"",""3-1-4"",""3-4-1"",""3-4-5"",""3-5-4"",""4-3-5"",""4-5-3""]"
競艇道,05月18日（月）,23,8,"[""1-2-3"",""1-2-4"",""1-3-2"",""1-3-4"",""1-4-2"",""1-4-3"",""2-1-3"",""2-1-4""]"
競艇道,05月18日（月）,24,3,"[""2-3-5"",""2-3-6"",""2-5-3"",""2-6-3"",""3-2-5"",""3-5-2"",""3-2-6"",""3-6-2""]"
競艇道,05月18日（月）,12,3,"[""2-4-6"",""2-6-4"",""4-2-6"",""4-6-2"",""6-1-2"",""6-1-4"",""6-2-4"",""6-4-2""]"
競艇道,05月17日（日）,16,4,"[""1-2-3"",""1-2-4"",""1-2-5"",""1-2-6"",""1-6-2"",""1-6-3"",""1-6-4"",""1-6-5""]"
競艇道,05月17日（日）,17,4,"[""1-2-3"",""1-2-4"",""1-2-5"",""1-2-6"",""1-3-2"",""1-3-4"",""1-3-5"",""1-3-6""]"
競艇道,05月17日（日）,12,2,"[""1-2-3"",""1-2-4"",""1-2-5"",""1-2-3"",""1-3-2"",""1-3-4"",""1-3-5"",""1-3-6""]"
競艇道,05月17日（日）,01,2,"[""1-2-3"",""1-2-4"",""1-2-5"",""1-2-6"",""2-1-3"",""2-1-4"",""2-1-5"",""2-1-6""]"
競艇道,05月16日（土）,10,7,"[""1-2-4"",""1-4-2"",""1-4-5"",""1-5-4"",""2-1-4"",""2-4-1"",""2-4-5"",""2-5-4""]"
競艇道,05月16日（土）,23,8,"[""2-3-5"",""2-3-6"",""2-5-3"",""2-6-3"",""3-2-5"",""3-5-2"",""5-2-3"",""5-3-2""]"
競艇道,05月16日（土）,19,2,"[""1-2-3"",""1-2-4"",""1-3-4"",""1-4-2"",""1-4-3"",""2-1-3"",""2-1-4"",""2-4-1""]"
競艇道,05月16日（土）,24,3,"[""2-3-1"",""2-3-5"",""2-5-1"",""2-5-3"",""3-2-5"",""3-5-2"",""5-2-3"",""5-3-2""]"
競艇道,05月15日（金）,21,3,"[""1-2-3"",""1-2-5"",""1-5-2"",""1-5-3"",""3-1-2"",""3-1-5"",""3-2-1"",""3-2-5""]"
競艇道,05月15日（金）,10,8,"[""2-3-1"",""2-3-5"",""2-5-1"",""2-5-3"",""3-2-5"",""3-5-2"",""5-2-3"",""5-3-2""]"
競艇道,05月15日（金）,01,2,"[""2-3-4"",""2-3-5"",""2-3-6"",""2-4-3"",""2-4-5"",""2-5-4"",""2-6-3"",""2-6-4""]"
競艇道,05月15日（金）,19,3,"[""1-2-6"",""1-6-2"",""2-1-6"",""2-6-1"",""2-6-3"",""3-1-2"",""3-2-1"",""3-2-6""]"
競艇道,05月14日（木）,10,7,"[""1-2-4"",""1-2-5"",""1-4-2"",""1-5-2"",""2-4-1"",""2-4-5"",""2-4-6"",""2-5-4""]"
競艇道,05月14日（木）,23,8,"[""4-1-2"",""4-1-3"",""4-1-5"",""4-1-6"",""4-5-1"",""4-5-2"",""4-5-3"",""4-5-6""]"
競艇道,05月14日（木）,01,2,"[""1-4-2"",""1-4-5"",""1-5-4"",""4-1-2"",""4-1-5"",""4-5-1"",""4-5-2"",""4-5-3""]"
競艇道,05月14日（木）,19,3,"[""2-1-6"",""2-4-6"",""2-6-1"",""2-6-4"",""4-2-1"",""4-2-6"",""4-6-1"",""4-6-2""]"
競艇道,05月13日（水）,21,3,"[""1-2-3"",""1-2-5"",""1-3-2"",""1-3-5"",""2-1-3"",""2-1-5"",""2-3-1"",""2-3-5""]"
競艇道,05月13日（水）,18,8,"[""1-3-5"",""1-5-2"",""1-5-3"",""1-5-4"",""3-1-2"",""3-1-4"",""3-1-5"",""3-5-1""]"
競艇道,05月13日（水）,18,8,"[""1-3-5"",""1-5-2"",""1-5-3"",""1-5-4"",""3-1-2"",""3-1-4"",""3-1-5"",""3-5-1""]"
競艇道,05月13日（水）,19,3,"[""2-4-1"",""2-4-5"",""2-5-1"",""2-5-4"",""4-2-5"",""4-5-2"",""5-2-4"",""5-4-2""]"
競艇道,05月13日（水）,01,4,"[""1-4-2"",""1-4-5"",""4-1-2"",""4-1-3"",""4-1-5"",""4-1-6"",""4-5-1"",""4-5-2""]"
競艇道,05月12日（火）,19,3,"[""1-2-3"",""1-2-5"",""1-3-2"",""1-3-5"",""2-1-3"",""2-1-5"",""2-3-1"",""2-5-1""]"
競艇道,05月12日（火）,18,7,"[""1-3-4"",""1-3-6"",""1-4-3"",""1-4-6"",""1-6-3"",""1-6-4"",""3-1-4"",""3-1-6""]"
競艇道,05月12日（火）,10,8,"[""1-4-2"",""1-4-3"",""1-4-5"",""1-4-6"",""4-1-2"",""4-1-3"",""4-1-5"",""4-1-6""]"
競艇道,05月10日（日）,16,4,"[""1-2-3"",""1-2-4"",""1-2-5"",""1-2-6"",""2-1-3"",""2-1-4"",""2-1-5"",""2-1-6""]"
競艇道,05月10日（日）,17,4,"[""1-5-2"",""1-5-3"",""1-5-4"",""1-5-6"",""5-1-2"",""5-1-3"",""5-1-4"",""5-1-6""]"
競艇道,05月10日（日）,24,3,"[""1-2-3"",""1-2-4"",""1-2-5"",""1-2-3"",""1-3-2"",""1-3-4"",""1-3-5"",""1-3-6""]"
競艇道,05月10日（日）,15,3,"[""1-3-2"",""1-3-4"",""1-3-5"",""1-3-6"",""3-1-2"",""3-1-4"",""3-1-5"",""3-1-6""]"
競艇道,05月09日（土）,10,7,"[""1-2-5"",""1-5-2"",""1-5-6"",""1-6-5"",""2-1-5"",""2-5-1"",""2-5-6"",""2-6-5""]"
競艇道,05月09日（土）,02,4,"[""2-4-5"",""2-4-6"",""2-6-1"",""2-6-3"",""2-6-4"",""4-5-1"",""4-5-6"",""4-6-5""]"
競艇道,05月09日（土）,15,2,"[""1-3-4"",""1-3-5"",""1-4-3"",""1-4-5"",""1-5-3"",""1-5-4"",""3-1-4"",""3-1-5""]"
競艇道,05月09日（土）,19,2,"[""1-2-5"",""1-3-2"",""1-3-5"",""1-5-2"",""1-5-3"",""2-1-3"",""2-1-5"",""2-5-1""]"
競艇道,05月08日（金）,10,7,"[""2-3-5"",""2-3-6"",""2-5-3"",""2-6-3"",""3-2-5"",""3-2-6"",""3-5-2"",""3-6-2""]"
競艇道,05月08日（金）,23,8,"[""1-3-2"",""1-3-5"",""2-3-5"",""2-5-3"",""3-2-5"",""3-5-2"",""5-2-3"",""5-3-2""]"
競艇道,05月08日（金）,24,2,"[""1-2-4"",""1-2-6"",""1-4-2"",""1-4-6"",""1-6-2"",""1-6-4"",""4-1-2"",""4-1-6""]"
競艇道,05月08日（金）,15,3,"[""1-2-4"",""1-4-2"",""1-4-5"",""2-1-4"",""2-4-1"",""4-1-2"",""4-1-5"",""4-2-1""]"
競艇道,05月07日（木）,23,7,"[""2-3-4"",""2-3-6"",""2-4-3"",""2-4-6"",""4-2-6"",""4-3-6"",""4-6-2"",""4-6-3""]"
競艇道,05月07日（木）,15,2,"[""1-2-3"",""1-2-4"",""1-3-2"",""1-4-2"",""2-1-3"",""2-1-4"",""2-3-1"",""2-4-1""]"
競艇道,05月07日（木）,19,2,"[""1-2-3"",""1-2-5"",""1-3-2"",""1-3-5"",""1-5-2"",""1-5-3"",""2-1-3"",""2-3-1""]"
競艇道,05月06日（水）,12,2,"[""1-2-3"",""1-2-4"",""1-3-4"",""1-4-2"",""1-4-3"",""4-1-2"",""4-1-3"",""4-1-5""]"
競艇道,05月06日（水）,07,3,"[""3-4-5"",""3-5-4"",""3-5-6"",""3-6-5"",""4-5-6"",""4-6-5"",""5-4-6"",""5-6-4""]"
競艇道,05月06日（水）,03,2,"[""1-2-3"",""1-3-2"",""2-3-4"",""2-4-3"",""3-2-4"",""3-4-2"",""4-2-3"",""4-3-2""]"
競艇道,05月06日（水）,02,3,"[""2-3-5"",""2-5-3"",""3-2-5"",""3-4-5"",""3-5-2"",""3-5-4"",""5-2-3"",""5-3-2""]"
競艇道,05月05日（火）,05,2,"[""1-2-3"",""1-2-6"",""1-3-2"",""1-3-6"",""1-6-2"",""1-6-3"",""2-1-3"",""2-1-6""]"
競艇道,05月05日（火）,04,1,"[""1-3-4"",""1-4-3"",""1-4-6"",""1-6-4"",""3-1-4"",""3-1-6"",""3-4-1"",""3-4-6""]"
競艇道,05月05日（火）,20,2,"[""1-2-3"",""1-2-5"",""1-3-2"",""1-3-5"",""1-5-2"",""1-5-3"",""2-1-3"",""2-1-5""]"
競艇道,05月05日（火）,12,2,"[""2-1-3"",""2-1-4"",""2-3-1"",""2-3-4"",""2-4-1"",""2-4-3"",""3-1-2"",""3-2-1""]"
競艇道,05月04日（月）,09,4,"[""1-5-2"",""1-5-3"",""1-5-4"",""1-5-6"",""1-6-2"",""1-6-3"",""1-6-4"",""1-6-5""]"
競艇道,05月04日（月）,13,4,"[""2-5-1"",""2-5-3"",""2-5-4"",""2-5-6"",""5-4-1"",""5-4-2"",""5-4-3"",""5-4-6""]"
競艇道,05月04日（月）,07,2,"[""1-2-3"",""1-2-4"",""1-2-5"",""3-1-2"",""3-1-4"",""3-1-5"",""1-3-6""]"
競艇道,05月04日（月）,12,2,"[""2-1-3"",""2-1-4"",""2-1-5"",""2-1-6"",""2-3-1"",""2-3-4"",""2-3-5"",""2-3-6""]"
競艇道,05月03日（日）,13,4,"[""1-2-5"",""1-4-5"",""1-5-2"",""1-5-4"",""2-1-5"",""2-5-1"",""4-1-5"",""4-5-1""]"
競艇道,05月03日（日）,05,3,"[""1-2-6"",""1-4-6"",""1-6-2"",""1-6-4"",""6-1-2"",""6-1-4"",""6-2-1"",""6-4-1""]"
競艇道,05月03日（日）,12,2,"[""1-2-6"",""1-4-6"",""1-6-2"",""1-6-4"",""6-1-2"",""6-1-4"",""6-2-1"",""6-4-1""]"
競艇道,05月03日（日）,15,3,"[""1-3-4"",""1-3-6"",""1-6-3"",""1-6-4"",""6-1-3"",""6-1-4"",""6-3-4"",""6-4-3""]"
競艇道,05月02日（土）,10,7,"[""1-2-4"",""1-2-5"",""1-4-5"",""1-5-4"",""4-1-5"",""4-5-1"",""5-1-4"",""5-4-1""]"
競艇道,05月02日（土）,21,8,"[""1-2-3"",""1-3-2"",""1-3-4"",""1-4-3"",""3-1-4"",""3-4-1"",""4-1-3"",""4-3-1""]"
競艇道,05月02日（土）,12,2,"[""2-3-5"",""2-3-6"",""2-5-3"",""2-6-3"",""3-2-5"",""3-2-6"",""3-5-2"",""3-6-2""]"
競艇道,05月02日（土）,20,3,"[""1-2-3"",""1-2-5"",""1-3-2"",""1-3-5"",""2-1-3"",""2-3-1"",""3-1-2"",""3-2-1""]"
競艇道,05月01日（金）,02,3,"[""2-3-4"",""2-3-6"",""2-4-3"",""2-4-6"",""4-2-3"",""4-2-6"",""4-3-2"",""4-3-6""]"
競艇道,05月01日（金）,09,4,"[""1-2-3"",""1-2-6"",""1-3-2"",""1-3-6"",""1-6-2"",""2-1-3"",""2-3-1"",""2-6-1""]"
競艇道,05月01日（金）,12,2,"[""1-2-5"",""1-3-5"",""1-5-2"",""1-5-3"",""2-1-3"",""2-1-5"",""2-3-1"",""2-3-5""]"
競艇道,05月01日（金）,24,3,"[""1-2-4"",""1-4-2"",""1-4-5"",""2-1-4"",""2-4-1"",""4-1-2"",""4-1-5"",""4-5-1""]"
競艇道,04月30日（木）,15,2,"[""1-3-4"",""1-3-6"",""1-4-3"",""1-4-6"",""3-1-4"",""3-4-1"",""4-1-3"",""4-3-1""]"
競艇道,04月30日（木）,19,2,"[""1-2-3"",""2-1-3"",""2-3-1"",""2-3-4"",""2-4-1"",""2-4-3"",""3-2-4"",""3-4-2""]"
競艇道,04月30日（木）,11,3,"[""1-2-5"",""1-5-2"",""2-3-5"",""2-5-3"",""3-2-5"",""3-5-2"",""5-2-3"",""5-3-2""]"
競艇道,04月30日（木）,13,4,"[""1-2-5"",""1-2-6"",""1-5-2"",""1-5-3"",""1-5-6"",""2-1-5"",""2-1-6"",""2-5-1""]"
競艇道,04月29日（水）,23,7,"[""3-4-1"",""3-4-5"",""3-5-4"",""4-3-1"",""4-3-5"",""4-5-3"",""5-3-4"",""5-4-3""]"
競艇道,04月29日（水）,10,7,"[""2-3-6"",""2-4-3"",""2-4-6"",""2-6-3"",""2-6-4"",""3-2-6"",""3-6-2"",""3-6-4""]"
競艇道,04月29日（水）,24,2,"[""1-3-4"",""1-3-5"",""1-5-3"",""1-5-4"",""3-1-4"",""3-1-5"",""3-4-1"",""3-5-1""]"
競艇道,04月29日（水）,15,2,"[""1-2-3"",""1-3-2"",""2-1-3"",""2-1-6"",""2-3-1"",""2-6-1"",""3-1-2"",""3-2-1""]"
競艇道,04月28日（火）,11,3,"[""1-2-4"",""1-4-2"",""1-4-5"",""1-5-4"",""2-1-4"",""2-4-1"",""4-1-2"",""4-2-1""]"
競艇道,04月28日（火）,04,3,"[""1-2-3"",""1-2-5"",""1-3-2"",""1-3-5"",""1-5-2"",""1-5-3"",""3-1-5"",""3-5-1""]"
競艇道,04月28日（火）,19,2,"[""1-3-4"",""1-3-6"",""1-4-3"",""1-4-6"",""3-1-4"",""3-1-6"",""3-4-1"",""3-4-6""]"
競艇道,04月28日（火）,07,2,"[""1-2-3"",""1-2-5"",""1-3-2"",""1-3-5"",""2-1-3"",""2-3-1"",""2-3-5"",""2-5-3""]"
競艇道,04月26日（日）,13,2,"[""1-4-6"",""1-6-4"",""4-1-6"",""4-6-1"",""6-1-2"",""6-1-3"",""6-1-4"",""6-1-5"",""6-4-1"",""6-4-2"",""6-4-3"",""6-4-5""]"
競艇道,04月26日（日）,16,3,"[""1-2-3"",""1-2-4"",""1-2-5"",""1-2-6"",""2-1-3"",""2-1-4"",""2-1-5"",""2-1-6""]"
競艇道,04月26日（日）,13,4,"[""1-3-2"",""1-3-4"",""1-3-5"",""1-3-6"",""3-1-2"",""3-1-4"",""3-1-5"",""3-1-6""]"
競艇道,04月26日（日）,07,2,"[""1-2-3"",""1-2-4"",""1-2-5"",""1-2-6"",""3-1-2"",""3-1-4"",""3-1-5"",""3-1-5""]"
競艇道,04月26日（日）,12,2,"[""1-2-3"",""1-2-4"",""1-2-5"",""1-2-6"",""2-1-3"",""2-1-4"",""2-1-5"",""2-1-6""]"
競艇道,04月25日（土）,16,3,"[""1-2-5"",""1-5-2"",""1-5-3"",""1-5-6"",""2-1-5"",""2-3-5"",""2-5-1"",""2-5-3""]"
競艇道,04月25日（土）,17,3,"[""1-4-5"",""1-5-4"",""2-4-5"",""2-5-4"",""4-2-5"",""4-5-2"",""5-2-4"",""5-4-2""]"
競艇道,04月25日（土）,07,2,"[""1-2-5"",""1-3-5"",""1-5-2"",""1-5-3"",""2-3-1"",""2-3-4"",""2-4-3"",""2-4-5""]"
競艇道,04月25日（土）,20,2,"[""2-3-4"",""2-3-5"",""2-4-3"",""2-4-5"",""2-5-3"",""2-5-4"",""4-2-3"",""4-3-2""]"
競艇道,04月24日（金）,01,2,"[""1-2-5"",""1-2-6"",""2-5-6"",""2-6-5"",""5-2-6"",""5-6-2"",""6-2-5"",""6-5-2""]"
競艇道,04月24日（金）,12,2,"[""1-2-3"",""1-3-2"",""1-3-4"",""1-4-3"",""2-1-3"",""2-3-1"",""2-3-4"",""2-3-6""]"
競艇道,04月24日（金）,11,3,"[""1-2-6"",""1-6-2"",""2-1-3"",""2-1-4"",""2-1-6"",""2-6-1"",""2-6-3"",""2-6-4""]"
競艇道,04月24日（金）,17,3,"[""2-1-3"",""2-1-5"",""2-3-5"",""2-5-1"",""2-5-3"",""5-1-2"",""5-2-1"",""5-2-3""]"
競艇道,04月23日（木）,11,3,"[""1-2-4"",""1-4-2"",""1-4-6"",""1-6-4"",""4-1-2"",""4-1-6"",""4-2-1"",""4-6-1""]"
競艇道,04月23日（木）,21,7,"[""1-2-4"",""1-2-5"",""1-4-2"",""1-4-5"",""4-1-2"",""4-1-5"",""4-5-1"",""4-5-2""]"
競艇道,04月23日（木）,24,2,"[""1-2-3"",""1-3-2"",""1-3-4"",""1-4-3"",""3-1-4"",""3-4-1"",""4-1-3"",""4-3-1""]"
競艇道,04月23日（木）,01,2,"[""2-3-4"",""2-3-6"",""2-4-3"",""2-6-3"",""3-2-4"",""3-2-6"",""3-4-2"",""3-6-2""]"
競艇道,04月22日（水）,02,3,"[""3-4-5"",""3-4-6"",""3-5-4"",""4-3-5"",""4-3-6"",""4-5-3"",""5-3-4"",""5-4-3""]"
競艇道,04月22日（水）,13,4,"[""1-2-4"",""1-2-6"",""1-4-6"",""1-6-4"",""4-1-2"",""4-1-6"",""4-2-1"",""4-6-1""]"
競艇道,04月22日（水）,15,2,"[""1-2-3"",""1-2-4"",""1-2-5"",""1-2-6"",""1-4-2"",""1-4-3"",""1-4-5"",""1-4-6""]"
競艇道,04月22日（水）,24,2,"[""1-2-3"",""1-3-2"",""1-3-5"",""1-5-3"",""2-1-3"",""2-3-1"",""3-1-2"",""3-2-1""]"
競艇道,04月21日（火）,15,2,"[""1-2-3"",""1-2-4"",""1-3-2"",""1-4-2"",""2-1-3"",""2-3-1"",""3-1-2"",""3-2-1""]"
競艇道,04月21日（火）,20,2,"[""1-3-2"",""1-3-4"",""1-3-5"",""1-3-6"",""3-1-2"",""3-1-4"",""3-1-5"",""3-1-6""]"
競艇道,04月21日（火）,03,2,"[""2-1-3"",""2-1-4"",""2-3-4"",""2-4-3"",""3-1-2"",""3-1-4"",""3-2-4"",""3-4-2""]"
競艇道,04月21日（火）,02,3,"[""2-3-4"",""2-3-6"",""3-2-4"",""3-2-6"",""3-4-2"",""3-4-6"",""3-6-2"",""3-6-4""]"
競艇道,04月19日（日）,13,3,"[""1-2-3"",""1-2-4"",""1-2-5"",""1-2-6"",""2-1-3"",""2-1-4"",""2-1-5"",""2-1-6""]"
競艇道,04月19日（日）,11,3,"[""1-3-2"",""1-3-4"",""1-3-5"",""1-3-6"",""2-1-3"",""2-1-4"",""2-1-5"",""2-1-6""]"
競艇道,04月19日（日）,15,2,"[""2-1-3"",""2-1-4"",""2-1-5"",""2-1-6"",""5-1-2"",""5-1-3"",""5-1-4"",""5-1-6""]"
競艇道,04月19日（日）,24,2,"[""1-4-2"",""1-4-3"",""1-4-5"",""1-4-6"",""4-1-2"",""4-1-3"",""4-1-5"",""4-1-6""]"
競艇道,04月18日（土）,15,2,"[""1-3-4"",""1-3-6"",""1-4-3"",""1-4-6"",""3-1-4"",""3-4-1"",""3-4-6"",""4-1-3""]"
競艇道,04月18日（土）,24,2,"[""1-2-3"",""1-2-4"",""1-3-2"",""1-3-4"",""1-4-2"",""1-4-3"",""1-4-5"",""1-5-4""]"
競艇道,04月18日（土）,04,2,"[""1-2-3"",""1-2-6"",""1-3-2"",""2-1-3"",""2-1-6"",""2-3-1"",""3-1-2"",""3-2-1""]"
競艇道,04月18日（土）,23,9,"[""1-2-4"",""1-2-6"",""1-4-6"",""1-6-4"",""4-1-6"",""4-6-1"",""6-1-4"",""6-4-1""]"
競艇道,04月17日（金）,04,2,"[""2-1-3"",""2-1-6"",""2-3-6"",""2-6-3"",""3-1-2"",""3-2-1"",""3-2-6"",""3-6-2""]"
競艇道,04月17日（金）,02,3,"[""1-2-3"",""1-2-6"",""1-6-2"",""1-6-3"",""1-6-4"",""2-1-3"",""2-1-6"",""2-6-1""]"
競艇道,04月17日（金）,15,2,"[""2-5-1"",""2-5-3"",""2-5-4"",""2-5-6"",""5-2-1"",""5-2-3"",""5-2-4"",""5-2-6""]"
競艇道,04月17日（金）,19,2,"[""2-3-4"",""2-3-5"",""2-4-3"",""2-4-5"",""2-5-3"",""2-5-4"",""3-2-4"",""3-2-5""]"
競艇道,04月16日（木）,08,2,"[""1-2-3"",""1-3-2"",""1-3-5"",""1-5-3"",""3-1-2"",""3-1-5"",""3-1-6"",""3-5-1""]"
競艇道,04月16日（木）,05,3,"[""1-2-3"",""1-2-4"",""1-2-5"",""1-2-6"",""2-1-3"",""2-1-4"",""2-1-5"",""2-1-6""]"
競艇道,04月16日（木）,15,2,"[""1-4-2"",""1-4-3"",""1-4-5"",""1-4-6"",""4-1-2"",""4-1-3"",""4-1-5"",""4-1-6""]"
競艇道,04月16日（木）,19,2,"[""1-3-2"",""1-3-4"",""1-3-5"",""1-3-6"",""3-1-4"",""3-4-1"",""4-1-3"",""4-3-1""]"
競艇道,04月15日（水）,10,6,"[""1-2-3"",""1-2-4"",""1-2-5"",""1-2-6"",""5-6-1"",""5-6-2"",""5-6-3"",""5-6-4""]"
競艇道,04月15日（水）,05,3,"[""1-2-3"",""1-2-4"",""1-2-5"",""1-2-6"",""1-4-2"",""1-4-3"",""1-4-5"",""1-4-6""]"
競艇道,04月15日（水）,19,2,"[""1-2-3"",""1-2-4"",""1-2-5"",""1-2-6"",""4-6-1"",""4-6-2"",""4-6-3"",""4-6-5""]"
競艇道,04月15日（水）,07,3,"[""1-2-3"",""1-2-4"",""1-2-5"",""1-2-6"",""1-4-2"",""1-4-3"",""1-4-5"",""1-4-6""]"
競艇道,04月14日（火）,11,3,"[""1-2-6"",""1-6-2"",""1-6-3"",""2-1-6"",""2-6-1"",""6-1-2"",""6-1-3"",""6-1-4""]"
競艇道,04月14日（火）,05,3,"[""1-2-3"",""1-2-4"",""1-2-5"",""1-2-6"",""2-1-3"",""2-1-4"",""2-1-5"",""2-1-6""]"
競艇道,04月14日（火）,19,2,"[""1-2-3"",""1-2-6"",""1-3-2"",""2-1-3"",""2-1-6"",""2-3-1"",""3-1-2"",""3-2-1""]"
競艇道,04月14日（火）,01,2,"[""2-3-5"",""2-3-6"",""2-5-3"",""2-6-3"",""3-2-5"",""3-2-6"",""3-5-2"",""3-6-2""]"
競艇道,04月12日（日）,24,2,"[""1-2-3"",""1-2-4"",""1-2-5"",""1-2-6"",""1-3-2"",""1-3-4"",""1-3-5"",""1-3-6""]"
競艇道,04月12日（日）,20,2,"[""1-6-2"",""1-6-3"",""1-6-4"",""1-6-5"",""2-4-1"",""2-4-3"",""2-4-5"",""2-4-6""]"
競艇道,04月12日（日）,10,6,"[""3-1-4"",""3-1-4"",""3-1-5"",""3-1-6"",""3-2-1"",""3-2-4"",""3-2-5"",""3-2-6""]"
競艇道,04月12日（日）,11,3,"[""1-2-3"",""1-2-4"",""1-2-5"",""1-2-6"",""3-1-2"",""3-1-4"",""3-1-5"",""3-1-6""]"
競艇道,04月11日（土）,09,3,"[""1-3-4"",""1-4-2"",""1-4-3"",""3-1-4"",""3-4-1"",""4-1-2"",""4-1-3"",""4-3-1""]"
競艇道,04月11日（土）,11,3,"[""2-1-3"",""2-1-5"",""2-5-1"",""5-1-2"",""5-1-3"",""5-1-6"",""5-6-1"",""5-6-2""]"
競艇道,04月11日（土）,24,2,"[""1-2-3"",""1-3-2"",""2-1-3"",""2-3-1"",""2-3-4"",""2-4-3"",""3-2-4"",""3-4-2""]"
競艇道,04月11日（土）,20,2,"[""1-2-6"",""1-3-6"",""1-6-2"",""1-6-3"",""2-1-6"",""2-6-1"",""6-1-2"",""6-1-3""]"
競艇道,04月10日（金）,11,3,"[""2-1-5"",""2-1-6"",""2-3-5"",""2-3-6"",""2-5-1"",""2-5-6"",""2-6-1"",""2-6-5""]"
競艇道,04月10日（金）,14,1,"[""1-2-4"",""1-2-5"",""1-3-4"",""1-3-5"",""1-4-2"",""1-4-3"",""1-4-5"",""1-5-2""]"
競艇道,04月10日（金）,12,2,"[""1-2-3"",""1-2-4"",""1-3-4"",""1-4-3"",""3-1-4"",""3-4-1"",""4-1-3"",""4-3-1""]"
競艇道,04月10日（金）,20,2,"[""1-2-3"",""2-1-3"",""2-3-1"",""2-3-4"",""2-4-1"",""2-4-3"",""4-2-3"",""4-3-2""]"
競艇道,04月09日（木）,09,3,"[""2-1-3"",""2-1-4"",""2-3-4"",""2-4-1"",""2-4-3"",""3-2-4"",""3-4-2"",""4-2-3""]"
競艇道,04月09日（木）,03,2,"[""1-2-3"",""1-2-5"",""1-3-2"",""1-3-5"",""1-5-2"",""1-5-3"",""3-1-2"",""3-2-1""]"
競艇道,04月09日（木）,20,2,"[""1-3-4"",""1-4-3"",""1-4-5"",""1-5-4"",""4-1-3"",""4-1-5"",""4-3-1"",""4-5-1""]"
競艇道,04月09日（木）,24,2,"[""1-2-6"",""1-3-6"",""1-6-2"",""1-6-3"",""2-1-6"",""2-6-1"",""3-1-6"",""3-6-1""]"
競艇道,04月08日（水）,08,2,"[""1-2-3"",""1-3-2"",""1-3-5"",""1-5-3"",""3-1-2"",""3-1-5"",""3-2-1"",""3-5-1""]"
競艇道,04月08日（水）,03,2,"[""1-4-5"",""1-4-6"",""4-1-5"",""4-1-6"",""4-5-1"",""4-5-6"",""4-6-1"",""4-6-5""]"
競艇道,04月08日（水）,20,2,"[""2-3-4"",""2-3-6"",""2-4-3"",""2-6-3"",""3-2-4"",""3-2-6"",""3-4-2"",""3-6-2""]"
競艇道,04月08日（水）,24,2,"[""1-3-5"",""1-5-3"",""1-5-6"",""1-6-5"",""5-1-3"",""5-1-6"",""5-3-1"",""5-6-1""]"
競艇道,04月07日（火）,06,1,"[""1-2-4"",""1-2-5"",""1-4-2"",""1-5-2"",""2-1-4"",""2-1-5"",""2-4-1"",""2-5-1""]"
競艇道,04月07日（火）,03,2,"[""2-3-4"",""2-3-5"",""2-4-3"",""2-4-5"",""2-5-3"",""2-5-4"",""4-2-3"",""4-3-2""]"
競艇道,04月07日（火）,20,2,"[""1-2-3"",""1-3-2"",""1-3-4"",""1-4-3"",""3-1-2"",""3-1-4"",""3-2-1"",""3-4-1""]"
競艇道,04月07日（火）,07,2,"[""1-2-4"",""1-3-4"",""1-4-2"",""1-4-3"",""1-4-6"",""4-1-3"",""4-1-6"",""4-6-1""]"
