舟遊記,10月03日（土）,06,4,"[""1-2-4"",""1-2-5"",""1-4-2"",""1-4-5"",""1-5-2"",""1-5-4""]"
舟遊記,10月02日（金）,06,4,"[""1-2-3"",""1-2-6"",""1-3-2"",""1-3-6"",""1-6-2"",""1-6-3""]"
舟遊記,10月01日（木）,22,4,"[""1-2-3"",""1-2-4"",""1-2-6"",""1-6-2"",""1-6-3"",""2-1-3"",""2-1-4"",""2-1-6""]"
舟遊記,09月30日（水）,17,6,"[""1-3-4"",""1-3-5"",""1-3-6"",""1-4-3"",""1-4-5"",""1-4-6""]"
舟遊記,09月29日（火）,09,5,"[""1-2-3"",""1-2-5"",""1-3-2"",""1-3-4"",""1-3-5"",""1-5-3""]"
舟遊記,09月28日（月）,11,5,"[""1-2-3"",""1-2-4"",""1-2-6"",""2-1-3"",""2-1-4"",""2-1-6""]"
舟遊記,09月27日（日）,06,4,"[""1-3-4"",""1-3-6"",""1-4-3"",""1-4-6"",""1-6-3"",""1-6-4""]"
舟遊記,09月26日（土）,08,4,"[""1-2-3"",""1-3-2"",""1-3-4"",""1-3-5"",""1-5-2"",""1-5-3""]"
舟遊記,09月25日（金）,17,6,"[""1-2-3"",""1-3-2"",""1-3-5"",""1-3-6"",""1-5-3"",""1-6-3""]"
舟遊記,09月24日（木）,17,6,"[""1-2-5"",""1-3-5"",""1-4-5"",""1-5-2"",""1-5-3"",""1-5-4""]"
舟遊記,09月23日（水）,22,1,"[""1-2-3"",""1-3-2"",""1-3-4"",""1-3-5"",""1-4-3"",""1-5-3""]"
舟遊記,09月22日（火）,06,4,"[""1-2-3"",""1-2-4"",""1-3-2"",""1-3-4"",""1-4-2"",""1-4-3""]"
舟遊記,09月21日（月）,09,5,"[""1-2-3"",""1-2-5"",""1-3-2"",""1-3-5"",""1-5-2"",""1-5-3""]"
舟遊記,09月20日（日）,09,5,"[""1-2-3"",""1-2-4"",""1-3-2"",""1-3-4"",""1-4-2"",""1-4-3""]"
舟遊記,09月19日（土）,06,4,"[""1-3-2"",""1-3-5"",""1-3-6"",""1-6-2"",""1-6-3"",""1-6-5""]"
舟遊記,09月18日（金）,09,5,"[""1-2-3"",""1-2-4"",""1-2-5"",""1-3-2"",""1-3-4"",""1-3-5""]"
舟遊記,09月17日（木）,09,5,"[""1-2-3"",""1-2-4"",""1-2-5"",""2-1-3"",""2-1-4"",""2-1-5""]"
舟遊記,09月16日（水）,22,1,"[""1-2-3"",""1-2-4"",""1-2-6"",""1-3-2"",""1-3-4"",""1-4-2""]"
舟遊記,09月15日（火）,22,1,"[""1-3-4"",""1-3-5"",""1-4-3"",""1-4-5"",""1-5-3"",""1-5-4""]"
舟遊記,09月13日（日）,22,2,"[""1-2-4"",""1-4-2"",""2-1-4"",""2-1-5"",""2-4-1"",""2-4-5""]"
舟遊記,09月12日（土）,13,6,"[""1-2-3"",""1-3-2"",""1-3-4"",""3-1-2"",""3-1-4"",""3-4-1""]"
舟遊記,09月11日（金）,22,1,"[""1-3-4"",""1-3-5"",""1-4-3"",""1-4-5"",""1-5-3"",""1-5-4""]"
舟遊記,09月10日（木）,06,4,"[""1-3-4"",""1-3-5"",""1-4-3"",""1-4-5""]"
舟遊記,09月09日（水）,09,5,"[""1-2-3"",""1-2-5"",""1-3-2"",""1-3-5"",""1-5-2"",""1-5-3""]"
舟遊記,09月08日（火）,17,4,"[""1-2-3"",""1-2-5"",""1-2-6"",""1-3-2"",""1-3-5"",""1-3-6""]"
舟遊記,09月07日（月）,09,5,"[""1-3-2"",""1-3-4"",""1-3-5"",""1-4-3"",""1-4-5"",""1-5-4""]"
舟遊記,09月06日（日）,17,4,"[""1-2-3"",""1-2-4"",""1-4-2"",""1-4-3"",""2-1-3"",""2-1-4""]"
舟遊記,09月05日（土）,17,4,"[""1-3-2"",""1-3-4"",""1-3-5"",""3-1-2"",""3-1-4"",""3-1-5""]"
舟遊記,09月04日（金）,17,4,"[""1-3-5"",""1-3-6"",""1-5-3"",""1-5-6"",""1-6-3"",""1-6-5""]"
舟遊記,09月03日（木）,11,5,"[""1-2-3"",""1-2-4"",""1-2-5"",""2-1-3"",""2-1-4"",""2-1-5""]"
舟遊記,09月02日（水）,22,1,"[""1-2-3"",""1-2-4"",""1-3-2"",""1-3-4"",""1-4-2"",""1-4-3""]"
舟遊記,09月01日（火）,13,6,"[""1-2-3"",""1-2-4"",""1-3-2"",""1-3-4""]"
舟遊記,08月31日（月）,13,6,"[""1-3-4"",""1-3-5"",""1-3-6"",""3-1-4"",""3-1-5"",""3-1-6""]"
舟遊記,08月30日（日）,11,5,"[""1-2-3"",""1-2-4"",""1-2-5"",""1-3-2"",""2-1-3"",""2-1-4""]"
舟遊記,08月29日（土）,06,4,"[""1-2-3"",""1-2-4"",""1-3-2"",""1-3-4"",""1-3-5"",""1-4-3""]"
舟遊記,08月28日（金）,09,5,"[""1-2-3"",""1-2-4"",""1-2-5"",""1-3-2"",""1-4-2"",""1-5-2""]"
舟遊記,08月27日（木）,09,5,"[""1-2-3"",""1-2-4"",""1-3-2"",""1-3-4"",""1-4-2"",""1-4-3""]"
舟遊記,08月26日（水）,09,5,"[""1-2-3"",""1-2-4"",""1-2-5"",""1-5-2"",""1-5-3"",""1-5-6""]"
舟遊記,08月25日（火）,09,5,"[""1-2-3"",""1-2-5"",""1-3-2"",""1-3-5"",""1-5-2"",""1-5-3""]"
舟遊記,08月24日（月）,09,5,"[""1-2-3"",""1-2-4"",""1-2-6"",""1-3-2"",""1-3-4"",""1-3-6""]"
舟遊記,08月23日（日）,09,5,"[""1-2-3"",""1-2-5"",""1-2-6"",""1-3-2"",""1-3-5"",""1-3-6""]"
舟遊記,08月22日（土）,17,5,"[""1-3-2"",""1-3-4"",""1-3-5"",""1-3-6"",""1-5-2"",""1-5-3""]"
舟遊記,08月21日（金）,17,5,"[""1-2-3"",""1-2-5"",""1-3-2"",""1-3-5"",""1-5-2"",""1-5-3""]"
舟遊記,08月20日（木）,11,5,"[""1-2-3"",""1-2-4"",""1-2-6"",""2-1-3"",""2-1-4"",""2-1-6""]"
舟遊記,08月19日（水）,09,5,"[""1-3-2"",""1-3-4"",""1-3-6"",""1-4-2"",""1-4-3"",""1-4-6""]"
舟遊記,08月18日（火）,11,5,"[""1-2-3"",""1-2-4"",""1-3-2"",""1-4-2"",""2-1-3"",""2-1-4""]"
舟遊記,08月17日（月）,09,5,"[""1-2-4"",""1-2-5"",""1-4-2"",""1-4-5"",""1-5-2"",""1-5-4""]"
舟遊記,08月16日（日）,17,5,"[""1-2-3"",""1-2-4"",""1-2-6"",""1-3-2"",""1-3-4"",""1-3-6""]"
舟遊記,08月15日（土）,09,5,"[""1-3-2"",""1-3-4"",""1-3-6"",""1-4-2"",""1-4-3"",""1-4-6"",""1-6-3"",""1-6-4""]"
舟遊記,08月14日（金）,09,5,"[""1-2-3"",""1-2-4"",""1-2-6"",""1-3-2"",""1-3-4"",""1-3-6"",""1-6-2"",""1-6-3""]"
舟遊記,08月13日（木）,17,5,"[""1-2-3"",""1-2-5"",""1-3-2"",""1-3-5"",""1-3-6"",""1-5-2"",""1-5-3"",""1-5-6""]"
舟遊記,08月12日（水）,17,5,"[""1-2-3"",""1-2-4"",""1-2-6"",""1-3-2"",""1-3-4"",""1-3-6""]"
舟遊記,08月11日（火）,08,4,"[""1-2-5"",""1-3-5"",""1-4-5"",""1-5-2"",""1-5-3"",""1-5-4""]"
舟遊記,08月10日（月）,09,5,"[""1-2-3"",""1-2-4"",""1-3-2"",""1-3-4"",""1-4-2"",""1-4-3""]"
舟遊記,08月09日（日）,09,5,"[""1-2-3"",""1-2-5"",""1-3-2"",""1-3-5"",""1-5-2"",""1-5-3""]"
舟遊記,08月08日（土）,09,5,"[""1-2-3"",""1-2-4"",""1-2-5"",""1-2-6"",""1-4-2"",""1-5-2""]"
舟遊記,08月07日（金）,09,5,"[""1-2-3"",""1-2-4"",""1-3-2"",""1-3-4"",""1-4-2"",""1-4-3""]"
舟遊記,08月06日（木）,09,5,"[""1-2-3"",""1-2-4"",""1-2-6"",""1-3-2"",""1-4-2"",""1-6-2""]"
舟遊記,08月05日（水）,13,6,"[""1-2-3"",""1-2-5"",""1-3-2"",""1-3-5"",""1-5-2"",""1-5-3"",""3-1-5"",""3-5-1""]"
舟遊記,08月04日（火）,08,5,"[""1-3-5"",""1-3-6"",""1-5-3"",""1-5-6"",""1-6-3"",""1-6-5""]"
舟遊記,08月03日（月）,08,4,"[""1-2-3"",""1-2-5"",""1-5-2"",""1-5-3"",""2-1-3"",""2-1-5""]"
舟遊記,08月02日（日）,13,6,"[""1-3-2"",""1-3-4"",""1-3-6"",""1-4-2"",""1-4-3"",""1-4-6""]"
舟遊記,08月01日（土）,22,1,"[""1-2-3"",""1-2-4"",""1-2-5"",""1-3-2"",""1-3-4"",""1-4-3"",""1-2-3"",""1-2-3"",""1-2-3"",""1-2-3"",""1-2-3"",""1-2-3""]"
舟遊記,07月31日（金）,09,5,"[""1-2-3"",""1-2-4"",""1-3-2"",""1-3-4"",""1-4-2"",""1-4-3""]"
舟遊記,07月30日（木）,09,5,"[""1-2-3"",""1-2-4"",""1-3-2"",""1-3-4"",""1-4-2"",""1-4-3""]"
舟遊記,07月29日（水）,09,5,"[""1-2-3"",""1-2-5"",""1-3-2"",""1-5-2"",""2-1-3"",""2-1-5""]"
舟遊記,07月28日（火）,16,5,"[""1-2-3"",""1-2-5"",""1-2-6"",""1-3-2"",""1-3-5"",""1-3-6""]"
舟遊記,07月27日（月）,08,5,"[""1-2-3"",""1-2-5"",""1-2-6"",""1-3-2"",""1-5-2"",""1-6-2""]"
舟遊記,07月26日（日）,08,5,"[""1-2-3"",""1-2-4"",""1-2-5"",""1-2-6"",""1-6-2"",""2-1-4"",""2-1-6""]"
舟遊記,07月25日（土）,17,5,"[""1-2-4"",""1-2-5"",""1-4-2"",""1-4-5"",""4-1-2"",""4-1-5""]"
舟遊記,07月24日（金）,17,5,"[""1-3-4"",""1-3-5"",""1-4-3"",""1-4-5"",""1-5-3"",""1-5-4""]"
舟遊記,07月23日（木）,17,5,"[""1-2-3"",""1-2-4"",""1-3-2"",""1-3-4"",""1-4-2"",""1-4-3""]"
舟遊記,07月22日（水）,09,5,"[""1-2-3"",""1-2-4"",""1-3-2"",""1-3-4"",""1-4-2"",""1-4-3""]"
舟遊記,07月21日（火）,11,5,"[""1-2-3"",""1-2-4"",""1-2-5"",""1-3-2"",""1-3-4"",""1-4-2"",""1-4-3"",""1-5-2""]"
舟遊記,07月20日（月）,08,4,"[""1-3-2"",""1-3-4"",""1-3-5"",""1-3-6"",""1-5-3"",""1-6-3"",""3-1-5"",""3-1-6""]"
舟遊記,07月19日（日）,17,5,"[""1-2-3"",""1-3-2"",""1-3-4"",""1-3-6"",""1-4-3"",""1-6-3""]"
舟遊記,07月18日（土）,17,5,"[""1-3-2"",""1-3-4"",""1-4-2"",""1-4-3"",""1-4-5"",""1-4-6""]"
舟遊記,07月17日（金）,16,5,"[""1-2-3"",""1-2-6"",""1-3-2"",""1-3-6"",""1-6-2"",""1-6-3""]"
舟遊記,07月16日（木）,17,5,"[""1-2-4"",""1-3-2"",""1-3-4"",""1-4-2"",""1-4-3"",""1-4-5""]"
舟遊記,07月15日（水）,11,5,"[""1-2-3"",""1-2-4"",""1-2-5"",""1-2-6"",""1-3-2"",""1-4-2""]"
舟遊記,07月14日（火）,11,5,"[""1-2-3"",""1-2-4"",""1-3-2"",""1-3-4"",""2-1-3"",""2-1-4""]"
舟遊記,07月13日（月）,17,5,"[""1-2-3"",""1-2-4"",""1-3-2"",""1-3-4"",""1-4-2"",""1-4-3""]"
舟遊記,07月12日（日）,17,5,"[""1-2-3"",""1-2-4"",""1-3-4"",""1-4-2"",""1-4-3"",""4-1-2""]"
舟遊記,07月11日（土）,06,4,"[""1-2-3"",""1-2-5"",""1-3-2"",""1-3-5"",""1-5-2"",""1-5-3""]"
舟遊記,07月10日（金）,11,5,"[""1-2-3"",""1-2-4"",""1-2-5"",""1-2-6"",""1-3-2"",""2-1-3""]"
舟遊記,07月09日（木）,17,5,"[""1-2-3"",""1-2-4"",""1-3-2"",""1-3-4"",""1-4-2"",""1-4-3""]"
舟遊記,07月08日（水）,14,1,"[""1-2-3"",""1-2-4"",""1-2-6"",""1-3-2"",""1-3-4"",""1-3-6""]"
舟遊記,07月07日（火）,08,5,"[""1-2-3"",""1-2-5"",""1-3-2"",""1-3-5"",""1-5-2"",""1-5-3""]"
舟遊記,07月06日（月）,17,5,"[""1-2-3"",""1-2-4"",""1-3-2"",""1-3-4"",""1-4-2"",""1-4-3""]"
舟遊記,07月05日（日）,17,5,"[""1-2-3"",""1-2-4"",""1-3-2"",""1-3-4"",""1-3-6"",""1-4-3""]"
舟遊記,07月04日（土）,09,5,"[""1-2-3"",""1-2-4"",""1-2-5"",""1-3-2"",""1-3-4"",""1-4-2""]"
舟遊記,07月03日（金）,09,5,"[""1-2-3"",""1-2-4"",""1-3-2"",""1-3-4"",""1-4-2"",""1-4-3""]"
舟遊記,07月02日（木）,17,5,"[""1-2-3"",""1-2-4"",""1-3-2"",""1-3-4"",""1-4-2"",""1-4-3""]"
舟遊記,07月01日（水）,13,6,"[""1-2-3"",""1-2-4"",""1-3-2"",""1-3-4"",""1-4-2"",""1-4-3""]"
舟遊記,06月30日（火）,13,6,"[""1-2-3"",""1-3-2"",""1-3-4"",""1-3-6"",""1-4-3"",""1-6-3""]"
舟遊記,06月29日（月）,08,5,"[""1-2-3"",""1-2-4"",""1-3-2"",""1-3-4"",""1-4-2""]"
舟遊記,06月28日（日）,09,5,"[""1-2-3"",""1-2-4"",""1-2-5"",""1-3-2"",""1-4-2"",""1-5-2""]"
舟遊記,06月27日（土）,14,1,"[""1-2-3"",""1-2-4"",""1-2-6"",""1-4-2"",""1-4-3"",""1-4-6""]"
舟遊記,06月26日（金）,16,4,"[""1-2-3"",""1-2-5"",""1-3-2"",""1-3-5"",""1-5-2"",""1-5-3""]"
舟遊記,06月25日（木）,09,5,"[""1-2-3"",""1-2-4"",""1-2-6"",""2-1-3"",""2-1-4"",""2-1-6""]"
舟遊記,06月24日（水）,09,5,"[""1-2-3"",""1-2-4"",""1-3-2"",""1-3-4"",""1-3-5""]"
舟遊記,06月23日（火）,11,5,"[""1-2-3"",""1-2-5"",""1-3-2"",""2-1-3"",""2-1-5""]"
舟遊記,06月22日（月）,11,5,"[""1-2-3"",""1-2-5"",""1-3-2"",""1-5-2"",""2-1-3""]"
舟遊記,06月21日（日）,14,1,"[""1-2-3"",""1-3-2"",""1-3-2"",""1-3-5"",""1-4-3"",""1-5-3""]"
舟遊記,06月20日（土）,06,4,"[""1-2-3"",""1-2-4"",""1-2-6"",""1-3-2"",""1-6-2""]"
舟遊記,06月19日（金）,14,2,"[""1-2-3"",""1-2-5"",""1-3-2"",""1-3-5"",""1-5-2"",""1-5-3""]"
舟遊記,06月18日（木）,09,5,"[""1-2-3"",""1-2-4"",""1-2-6"",""1-3-2"",""1-3-6""]"
舟遊記,06月17日（水）,17,5,"[""1-2-3"",""1-2-4"",""1-2-5"",""1-4-2"",""1-4-3"",""1-4-5""]"
舟遊記,06月16日（火）,17,5,"[""1-2-3"",""1-2-4"",""1-3-2"",""1-4-2""]"
舟遊記,06月15日（月）,17,5,"[""1-2-3"",""1-2-4"",""1-3-2"",""1-3-4"",""1-4-2""]"
舟遊記,06月14日（日）,17,5,"[""1-2-3"",""1-2-4"",""1-2-6"",""1-3-2"",""1-4-2""]"
舟遊記,06月13日（土）,11,4,"[""1-2-3"",""1-2-5"",""1-3-2"",""1-3-5"",""1-5-2""]"
舟遊記,06月12日（金）,11,5,"[""1-2-3"",""1-2-4"",""1-2-5"",""1-3-2"",""1-4-2"",""1-5-2""]"
舟遊記,06月11日（木）,11,5,"[""1-2-4"",""1-2-5"",""1-2-6"",""1-4-2"",""2-1-4"",""2-1-6""]"
舟遊記,06月10日（水）,05,8,"[""1-2-3"",""1-3-2"",""1-3-4"",""1-3-5"",""1-3-6""]"
舟遊記,06月09日（火）,21,9,"[""1-3-4"",""1-3-5"",""1-4-3"",""1-4-5"",""1-5-3"",""1-5-4""]"
舟遊記,06月08日（月）,09,5,"[""1-2-3"",""1-2-4"",""1-4-2"",""1-4-3""]"
舟遊記,06月07日（日）,17,5,"[""1-2-3"",""1-3-2"",""1-3-4"",""1-4-2"",""1-4-3""]"
舟遊記,06月06日（土）,17,5,"[""1-2-3"",""1-2-4"",""1-3-4"",""1-4-2"",""1-4-3""]"
舟遊記,06月05日（金）,16,5,"[""1-2-3"",""1-2-4"",""1-3-2"",""1-3-4"",""1-4-2"",""1-4-3""]"
舟遊記,06月04日（木）,17,5,"[""1-2-3"",""1-3-2"",""1-3-4"",""1-4-2"",""1-4-3""]"
舟遊記,06月03日（水）,17,5,"[""1-2-3"",""1-2-4"",""1-3-2"",""1-3-4"",""1-4-3""]"
舟遊記,06月02日（火）,08,4,"[""1-2-3"",""1-3-2"",""1-3-4"",""1-4-2"",""1-4-3""]"
舟遊記,06月01日（月）,09,5,"[""1-2-3"",""1-2-4"",""1-3-2"",""1-3-4""]"
舟遊記,05月31日（日）,16,5,"[""1-2-3"",""1-2-4"",""1-2-6"",""1-4-2"",""1-6-2""]"
舟遊記,05月30日（土）,16,5,"[""1-2-3"",""1-2-4"",""1-3-2"",""1-3-4"",""1-4-2"",""1-4-3""]"
舟遊記,05月29日（金）,17,5,"[""1-2-3"",""1-3-2"",""1-3-4"",""1-4-2"",""1-4-3""]"
舟遊記,05月28日（木）,17,5,"[""1-2-3"",""1-2-4"",""1-3-2"",""1-3-4"",""1-4-2"",""1-4-3""]"
舟遊記,05月27日（水）,17,5,"[""1-2-3"",""1-2-4"",""1-2-5"",""1-3-2"",""1-4-2""]"
舟遊記,05月26日（火）,17,5,"[""1-2-3"",""1-2-4"",""1-3-2"",""1-3-4"",""1-4-2"",""1-4-3""]"
舟遊記,05月25日（月）,09,5,"[""1-2-3"",""1-2-4"",""1-2-6"",""1-4-2"",""1-4-3""]"
舟遊記,05月24日（日）,09,6,"[""1-2-3"",""1-2-4"",""1-2-5"",""2-1-3"",""2-1-4"",""2-1-5""]"
舟遊記,05月23日（土）,14,1,"[""1-2-3"",""1-2-4"",""1-3-2"",""1-3-4"",""1-4-3""]"
舟遊記,05月21日（木）,09,5,"[""1-2-3"",""1-2-4"",""1-3-2"",""1-3-4"",""1-4-2"",""1-4-3""]"
舟遊記,05月20日（水）,09,5,"[""1-3-2"",""1-3-4"",""1-3-5"",""1-4-3"",""1-5-3""]"
舟遊記,05月19日（火）,21,8,"[""1-3-4"",""1-4-2"",""1-4-3"",""1-4-6"",""1-6-4""]"
舟遊記,05月18日（月）,17,5,"[""1-2-3"",""1-2-4"",""1-2-6"",""1-3-2"",""1-4-2""]"
舟遊記,05月17日（日）,17,5,"[""1-2-3"",""1-2-4"",""1-3-2"",""1-3-4"",""1-4-3""]"
舟遊記,05月16日（土）,17,5,"[""1-2-3"",""1-2-4"",""1-3-2"",""1-3-4"",""1-4-3""]"
舟遊記,05月15日（金）,17,5,"[""1-2-3"",""1-2-4"",""1-2-5"",""1-4-2"",""1-5-2""]"
舟遊記,05月14日（木）,17,5,"[""1-2-3"",""1-2-4"",""1-3-2"",""1-3-4"",""1-4-2"",""1-4-3""]"
舟遊記,05月13日（水）,11,5,"[""1-2-3"",""1-2-4"",""1-2-6"",""1-3-2"",""1-3-4"",""1-4-2""]"
舟遊記,05月12日（火）,11,5,"[""1-2-4"",""1-2-5"",""1-4-2"",""1-4-5"",""1-5-2"",""1-5-4""]"
舟遊記,05月11日（月）,11,5,"[""1-2-3"",""1-2-4"",""1-2-5"",""1-2-6"",""1-4-2""]"
舟遊記,05月10日（日）,11,5,"[""1-2-3"",""1-2-4"",""1-2-6"",""1-3-2"",""1-4-2""]"
舟遊記,05月09日（土）,17,5,"[""1-3-2"",""1-3-4"",""1-3-5"",""1-3-6"",""1-4-2"",""1-4-3"",""1-4-5"",""1-4-6""]"
舟遊記,05月08日（金）,14,1,"[""1-3-2"",""1-3-4"",""1-3-5"",""1-4-2"",""1-4-3"",""1-4-5""]"
舟遊記,05月07日（木）,14,1,"[""1-2-4"",""1-3-2"",""1-3-4"",""1-4-2"",""1-4-3""]"
舟遊記,05月06日（水）,21,9,"[""1-2-3"",""1-2-4"",""1-2-5"",""1-4-2"",""1-4-5""]"
舟遊記,05月05日（火）,08,5,"[""1-3-4"",""1-3-6"",""1-4-2"",""1-4-3"",""1-4-6""]"
舟遊記,05月04日（月）,09,5,"[""1-2-3"",""1-2-6"",""1-3-2"",""1-3-6"",""1-6-2"",""1-6-3""]"
舟遊記,05月03日（日）,08,5,"[""1-2-4"",""1-2-5"",""1-4-2"",""1-4-5"",""1-5-2""]"
舟遊記,05月02日（土）,09,5,"[""1-3-4"",""1-3-5"",""1-4-3"",""1-4-5"",""1-5-3"",""1-5-4""]"
舟遊記,05月01日（金）,14,1,"[""1-2-3"",""1-2-4"",""1-2-5"",""1-3-2"",""1-3-4""]"
舟遊記,04月30日（木）,09,5,"[""1-2-3"",""1-2-5"",""1-3-2"",""1-3-5"",""1-5-3""]"
舟遊記,04月29日（水）,16,5,"[""1-3-4"",""1-4-2"",""1-4-3"",""1-4-5"",""1-5-4""]"
舟遊記,04月28日（火）,16,5,"[""1-2-4"",""1-3-2"",""1-3-4"",""1-4-2"",""1-4-3""]"
舟遊記,04月27日（月）,17,5,"[""1-2-3"",""1-2-4"",""1-3-4"",""1-4-2"",""1-4-3""]"
舟遊記,04月26日（日）,17,5,"[""1-3-2"",""1-3-4"",""1-3-5"",""1-5-2"",""1-5-3"",""1-5-4""]"
舟遊記,04月25日（土）,06,4,"[""1-2-3"",""1-3-2"",""1-3-5"",""1-3-6"",""1-5-3"",""1-6-3""]"
舟遊記,04月24日（金）,11,5,"[""1-2-3"",""1-2-4"",""1-2-6"",""2-1-3"",""2-1-4""]"
舟遊記,04月23日（木）,11,5,"[""1-2-3"",""1-2-4"",""1-2-5"",""1-3-2"",""1-4-2""]"
舟遊記,04月22日（水）,13,6,"[""1-2-3"",""1-2-4"",""1-3-2"",""1-3-4"",""1-3-5""]"
舟遊記,04月21日（火）,06,3,"[""1-3-5"",""1-3-6"",""1-5-3"",""1-5-6"",""1-6-3""]"
舟遊記,04月20日（月）,06,4,"[""1-2-3"",""1-2-4"",""1-2-6"",""1-4-2"",""1-4-3""]"
